Trial,Team,Wins,Losses,Ties,RunsAllowed,RunsScored,WinPct,Seed
1,SOUTH COAST CREAM X.,2,0,0,12,24,1.0,1
1,Houston Bandits 9u,2,0,0,21,26,1.0,2
1,LC Legends,1,1,0,15,20,0.5,3
1,Banditos 9U Texas,1,1,0,15,15,0.5,4
1,Katy Bombers 9U,1,1,0,20,16,0.5,5
1,Lamar Elite - 9U - Red,1,1,0,21,22,0.5,6
1,Texans,1,1,0,23,18,0.5,7
1,Texas Elite Lobos - Gold,0,2,0,24,16,0.0,8
1,Marucci Elite Texas - Holden,0,2,0,31,25,0.0,9
2,SOUTH COAST CREAM X.,2,0,0,12,24,1.0,1
2,Lamar Elite - 9U - Red,2,0,0,16,24,1.0,2
2,Texans,2,0,0,17,31,1.0,3
2,Banditos 9U Texas,1,1,0,18,19,0.5,4
2,Katy Bombers 9U,1,1,0,20,16,0.5,5
2,Houston Bandits 9u,0,1,1,17,15,0.25,6
2,Marucci Elite Texas - Holden,0,1,1,23,17,0.25,7
2,Texas Elite Lobos - Gold,0,2,0,24,16,0.0,8
2,LC Legends,0,2,0,25,10,0.0,9
3,SOUTH COAST CREAM X.,2,0,0,12,24,1.0,1
3,Lamar Elite - 9U - Red,2,0,0,21,25,1.0,2
3,LC Legends,1,1,0,14,16,0.5,3
3,Banditos 9U Texas,1,1,0,15,17,0.5,4
3,Katy Bombers 9U,1,1,0,20,16,0.5,5
3,Texans,1,1,0,21,17,0.5,6
3,Marucci Elite Texas - Holden,1,1,0,22,25,0.5,7
3,Texas Elite Lobos - Gold,0,2,0,24,16,0.0,8
3,Houston Bandits 9u,0,2,0,27,20,0.0,9
4,Banditos 9U Texas,2,0,0,9,27,1.0,1
4,Lamar Elite - 9U - Red,2,0,0,9,16,1.0,2
4,SOUTH COAST CREAM X.,2,0,0,12,24,1.0,3
4,LC Legends,1,1,0,17,14,0.5,4
4,Marucci Elite Texas - Holden,1,1,0,20,23,0.5,5
4,Katy Bombers 9U,1,1,0,20,16,0.5,6
4,Houston Bandits 9u,0,2,0,22,12,0.0,7
4,Texas Elite Lobos - Gold,0,2,0,24,16,0.0,8
4,Texans,0,2,0,29,14,0.0,9
5,SOUTH COAST CREAM X.,2,0,0,12,24,1.0,1
5,Houston Bandits 9u,2,0,0,19,25,1.0,2
5,Texans,1,0,1,17,23,0.75,3
5,Lamar Elite - 9U - Red,1,1,0,15,16,0.5,4
5,Banditos 9U Texas,1,1,0,16,14,0.5,5
5,Katy Bombers 9U,1,1,0,20,16,0.5,6
5,LC Legends,0,1,1,19,15,0.25,7
5,Texas Elite Lobos - Gold,0,2,0,24,16,0.0,8
5,Marucci Elite Texas - Holden,0,2,0,26,19,0.0,9
6,SOUTH COAST CREAM X.,2,0,0,12,24,1.0,1
6,Marucci Elite Texas - Holden,2,0,0,15,20,1.0,2
6,Banditos 9U Texas,1,0,1,13,17,0.75,3
6,LC Legends,1,1,0,12,13,0.5,4
6,Houston Bandits 9u,1,1,0,19,18,0.5,5
6,Katy Bombers 9U,1,1,0,20,16,0.5,6
6,Texans,0,1,1,18,13,0.25,7
6,Lamar Elite - 9U - Red,0,2,0,24,20,0.0,8
6,Texas Elite Lobos - Gold,0,2,0,24,16,0.0,9
7,SOUTH COAST CREAM X.,2,0,0,12,24,1.0,1
7,Houston Bandits 9u,2,0,0,15,24,1.0,2
7,LC Legends,1,1,0,16,18,0.5,3
7,Banditos 9U Texas,1,1,0,18,13,0.5,4
7,Texans,1,1,0,19,22,0.5,5
7,Katy Bombers 9U,1,1,0,20,16,0.5,6
7,Marucci Elite Texas - Holden,1,1,0,23,19,0.5,7
7,Lamar Elite - 9U - Red,0,2,0,22,17,0.0,8
7,Texas Elite Lobos - Gold,0,2,0,24,16,0.0,9
8,Banditos 9U Texas,2,0,0,11,16,1.0,1
8,SOUTH COAST CREAM X.,2,0,0,12,24,1.0,2
8,Houston Bandits 9u,1,1,0,17,22,0.5,3
8,Texans,1,1,0,17,17,0.5,4
8,Katy Bombers 9U,1,1,0,20,16,0.5,5
8,Lamar Elite - 9U - Red,1,1,0,21,18,0.5,6
8,Marucci Elite Texas - Holden,1,1,0,22,20,0.5,7
8,LC Legends,0,2,0,18,13,0.0,8
8,Texas Elite Lobos - Gold,0,2,0,24,16,0.0,9
9,SOUTH COAST CREAM X.,2,0,0,12,24,1.0,1
9,Banditos 9U Texas,1,1,0,13,15,0.5,2
9,Houston Bandits 9u,1,1,0,20,21,0.5,3
9,Lamar Elite - 9U - Red,1,1,0,20,20,0.5,4
9,Katy Bombers 9U,1,1,0,20,16,0.5,5
9,LC Legends,1,1,0,21,19,0.5,6
9,Texans,1,1,0,22,22,0.5,7
9,Marucci Elite Texas - Holden,1,1,0,23,22,0.5,8
9,Texas Elite Lobos - Gold,0,2,0,24,16,0.0,9
10,SOUTH COAST CREAM X.,2,0,0,12,24,1.0,1
10,Banditos 9U Texas,1,1,0,13,13,0.5,2
10,Texans,1,1,0,15,18,0.5,3
10,LC Legends,1,1,0,17,14,0.5,4
10,Marucci Elite Texas - Holden,1,1,0,19,20,0.5,5
10,Houston Bandits 9u,1,1,0,19,18,0.5,6
10,Katy Bombers 9U,1,1,0,20,16,0.5,7
10,Lamar Elite - 9U - Red,1,1,0,21,21,0.5,8
10,Texas Elite Lobos - Gold,0,2,0,24,16,0.0,9
11,SOUTH COAST CREAM X.,2,0,0,12,24,1.0,1
11,Houston Bandits 9u,2,0,0,14,22,1.0,2
11,Texans,2,0,0,17,19,1.0,3
11,Banditos 9U Texas,1,1,0,12,15,0.5,4
11,Katy Bombers 9U,1,1,0,20,16,0.5,5
11,Marucci Elite Texas - Holden,0,1,1,19,18,0.25,6
11,Lamar Elite - 9U - Red,0,1,1,23,16,0.25,7
11,LC Legends,0,2,0,19,14,0.0,8
11,Texas Elite Lobos - Gold,0,2,0,24,16,0.0,9
12,SOUTH COAST CREAM X.,2,0,0,12,24,1.0,1
12,LC Legends,1,1,0,12,14,0.5,2
12,Marucci Elite Texas - Holden,1,1,0,13,17,0.5,3
12,Houston Bandits 9u,1,1,0,16,17,0.5,4
12,Lamar Elite - 9U - Red,1,1,0,16,11,0.5,5
12,Banditos 9U Texas,1,1,0,17,17,0.5,6
12,Texans,1,1,0,19,17,0.5,7
12,Katy Bombers 9U,1,1,0,20,16,0.5,8
12,Texas Elite Lobos - Gold,0,2,0,24,16,0.0,9
13,SOUTH COAST CREAM X.,2,0,0,12,24,1.0,1
13,Banditos 9U Texas,1,1,0,13,12,0.5,2
13,LC Legends,1,1,0,14,16,0.5,3
13,Texans,1,1,0,16,15,0.5,4
13,Marucci Elite Texas - Holden,1,1,0,17,20,0.5,5
13,Houston Bandits 9u,1,1,0,17,18,0.5,6
13,Katy Bombers 9U,1,1,0,20,16,0.5,7
13,Lamar Elite - 9U - Red,1,1,0,20,16,0.5,8
13,Texas Elite Lobos - Gold,0,2,0,24,16,0.0,9
14,Texans,2,0,0,11,15,1.0,1
14,SOUTH COAST CREAM X.,2,0,0,12,24,1.0,2
14,Lamar Elite - 9U - Red,2,0,0,14,22,1.0,3
14,Banditos 9U Texas,1,1,0,11,12,0.5,4
14,Katy Bombers 9U,1,1,0,20,16,0.5,5
14,Marucci Elite Texas - Holden,0,1,1,18,12,0.25,6
14,Houston Bandits 9u,0,1,1,20,18,0.25,7
14,LC Legends,0,2,0,16,11,0.0,8
14,Texas Elite Lobos - Gold,0,2,0,24,16,0.0,9
15,Banditos 9U Texas,2,0,0,10,17,1.0,1
15,SOUTH COAST CREAM X.,2,0,0,12,24,1.0,2
15,Lamar Elite - 9U - Red,1,0,1,17,22,0.75,3
15,Marucci Elite Texas - Holden,1,0,1,20,22,0.75,4
15,Texans,1,1,0,18,18,0.5,5
15,Katy Bombers 9U,1,1,0,20,16,0.5,6
15,Houston Bandits 9u,0,2,0,20,13,0.0,7
15,LC Legends,0,2,0,20,13,0.0,8
15,Texas Elite Lobos - Gold,0,2,0,24,16,0.0,9
16,SOUTH COAST CREAM X.,2,0,0,12,24,1.0,1
16,Lamar Elite - 9U - Red,2,0,0,18,32,1.0,2
16,LC Legends,1,1,0,11,12,0.5,3
16,Texans,1,1,0,14,18,0.5,4
16,Banditos 9U Texas,1,1,0,19,14,0.5,5
16,Katy Bombers 9U,1,1,0,20,16,0.5,6
16,Houston Bandits 9u,1,1,0,25,21,0.5,7
16,Texas Elite Lobos - Gold,0,2,0,24,16,0.0,8
16,Marucci Elite Texas - Holden,0,2,0,31,21,0.0,9
17,SOUTH COAST CREAM X.,2,0,0,12,24,1.0,1
17,Marucci Elite Texas - Holden,2,0,0,12,16,1.0,2
17,Banditos 9U Texas,1,0,1,14,18,0.75,3
17,Texans,1,0,1,19,24,0.75,4
17,Houston Bandits 9u,1,1,0,13,17,0.5,5
17,Katy Bombers 9U,1,1,0,20,16,0.5,6
17,LC Legends,0,2,0,22,13,0.0,7
17,Lamar Elite - 9U - Red,0,2,0,24,16,0.0,8
17,Texas Elite Lobos - Gold,0,2,0,24,16,0.0,9
18,SOUTH COAST CREAM X.,2,0,0,12,24,1.0,1
18,Texans,2,0,0,14,19,1.0,2
18,Marucci Elite Texas - Holden,1,0,1,15,19,0.75,3
18,Banditos 9U Texas,1,1,0,14,15,0.5,4
18,Houston Bandits 9u,1,1,0,17,19,0.5,5
18,Katy Bombers 9U,1,1,0,20,16,0.5,6
18,Lamar Elite - 9U - Red,0,1,1,20,14,0.25,7
18,LC Legends,0,2,0,17,11,0.0,8
18,Texas Elite Lobos - Gold,0,2,0,24,16,0.0,9
19,Texans,2,0,0,11,16,1.0,1
19,SOUTH COAST CREAM X.,2,0,0,12,24,1.0,2
19,Banditos 9U Texas,1,1,0,10,13,0.5,3
19,Houston Bandits 9u,1,1,0,16,20,0.5,4
19,Katy Bombers 9U,1,1,0,20,16,0.5,5
19,Marucci Elite Texas - Holden,1,1,0,21,20,0.5,6
19,Lamar Elite - 9U - Red,1,1,0,21,18,0.5,7
19,LC Legends,0,2,0,18,10,0.0,8
19,Texas Elite Lobos - Gold,0,2,0,24,16,0.0,9
20,SOUTH COAST CREAM X.,2,0,0,12,24,1.0,1
20,Marucci Elite Texas - Holden,2,0,0,14,23,1.0,2
20,LC Legends,1,1,0,13,16,0.5,3
20,Banditos 9U Texas,1,1,0,15,16,0.5,4
20,Houston Bandits 9u,1,1,0,19,18,0.5,5
20,Katy Bombers 9U,1,1,0,20,16,0.5,6
20,Texans,1,1,0,20,16,0.5,7
20,Lamar Elite - 9U - Red,0,2,0,18,10,0.0,8
20,Texas Elite Lobos - Gold,0,2,0,24,16,0.0,9
21,SOUTH COAST CREAM X.,2,0,0,12,24,1.0,1
21,Houston Bandits 9u,1,1,0,15,18,0.5,2
21,Marucci Elite Texas - Holden,1,1,0,15,17,0.5,3
21,Banditos 9U Texas,1,1,0,15,16,0.5,4
21,LC Legends,1,1,0,16,14,0.5,5
21,Texans,1,1,0,18,19,0.5,6
21,Katy Bombers 9U,1,1,0,20,16,0.5,7
21,Lamar Elite - 9U - Red,1,1,0,20,15,0.5,8
21,Texas Elite Lobos - Gold,0,2,0,24,16,0.0,9
22,Banditos 9U Texas,2,0,0,9,17,1.0,1
22,SOUTH COAST CREAM X.,2,0,0,12,24,1.0,2
22,Marucci Elite Texas - Holden,2,0,0,13,22,1.0,3
22,LC Legends,1,1,0,18,17,0.5,4
22,Houston Bandits 9u,1,1,0,20,16,0.5,5
22,Katy Bombers 9U,1,1,0,20,16,0.5,6
22,Lamar Elite - 9U - Red,0,2,0,21,16,0.0,7
22,Texans,0,2,0,22,15,0.0,8
22,Texas Elite Lobos - Gold,0,2,0,24,16,0.0,9
23,SOUTH COAST CREAM X.,2,0,0,12,24,1.0,1
23,Lamar Elite - 9U - Red,2,0,0,14,21,1.0,2
23,Texans,1,1,0,16,20,0.5,3
23,Banditos 9U Texas,1,1,0,16,15,0.5,4
23,LC Legends,1,1,0,16,13,0.5,5
23,Marucci Elite Texas - Holden,1,1,0,19,21,0.5,6
23,Katy Bombers 9U,1,1,0,20,16,0.5,7
23,Texas Elite Lobos - Gold,0,2,0,24,16,0.0,8
23,Houston Bandits 9u,0,2,0,24,15,0.0,9
24,Banditos 9U Texas,2,0,0,11,21,1.0,1
24,SOUTH COAST CREAM X.,2,0,0,12,24,1.0,2
24,Lamar Elite - 9U - Red,2,0,0,13,24,1.0,3
24,LC Legends,1,1,0,20,18,0.5,4
24,Katy Bombers 9U,1,1,0,20,16,0.5,5
24,Marucci Elite Texas - Holden,1,1,0,23,20,0.5,6
24,Texas Elite Lobos - Gold,0,2,0,24,16,0.0,7
24,Houston Bandits 9u,0,2,0,26,18,0.0,8
24,Texans,0,2,0,27,19,0.0,9
25,SOUTH COAST CREAM X.,2,0,0,12,24,1.0,1
25,Houston Bandits 9u,2,0,0,12,19,1.0,2
25,Banditos 9U Texas,2,0,0,14,19,1.0,3
25,Marucci Elite Texas - Holden,1,1,0,13,12,0.5,4
25,Texans,1,1,0,20,22,0.5,5
25,Katy Bombers 9U,1,1,0,20,16,0.5,6
25,LC Legends,0,2,0,20,13,0.0,7
25,Lamar Elite - 9U - Red,0,2,0,24,18,0.0,8
25,Texas Elite Lobos - Gold,0,2,0,24,16,0.0,9
26,SOUTH COAST CREAM X.,2,0,0,12,24,1.0,1
26,Banditos 9U Texas,2,0,0,13,19,1.0,2
26,Lamar Elite - 9U - Red,2,0,0,13,18,1.0,3
26,Marucci Elite Texas - Holden,1,1,0,16,21,0.5,4
26,LC Legends,1,1,0,19,17,0.5,5
26,Katy Bombers 9U,1,1,0,20,16,0.5,6
26,Houston Bandits 9u,0,2,0,23,13,0.0,7
26,Texans,0,2,0,24,20,0.0,8
26,Texas Elite Lobos - Gold,0,2,0,24,16,0.0,9
27,Marucci Elite Texas - Holden,2,0,0,9,17,1.0,1
27,SOUTH COAST CREAM X.,2,0,0,12,24,1.0,2
27,Banditos 9U Texas,2,0,0,12,17,1.0,3
27,LC Legends,1,1,0,16,16,0.5,4
27,Houston Bandits 9u,1,1,0,18,14,0.5,5
27,Katy Bombers 9U,1,1,0,20,16,0.5,6
27,Lamar Elite - 9U - Red,0,2,0,19,15,0.0,7
27,Texans,0,2,0,21,16,0.0,8
27,Texas Elite Lobos - Gold,0,2,0,24,16,0.0,9
28,SOUTH COAST CREAM X.,2,0,0,12,24,1.0,1
28,Marucci Elite Texas - Holden,2,0,0,17,21,1.0,2
28,Texans,2,0,0,17,20,1.0,3
28,Banditos 9U Texas,1,1,0,13,15,0.5,4
28,Lamar Elite - 9U - Red,1,1,0,14,16,0.5,5
28,Katy Bombers 9U,1,1,0,20,16,0.5,6
28,LC Legends,0,2,0,19,14,0.0,7
28,Houston Bandits 9u,0,2,0,22,16,0.0,8
28,Texas Elite Lobos - Gold,0,2,0,24,16,0.0,9
29,SOUTH COAST CREAM X.,2,0,0,12,24,1.0,1
29,Houston Bandits 9u,2,0,0,17,26,1.0,2
29,Texans,1,1,0,14,20,0.5,3
29,Banditos 9U Texas,1,1,0,16,13,0.5,4
29,LC Legends,1,1,0,16,13,0.5,5
29,Katy Bombers 9U,1,1,0,20,16,0.5,6
29,Marucci Elite Texas - Holden,1,1,0,25,24,0.5,7
29,Lamar Elite - 9U - Red,0,2,0,24,16,0.0,8
29,Texas Elite Lobos - Gold,0,2,0,24,16,0.0,9
30,Texans,2,0,0,10,18,1.0,1
30,SOUTH COAST CREAM X.,2,0,0,12,24,1.0,2
30,Lamar Elite - 9U - Red,2,0,0,18,21,1.0,3
30,Banditos 9U Texas,1,1,0,14,14,0.5,4
30,Katy Bombers 9U,1,1,0,20,16,0.5,5
30,Marucci Elite Texas - Holden,0,1,1,20,19,0.25,6
30,Houston Bandits 9u,0,1,1,21,19,0.25,7
30,LC Legends,0,2,0,16,8,0.0,8
30,Texas Elite Lobos - Gold,0,2,0,24,16,0.0,9
31,SOUTH COAST CREAM X.,2,0,0,12,24,1.0,1
31,Houston Bandits 9u,2,0,0,13,16,1.0,2
31,Banditos 9U Texas,2,0,0,14,19,1.0,3
31,Lamar Elite - 9U - Red,1,1,0,9,13,0.5,4
31,Texans,1,1,0,20,20,0.5,5
31,Katy Bombers 9U,1,1,0,20,16,0.5,6
31,Marucci Elite Texas - Holden,0,2,0,15,8,0.0,7
31,LC Legends,0,2,0,18,13,0.0,8
31,Texas Elite Lobos - Gold,0,2,0,24,16,0.0,9
32,SOUTH COAST CREAM X.,2,0,0,12,24,1.0,1
32,Houston Bandits 9u,2,0,0,19,24,1.0,2
32,Banditos 9U Texas,1,1,0,16,18,0.5,3
32,LC Legends,1,1,0,18,20,0.5,4
32,Marucci Elite Texas - Holden,1,1,0,20,23,0.5,5
32,Katy Bombers 9U,1,1,0,20,16,0.5,6
32,Texans,1,1,0,26,22,0.5,7
32,Texas Elite Lobos - Gold,0,2,0,24,16,0.0,8
32,Lamar Elite - 9U - Red,0,2,0,28,20,0.0,9
33,SOUTH COAST CREAM X.,2,0,0,12,24,1.0,1
33,Houston Bandits 9u,2,0,0,13,22,1.0,2
33,Texans,2,0,0,20,30,1.0,3
33,Banditos 9U Texas,1,1,0,18,19,0.5,4
33,Marucci Elite Texas - Holden,1,1,0,19,22,0.5,5
33,Katy Bombers 9U,1,1,0,20,16,0.5,6
33,Texas Elite Lobos - Gold,0,2,0,24,16,0.0,7
33,LC Legends,0,2,0,24,13,0.0,8
33,Lamar Elite - 9U - Red,0,2,0,26,14,0.0,9
34,Banditos 9U Texas,2,0,0,10,15,1.0,1
34,SOUTH COAST CREAM X.,2,0,0,12,24,1.0,2
34,Marucci Elite Texas - Holden,1,1,0,12,15,0.5,3
34,Lamar Elite - 9U - Red,1,1,0,16,16,0.5,4
34,Houston Bandits 9u,1,1,0,16,13,0.5,5
34,Katy Bombers 9U,1,1,0,20,16,0.5,6
34,LC Legends,1,1,0,22,19,0.5,7
34,Texans,0,2,0,22,20,0.0,8
34,Texas Elite Lobos - Gold,0,2,0,24,16,0.0,9
35,Banditos 9U Texas,2,0,0,11,24,1.0,1
35,SOUTH COAST CREAM X.,2,0,0,12,24,1.0,2
35,Houston Bandits 9u,2,0,0,15,23,1.0,3
35,Katy Bombers 9U,1,1,0,20,16,0.5,4
35,Texans,1,1,0,25,17,0.5,5
35,Marucci Elite Texas - Holden,0,1,1,17,14,0.25,6
35,Lamar Elite - 9U - Red,0,1,1,20,15,0.25,7
35,LC Legends,0,2,0,18,13,0.0,8
35,Texas Elite Lobos - Gold,0,2,0,24,16,0.0,9
36,SOUTH COAST CREAM X.,2,0,0,12,24,1.0,1
36,Texans,1,0,1,7,19,0.75,2
36,Lamar Elite - 9U - Red,1,0,1,15,16,0.75,3
36,Houston Bandits 9u,0,0,2,18,18,0.5,4
36,Banditos 9U Texas,1,1,0,18,10,0.5,5
36,Katy Bombers 9U,1,1,0,20,16,0.5,6
36,LC Legends,0,1,1,13,9,0.25,7
36,Marucci Elite Texas - Holden,0,1,1,18,17,0.25,8
36,Texas Elite Lobos - Gold,0,2,0,24,16,0.0,9
37,SOUTH COAST CREAM X.,2,0,0,12,24,1.0,1
37,Texans,2,0,0,16,23,1.0,2
37,Marucci Elite Texas - Holden,1,0,1,14,21,0.75,3
37,Houston Bandits 9u,1,0,1,15,17,0.75,4
37,Banditos 9U Texas,1,1,0,16,15,0.5,5
37,Katy Bombers 9U,1,1,0,20,16,0.5,6
37,LC Legends,0,2,0,19,13,0.0,7
37,Texas Elite Lobos - Gold,0,2,0,24,16,0.0,8
37,Lamar Elite - 9U - Red,0,2,0,24,15,0.0,9
38,SOUTH COAST CREAM X.,2,0,0,12,24,1.0,1
38,Banditos 9U Texas,2,0,0,13,19,1.0,2
38,Houston Bandits 9u,1,1,0,16,22,0.5,3
38,Marucci Elite Texas - Holden,1,1,0,18,20,0.5,4
38,Katy Bombers 9U,1,1,0,20,16,0.5,5
38,Lamar Elite - 9U - Red,1,1,0,23,15,0.5,6
38,LC Legends,0,1,1,17,13,0.25,7
38,Texans,0,1,1,20,18,0.25,8
38,Texas Elite Lobos - Gold,0,2,0,24,16,0.0,9
39,Texans,2,0,0,11,25,1.0,1
39,SOUTH COAST CREAM X.,2,0,0,12,24,1.0,2
39,Banditos 9U Texas,1,1,0,17,12,0.5,3
39,Katy Bombers 9U,1,1,0,20,16,0.5,4
39,Houston Bandits 9u,1,1,0,21,25,0.5,5
39,Marucci Elite Texas - Holden,1,1,0,21,23,0.5,6
39,Lamar Elite - 9U - Red,1,1,0,28,22,0.5,7
39,LC Legends,0,2,0,20,11,0.0,8
39,Texas Elite Lobos - Gold,0,2,0,24,16,0.0,9
40,SOUTH COAST CREAM X.,2,0,0,12,24,1.0,1
40,Banditos 9U Texas,2,0,0,12,17,1.0,2
40,Houston Bandits 9u,2,0,0,16,23,1.0,3
40,Marucci Elite Texas - Holden,1,1,0,13,18,0.5,4
40,LC Legends,1,1,0,15,12,0.5,5
40,Katy Bombers 9U,1,1,0,20,16,0.5,6
40,Texans,0,2,0,17,15,0.0,7
40,Texas Elite Lobos - Gold,0,2,0,24,16,0.0,8
40,Lamar Elite - 9U - Red,0,2,0,25,13,0.0,9
41,SOUTH COAST CREAM X.,2,0,0,12,24,1.0,1
41,Houston Bandits 9u,2,0,0,15,19,1.0,2
41,Banditos 9U Texas,1,0,1,15,19,0.75,3
41,Texans,1,0,1,21,22,0.75,4
41,Katy Bombers 9U,1,1,0,20,16,0.5,5
41,Lamar Elite - 9U - Red,1,1,0,21,21,0.5,6
41,LC Legends,0,2,0,19,14,0.0,7
41,Marucci Elite Texas - Holden,0,2,0,20,16,0.0,8
41,Texas Elite Lobos - Gold,0,2,0,24,16,0.0,9
42,SOUTH COAST CREAM X.,2,0,0,12,24,1.0,1
42,Banditos 9U Texas,2,0,0,12,18,1.0,2
42,Houston Bandits 9u,2,0,0,15,19,1.0,3
42,Lamar Elite - 9U - Red,1,1,0,13,16,0.5,4
42,LC Legends,1,1,0,16,17,0.5,5
42,Katy Bombers 9U,1,1,0,20,16,0.5,6
42,Marucci Elite Texas - Holden,0,2,0,19,12,0.0,7
42,Texans,0,2,0,23,16,0.0,8
42,Texas Elite Lobos - Gold,0,2,0,24,16,0.0,9
43,SOUTH COAST CREAM X.,2,0,0,12,24,1.0,1
43,Lamar Elite - 9U - Red,2,0,0,13,18,1.0,2
43,Banditos 9U Texas,1,1,0,17,17,0.5,3
43,LC Legends,1,1,0,17,14,0.5,4
43,Texans,1,1,0,19,22,0.5,5
43,Katy Bombers 9U,1,1,0,20,16,0.5,6
43,Houston Bandits 9u,0,1,1,21,19,0.25,7
43,Marucci Elite Texas - Holden,0,1,1,23,20,0.25,8
43,Texas Elite Lobos - Gold,0,2,0,24,16,0.0,9
44,SOUTH COAST CREAM X.,2,0,0,12,24,1.0,1
44,Houston Bandits 9u,1,0,1,18,21,0.75,2
44,Marucci Elite Texas - Holden,1,0,1,20,28,0.75,3
44,LC Legends,1,1,0,13,20,0.5,4
44,Banditos 9U Texas,1,1,0,18,18,0.5,5
44,Katy Bombers 9U,1,1,0,20,16,0.5,6
44,Texans,1,1,0,26,19,0.5,7
44,Texas Elite Lobos - Gold,0,2,0,24,16,0.0,8
44,Lamar Elite - 9U - Red,0,2,0,31,20,0.0,9
45,Banditos 9U Texas,2,0,0,11,16,1.0,1
45,SOUTH COAST CREAM X.,2,0,0,12,24,1.0,2
45,Houston Bandits 9u,1,0,1,21,23,0.75,3
45,Texans,1,1,0,16,17,0.5,4
45,Marucci Elite Texas - Holden,1,1,0,20,22,0.5,5
45,Katy Bombers 9U,1,1,0,20,16,0.5,6
45,Lamar Elite - 9U - Red,0,1,1,19,15,0.25,7
45,LC Legends,0,2,0,18,12,0.0,8
45,Texas Elite Lobos - Gold,0,2,0,24,16,0.0,9
46,SOUTH COAST CREAM X.,2,0,0,12,24,1.0,1
46,Texans,2,0,0,21,24,1.0,2
46,Banditos 9U Texas,1,1,0,17,19,0.5,3
46,Lamar Elite - 9U - Red,1,1,0,19,22,0.5,4
46,Katy Bombers 9U,1,1,0,20,16,0.5,5
46,Marucci Elite Texas - Holden,1,1,0,22,22,0.5,6
46,Houston Bandits 9u,1,1,0,23,20,0.5,7
46,LC Legends,0,2,0,19,14,0.0,8
46,Texas Elite Lobos - Gold,0,2,0,24,16,0.0,9
47,SOUTH COAST CREAM X.,2,0,0,12,24,1.0,1
47,Banditos 9U Texas,2,0,0,13,25,1.0,2
47,Houston Bandits 9u,2,0,0,13,19,1.0,3
47,LC Legends,1,1,0,16,16,0.5,4
47,Lamar Elite - 9U - Red,1,1,0,19,16,0.5,5
47,Katy Bombers 9U,1,1,0,20,16,0.5,6
47,Marucci Elite Texas - Holden,0,2,0,21,18,0.0,7
47,Texas Elite Lobos - Gold,0,2,0,24,16,0.0,8
47,Texans,0,2,0,29,17,0.0,9
48,SOUTH COAST CREAM X.,2,0,0,12,24,1.0,1
48,Houston Bandits 9u,2,0,0,13,20,1.0,2
48,Banditos 9U Texas,1,1,0,15,17,0.5,3
48,LC Legends,1,1,0,17,14,0.5,4
48,Texans,1,1,0,19,20,0.5,5
48,Katy Bombers 9U,1,1,0,20,16,0.5,6
48,Lamar Elite - 9U - Red,1,1,0,22,22,0.5,7
48,Texas Elite Lobos - Gold,0,2,0,24,16,0.0,8
48,Marucci Elite Texas - Holden,0,2,0,27,20,0.0,9
49,SOUTH COAST CREAM X.,2,0,0,12,24,1.0,1
49,Houston Bandits 9u,2,0,0,13,25,1.0,2
49,Texans,2,0,0,18,26,1.0,3
49,Banditos 9U Texas,1,1,0,14,14,0.5,4
49,Marucci Elite Texas - Holden,1,1,0,18,17,0.5,5
49,Katy Bombers 9U,1,1,0,20,16,0.5,6
49,Lamar Elite - 9U - Red,0,2,0,22,11,0.0,7
49,LC Legends,0,2,0,24,16,0.0,8
49,Texas Elite Lobos - Gold,0,2,0,24,16,0.0,9
50,Houston Bandits 9u,2,0,0,8,18,1.0,1
50,SOUTH COAST CREAM X.,2,0,0,12,24,1.0,2
50,Banditos 9U Texas,1,1,0,15,18,0.5,3
50,LC Legends,1,1,0,16,15,0.5,4
50,Lamar Elite - 9U - Red,1,1,0,18,15,0.5,5
50,Katy Bombers 9U,1,1,0,20,16,0.5,6
50,Texans,1,1,0,21,19,0.5,7
50,Marucci Elite Texas - Holden,0,2,0,18,11,0.0,8
50,Texas Elite Lobos - Gold,0,2,0,24,16,0.0,9
51,SOUTH COAST CREAM X.,2,0,0,12,24,1.0,1
51,Banditos 9U Texas,2,0,0,12,18,1.0,2
51,Houston Bandits 9u,2,0,0,15,22,1.0,3
51,LC Legends,1,1,0,15,13,0.5,4
51,Marucci Elite Texas - Holden,1,1,0,20,20,0.5,5
51,Katy Bombers 9U,1,1,0,20,16,0.5,6
51,Texans,0,2,0,19,15,0.0,7
51,Lamar Elite - 9U - Red,0,2,0,22,15,0.0,8
51,Texas Elite Lobos - Gold,0,2,0,24,16,0.0,9
52,SOUTH COAST CREAM X.,2,0,0,12,24,1.0,1
52,Texans,2,0,0,15,24,1.0,2
52,Houston Bandits 9u,2,0,0,18,29,1.0,3
52,Lamar Elite - 9U - Red,1,1,0,19,27,0.5,4
52,Banditos 9U Texas,1,1,0,19,15,0.5,5
52,Katy Bombers 9U,1,1,0,20,16,0.5,6
52,LC Legends,0,2,0,17,12,0.0,7
52,Texas Elite Lobos - Gold,0,2,0,24,16,0.0,8
52,Marucci Elite Texas - Holden,0,2,0,33,14,0.0,9
53,SOUTH COAST CREAM X.,2,0,0,12,24,1.0,1
53,Lamar Elite - 9U - Red,2,0,0,17,21,1.0,2
53,Banditos 9U Texas,1,0,1,9,13,0.75,3
53,LC Legends,1,1,0,16,14,0.5,4
53,Marucci Elite Texas - Holden,1,1,0,19,19,0.5,5
53,Katy Bombers 9U,1,1,0,20,16,0.5,6
53,Texans,0,1,1,15,13,0.25,7
53,Houston Bandits 9u,0,2,0,17,13,0.0,8
53,Texas Elite Lobos - Gold,0,2,0,24,16,0.0,9
54,Banditos 9U Texas,2,0,0,11,21,1.0,1
54,SOUTH COAST CREAM X.,2,0,0,12,24,1.0,2
54,Marucci Elite Texas - Holden,2,0,0,17,23,1.0,3
54,LC Legends,1,1,0,15,15,0.5,4
54,Lamar Elite - 9U - Red,1,1,0,19,15,0.5,5
54,Katy Bombers 9U,1,1,0,20,16,0.5,6
54,Houston Bandits 9u,0,2,0,19,17,0.0,7
54,Texas Elite Lobos - Gold,0,2,0,24,16,0.0,8
54,Texans,0,2,0,24,14,0.0,9
55,SOUTH COAST CREAM X.,2,0,0,12,24,1.0,1
55,Marucci Elite Texas - Holden,2,0,0,16,25,1.0,2
55,Banditos 9U Texas,1,1,0,15,16,0.5,3
55,LC Legends,1,1,0,16,13,0.5,4
55,Texans,1,1,0,17,19,0.5,5
55,Katy Bombers 9U,1,1,0,20,16,0.5,6
55,Lamar Elite - 9U - Red,0,1,1,22,17,0.25,7
55,Houston Bandits 9u,0,1,1,23,19,0.25,8
55,Texas Elite Lobos - Gold,0,2,0,24,16,0.0,9
56,SOUTH COAST CREAM X.,2,0,0,12,24,1.0,1
56,Lamar Elite - 9U - Red,2,0,0,13,19,1.0,2
56,Banditos 9U Texas,1,1,0,15,18,0.5,3
56,LC Legends,1,1,0,15,13,0.5,4
56,Marucci Elite Texas - Holden,1,1,0,19,22,0.5,5
56,Texans,1,1,0,19,18,0.5,6
56,Katy Bombers 9U,1,1,0,20,16,0.5,7
56,Texas Elite Lobos - Gold,0,2,0,24,16,0.0,8
56,Houston Bandits 9u,0,2,0,28,19,0.0,9
57,Banditos 9U Texas,2,0,0,11,18,1.0,1
57,SOUTH COAST CREAM X.,2,0,0,12,24,1.0,2
57,Katy Bombers 9U,1,1,0,20,16,0.5,3
57,Lamar Elite - 9U - Red,1,1,0,23,20,0.5,4
57,Marucci Elite Texas - Holden,1,1,0,24,22,0.5,5
57,Houston Bandits 9u,1,1,0,25,30,0.5,6
57,LC Legends,0,1,1,13,9,0.25,7
57,Texans,0,1,1,15,12,0.25,8
57,Texas Elite Lobos - Gold,0,2,0,24,16,0.0,9
58,SOUTH COAST CREAM X.,2,0,0,12,24,1.0,1
58,Texans,2,0,0,12,16,1.0,2
58,Marucci Elite Texas - Holden,1,0,1,16,20,0.75,3
58,Banditos 9U Texas,1,1,0,9,12,0.5,4
58,Houston Bandits 9u,1,1,0,18,16,0.5,5
58,Katy Bombers 9U,1,1,0,20,16,0.5,6
58,Lamar Elite - 9U - Red,0,1,1,20,18,0.25,7
58,LC Legends,0,2,0,19,12,0.0,8
58,Texas Elite Lobos - Gold,0,2,0,24,16,0.0,9
59,SOUTH COAST CREAM X.,2,0,0,12,24,1.0,1
59,Lamar Elite - 9U - Red,2,0,0,18,22,1.0,2
59,Banditos 9U Texas,1,0,1,15,19,0.75,3
59,LC Legends,1,1,0,12,9,0.5,4
59,Marucci Elite Texas - Holden,1,1,0,15,19,0.5,5
59,Katy Bombers 9U,1,1,0,20,16,0.5,6
59,Texans,0,1,1,16,15,0.25,7
59,Texas Elite Lobos - Gold,0,2,0,24,16,0.0,8
59,Houston Bandits 9u,0,2,0,26,18,0.0,9
60,SOUTH COAST CREAM X.,2,0,0,12,24,1.0,1
60,Houston Bandits 9u,1,0,1,16,18,0.75,2
60,Banditos 9U Texas,1,1,0,14,17,0.5,3
60,LC Legends,1,1,0,14,15,0.5,4
60,Marucci Elite Texas - Holden,1,1,0,18,20,0.5,5
60,Katy Bombers 9U,1,1,0,20,16,0.5,6
60,Texans,1,1,0,20,16,0.5,7
60,Lamar Elite - 9U - Red,0,1,1,22,18,0.25,8
60,Texas Elite Lobos - Gold,0,2,0,24,16,0.0,9
61,Banditos 9U Texas,2,0,0,10,16,1.0,1
61,SOUTH COAST CREAM X.,2,0,0,12,24,1.0,2
61,Houston Bandits 9u,1,1,0,15,20,0.5,3
61,Texans,1,1,0,18,22,0.5,4
61,Katy Bombers 9U,1,1,0,20,16,0.5,5
61,Marucci Elite Texas - Holden,1,1,0,21,19,0.5,6
61,Lamar Elite - 9U - Red,1,1,0,24,21,0.5,7
61,Texas Elite Lobos - Gold,0,2,0,24,16,0.0,8
61,LC Legends,0,2,0,24,14,0.0,9
62,SOUTH COAST CREAM X.,2,0,0,12,24,1.0,1
62,Lamar Elite - 9U - Red,2,0,0,15,28,1.0,2
62,LC Legends,1,1,0,16,13,0.5,3
62,Texans,1,1,0,18,24,0.5,4
62,Banditos 9U Texas,1,1,0,20,17,0.5,5
62,Katy Bombers 9U,1,1,0,20,16,0.5,6
62,Marucci Elite Texas - Holden,1,1,0,23,15,0.5,7
62,Houston Bandits 9u,0,2,0,24,19,0.0,8
62,Texas Elite Lobos - Gold,0,2,0,24,16,0.0,9
63,Banditos 9U Texas,2,0,0,11,20,1.0,1
63,SOUTH COAST CREAM X.,2,0,0,12,24,1.0,2
63,Houston Bandits 9u,2,0,0,14,20,1.0,3
63,LC Legends,1,1,0,14,18,0.5,4
63,Marucci Elite Texas - Holden,1,1,0,19,22,0.5,5
63,Katy Bombers 9U,1,1,0,20,16,0.5,6
63,Lamar Elite - 9U - Red,0,2,0,23,14,0.0,7
63,Texas Elite Lobos - Gold,0,2,0,24,16,0.0,8
63,Texans,0,2,0,26,13,0.0,9
64,SOUTH COAST CREAM X.,2,0,0,12,24,1.0,1
64,LC Legends,1,1,0,12,19,0.5,2
64,Banditos 9U Texas,1,1,0,14,17,0.5,3
64,Marucci Elite Texas - Holden,1,1,0,15,19,0.5,4
64,Lamar Elite - 9U - Red,1,1,0,15,15,0.5,5
64,Katy Bombers 9U,1,1,0,20,16,0.5,6
64,Houston Bandits 9u,1,1,0,24,20,0.5,7
64,Texans,1,1,0,24,14,0.5,8
64,Texas Elite Lobos - Gold,0,2,0,24,16,0.0,9
65,Banditos 9U Texas,2,0,0,10,20,1.0,1
65,SOUTH COAST CREAM X.,2,0,0,12,24,1.0,2
65,Lamar Elite - 9U - Red,2,0,0,16,22,1.0,3
65,LC Legends,1,1,0,12,10,0.5,4
65,Katy Bombers 9U,1,1,0,20,16,0.5,5
65,Marucci Elite Texas - Holden,1,1,0,21,21,0.5,6
65,Texans,0,2,0,18,10,0.0,7
65,Houston Bandits 9u,0,2,0,21,15,0.0,8
65,Texas Elite Lobos - Gold,0,2,0,24,16,0.0,9
66,SOUTH COAST CREAM X.,2,0,0,12,24,1.0,1
66,Houston Bandits 9u,1,1,0,11,11,0.5,2
66,LC Legends,1,1,0,14,14,0.5,3
66,Lamar Elite - 9U - Red,1,1,0,16,22,0.5,4
66,Banditos 9U Texas,1,1,0,16,19,0.5,5
66,Marucci Elite Texas - Holden,1,1,0,18,12,0.5,6
66,Katy Bombers 9U,1,1,0,20,16,0.5,7
66,Texans,1,1,0,21,18,0.5,8
66,Texas Elite Lobos - Gold,0,2,0,24,16,0.0,9
67,SOUTH COAST CREAM X.,2,0,0,12,24,1.0,1
67,Marucci Elite Texas - Holden,2,0,0,12,23,1.0,2
67,Banditos 9U Texas,1,1,0,13,16,0.5,3
67,LC Legends,1,1,0,14,14,0.5,4
67,Lamar Elite - 9U - Red,1,1,0,16,17,0.5,5
67,Texans,1,1,0,18,15,0.5,6
67,Katy Bombers 9U,1,1,0,20,16,0.5,7
67,Houston Bandits 9u,0,2,0,23,11,0.0,8
67,Texas Elite Lobos - Gold,0,2,0,24,16,0.0,9
68,SOUTH COAST CREAM X.,2,0,0,12,24,1.0,1
68,Banditos 9U Texas,1,1,0,13,14,0.5,2
68,LC Legends,1,1,0,16,18,0.5,3
68,Houston Bandits 9u,1,1,0,16,17,0.5,4
68,Marucci Elite Texas - Holden,1,1,0,17,21,0.5,5
68,Lamar Elite - 9U - Red,1,1,0,17,12,0.5,6
68,Texans,1,1,0,20,17,0.5,7
68,Katy Bombers 9U,1,1,0,20,16,0.5,8
68,Texas Elite Lobos - Gold,0,2,0,24,16,0.0,9
69,SOUTH COAST CREAM X.,2,0,0,12,24,1.0,1
69,Texans,2,0,0,13,22,1.0,2
69,Marucci Elite Texas - Holden,2,0,0,14,22,1.0,3
69,Banditos 9U Texas,1,1,0,15,17,0.5,4
69,Katy Bombers 9U,1,1,0,20,16,0.5,5
69,Houston Bandits 9u,0,1,1,17,14,0.25,6
69,Lamar Elite - 9U - Red,0,1,1,17,12,0.25,7
69,LC Legends,0,2,0,19,8,0.0,8
69,Texas Elite Lobos - Gold,0,2,0,24,16,0.0,9
70,Marucci Elite Texas - Holden,2,0,0,11,26,1.0,1
70,SOUTH COAST CREAM X.,2,0,0,12,24,1.0,2
70,Banditos 9U Texas,2,0,0,17,22,1.0,3
70,Lamar Elite - 9U - Red,1,1,0,19,16,0.5,4
70,Katy Bombers 9U,1,1,0,20,16,0.5,5
70,Texans,1,1,0,23,23,0.5,6
70,LC Legends,0,2,0,18,13,0.0,7
70,Houston Bandits 9u,0,2,0,23,11,0.0,8
70,Texas Elite Lobos - Gold,0,2,0,24,16,0.0,9
71,Banditos 9U Texas,2,0,0,11,18,1.0,1
71,SOUTH COAST CREAM X.,2,0,0,12,24,1.0,2
71,Houston Bandits 9u,2,0,0,21,26,1.0,3
71,LC Legends,1,1,0,13,12,0.5,4
71,Katy Bombers 9U,1,1,0,20,16,0.5,5
71,Marucci Elite Texas - Holden,1,1,0,25,22,0.5,6
71,Lamar Elite - 9U - Red,0,2,0,18,16,0.0,7
71,Texans,0,2,0,18,12,0.0,8
71,Texas Elite Lobos - Gold,0,2,0,24,16,0.0,9
72,SOUTH COAST CREAM X.,2,0,0,12,24,1.0,1
72,Houston Bandits 9u,1,1,0,13,20,0.5,2
72,Marucci Elite Texas - Holden,1,1,0,13,16,0.5,3
72,LC Legends,1,1,0,16,14,0.5,4
72,Banditos 9U Texas,1,1,0,17,18,0.5,5
72,Texans,1,1,0,20,21,0.5,6
72,Katy Bombers 9U,1,1,0,20,16,0.5,7
72,Lamar Elite - 9U - Red,1,1,0,24,14,0.5,8
72,Texas Elite Lobos - Gold,0,2,0,24,16,0.0,9
73,SOUTH COAST CREAM X.,2,0,0,12,24,1.0,1
73,Banditos 9U Texas,2,0,0,14,23,1.0,2
73,Marucci Elite Texas - Holden,1,0,1,19,22,0.75,3
73,LC Legends,1,1,0,15,17,0.5,4
73,Katy Bombers 9U,1,1,0,20,16,0.5,5
73,Houston Bandits 9u,1,1,0,21,22,0.5,6
73,Lamar Elite - 9U - Red,0,1,1,25,21,0.25,7
73,Texas Elite Lobos - Gold,0,2,0,24,16,0.0,8
73,Texans,0,2,0,28,17,0.0,9
74,SOUTH COAST CREAM X.,2,0,0,12,24,1.0,1
74,Marucci Elite Texas - Holden,2,0,0,13,25,1.0,2
74,Texans,2,0,0,14,24,1.0,3
74,Banditos 9U Texas,1,1,0,19,15,0.5,4
74,Houston Bandits 9u,1,1,0,20,18,0.5,5
74,Katy Bombers 9U,1,1,0,20,16,0.5,6
74,LC Legends,0,2,0,17,11,0.0,7
74,Texas Elite Lobos - Gold,0,2,0,24,16,0.0,8
74,Lamar Elite - 9U - Red,0,2,0,24,14,0.0,9
75,SOUTH COAST CREAM X.,2,0,0,12,24,1.0,1
75,Houston Bandits 9u,2,0,0,12,20,1.0,2
75,Banditos 9U Texas,2,0,0,16,21,1.0,3
75,LC Legends,1,1,0,14,17,0.5,4
75,Marucci Elite Texas - Holden,1,1,0,16,15,0.5,5
75,Katy Bombers 9U,1,1,0,20,16,0.5,6
75,Lamar Elite - 9U - Red,0,2,0,18,11,0.0,7
75,Texas Elite Lobos - Gold,0,2,0,24,16,0.0,8
75,Texans,0,2,0,26,18,0.0,9
76,Lamar Elite - 9U - Red,2,0,0,7,30,1.0,1
76,SOUTH COAST CREAM X.,2,0,0,12,24,1.0,2
76,Banditos 9U Texas,1,0,1,12,16,0.75,3
76,LC Legends,1,1,0,13,15,0.5,4
76,Katy Bombers 9U,1,1,0,20,16,0.5,5
76,Houston Bandits 9u,1,1,0,24,16,0.5,6
76,Texans,0,1,1,19,13,0.25,7
76,Texas Elite Lobos - Gold,0,2,0,24,16,0.0,8
76,Marucci Elite Texas - Holden,0,2,0,25,10,0.0,9
77,SOUTH COAST CREAM X.,2,0,0,12,24,1.0,1
77,Houston Bandits 9u,2,0,0,14,22,1.0,2
77,Banditos 9U Texas,1,1,0,17,13,0.5,3
77,Texans,1,1,0,19,24,0.5,4
77,LC Legends,1,1,0,19,18,0.5,5
77,Katy Bombers 9U,1,1,0,20,16,0.5,6
77,Lamar Elite - 9U - Red,1,1,0,22,21,0.5,7
77,Marucci Elite Texas - Holden,0,2,0,24,17,0.0,8
77,Texas Elite Lobos - Gold,0,2,0,24,16,0.0,9
78,SOUTH COAST CREAM X.,2,0,0,12,24,1.0,1
78,Texans,1,0,1,13,17,0.75,2
78,Marucci Elite Texas - Holden,1,0,1,18,24,0.75,3
78,Banditos 9U Texas,1,1,0,18,18,0.5,4
78,Katy Bombers 9U,1,1,0,20,16,0.5,5
78,Houston Bandits 9u,1,1,0,23,25,0.5,6
78,LC Legends,0,1,1,11,7,0.25,7
78,Lamar Elite - 9U - Red,0,1,1,23,15,0.25,8
78,Texas Elite Lobos - Gold,0,2,0,24,16,0.0,9
79,SOUTH COAST CREAM X.,2,0,0,12,24,1.0,1
79,Texans,2,0,0,15,27,1.0,2
79,Lamar Elite - 9U - Red,2,0,0,16,21,1.0,3
79,Banditos 9U Texas,1,1,0,16,15,0.5,4
79,Houston Bandits 9u,1,1,0,18,19,0.5,5
79,Katy Bombers 9U,1,1,0,20,16,0.5,6
79,Marucci Elite Texas - Holden,0,2,0,20,14,0.0,7
79,LC Legends,0,2,0,23,12,0.0,8
79,Texas Elite Lobos - Gold,0,2,0,24,16,0.0,9
80,SOUTH COAST CREAM X.,2,0,0,12,24,1.0,1
80,Texans,2,0,0,21,29,1.0,2
80,Houston Bandits 9u,1,1,0,14,13,0.5,3
80,Lamar Elite - 9U - Red,1,1,0,16,21,0.5,4
80,Banditos 9U Texas,1,1,0,17,16,0.5,5
80,Marucci Elite Texas - Holden,1,1,0,18,14,0.5,6
80,Katy Bombers 9U,1,1,0,20,16,0.5,7
80,LC Legends,0,2,0,24,17,0.0,8
80,Texas Elite Lobos - Gold,0,2,0,24,16,0.0,9
81,SOUTH COAST CREAM X.,2,0,0,12,24,1.0,1
81,Marucci Elite Texas - Holden,2,0,0,19,22,1.0,2
81,Banditos 9U Texas,1,1,0,14,14,0.5,3
81,Houston Bandits 9u,1,1,0,18,19,0.5,4
81,Katy Bombers 9U,1,1,0,20,16,0.5,5
81,Texans,1,1,0,21,23,0.5,6
81,LC Legends,1,1,0,21,19,0.5,7
81,Lamar Elite - 9U - Red,0,2,0,20,16,0.0,8
81,Texas Elite Lobos - Gold,0,2,0,24,16,0.0,9
82,Banditos 9U Texas,2,0,0,9,15,1.0,1
82,Marucci Elite Texas - Holden,2,0,0,11,28,1.0,2
82,SOUTH COAST CREAM X.,2,0,0,12,24,1.0,3
82,LC Legends,1,1,0,13,16,0.5,4
82,Lamar Elite - 9U - Red,1,1,0,20,17,0.5,5
82,Katy Bombers 9U,1,1,0,20,16,0.5,6
82,Texans,0,2,0,19,10,0.0,7
82,Texas Elite Lobos - Gold,0,2,0,24,16,0.0,8
82,Houston Bandits 9u,0,2,0,29,15,0.0,9
83,Banditos 9U Texas,2,0,0,10,18,1.0,1
83,SOUTH COAST CREAM X.,2,0,0,12,24,1.0,2
83,Lamar Elite - 9U - Red,2,0,0,14,25,1.0,3
83,Texans,1,1,0,18,15,0.5,4
83,Katy Bombers 9U,1,1,0,20,16,0.5,5
83,Marucci Elite Texas - Holden,1,1,0,22,18,0.5,6
83,LC Legends,0,2,0,17,12,0.0,7
83,Houston Bandits 9u,0,2,0,23,16,0.0,8
83,Texas Elite Lobos - Gold,0,2,0,24,16,0.0,9
84,SOUTH COAST CREAM X.,2,0,0,12,24,1.0,1
84,Lamar Elite - 9U - Red,2,0,0,14,17,1.0,2
84,Texans,1,0,1,19,21,0.75,3
84,Marucci Elite Texas - Holden,1,1,0,13,17,0.5,4
84,Banditos 9U Texas,1,1,0,14,16,0.5,5
84,Katy Bombers 9U,1,1,0,20,16,0.5,6
84,LC Legends,0,1,1,19,15,0.25,7
84,Houston Bandits 9u,0,2,0,18,11,0.0,8
84,Texas Elite Lobos - Gold,0,2,0,24,16,0.0,9
85,SOUTH COAST CREAM X.,2,0,0,12,24,1.0,1
85,Banditos 9U Texas,2,0,0,13,18,1.0,2
85,Texans,1,1,0,16,18,0.5,3
85,Houston Bandits 9u,1,1,0,19,21,0.5,4
85,Lamar Elite - 9U - Red,1,1,0,20,18,0.5,5
85,Katy Bombers 9U,1,1,0,20,16,0.5,6
85,Marucci Elite Texas - Holden,1,1,0,22,22,0.5,7
85,LC Legends,0,2,0,17,10,0.0,8
85,Texas Elite Lobos - Gold,0,2,0,24,16,0.0,9
86,SOUTH COAST CREAM X.,2,0,0,12,24,1.0,1
86,Marucci Elite Texas - Holden,1,1,0,16,23,0.5,2
86,Lamar Elite - 9U - Red,1,1,0,16,18,0.5,3
86,Texans,1,1,0,18,29,0.5,4
86,LC Legends,1,1,0,19,19,0.5,5
86,Katy Bombers 9U,1,1,0,20,16,0.5,6
86,Banditos 9U Texas,1,1,0,22,11,0.5,7
86,Houston Bandits 9u,1,1,0,27,18,0.5,8
86,Texas Elite Lobos - Gold,0,2,0,24,16,0.0,9
87,SOUTH COAST CREAM X.,2,0,0,12,24,1.0,1
87,Lamar Elite - 9U - Red,2,0,0,13,20,1.0,2
87,Texans,2,0,0,15,24,1.0,3
87,Banditos 9U Texas,1,1,0,12,15,0.5,4
87,Katy Bombers 9U,1,1,0,20,16,0.5,5
87,Houston Bandits 9u,1,1,0,21,19,0.5,6
87,Marucci Elite Texas - Holden,0,2,0,18,13,0.0,7
87,Texas Elite Lobos - Gold,0,2,0,24,16,0.0,8
87,LC Legends,0,2,0,24,12,0.0,9
88,Banditos 9U Texas,2,0,0,10,15,1.0,1
88,SOUTH COAST CREAM X.,2,0,0,12,24,1.0,2
88,Houston Bandits 9u,2,0,0,13,19,1.0,3
88,Lamar Elite - 9U - Red,1,1,0,13,18,0.5,4
88,LC Legends,1,1,0,17,17,0.5,5
88,Katy Bombers 9U,1,1,0,20,16,0.5,6
88,Texans,0,2,0,20,15,0.0,7
88,Marucci Elite Texas - Holden,0,2,0,21,10,0.0,8
88,Texas Elite Lobos - Gold,0,2,0,24,16,0.0,9
89,SOUTH COAST CREAM X.,2,0,0,12,24,1.0,1
89,Houston Bandits 9u,2,0,0,16,30,1.0,2
89,Texans,2,0,0,17,27,1.0,3
89,Banditos 9U Texas,1,1,0,16,17,0.5,4
89,Lamar Elite - 9U - Red,1,1,0,18,26,0.5,5
89,Katy Bombers 9U,1,1,0,20,16,0.5,6
89,LC Legends,0,2,0,23,12,0.0,7
89,Texas Elite Lobos - Gold,0,2,0,24,16,0.0,8
89,Marucci Elite Texas - Holden,0,2,0,34,12,0.0,9
90,SOUTH COAST CREAM X.,2,0,0,12,24,1.0,1
90,Marucci Elite Texas - Holden,2,0,0,16,24,1.0,2
90,LC Legends,1,1,0,18,16,0.5,3
90,Houston Bandits 9u,1,1,0,19,19,0.5,4
90,Texans,1,1,0,20,27,0.5,5
90,Katy Bombers 9U,1,1,0,20,16,0.5,6
90,Banditos 9U Texas,1,1,0,21,16,0.5,7
90,Texas Elite Lobos - Gold,0,2,0,24,16,0.0,8
90,Lamar Elite - 9U - Red,0,2,0,26,18,0.0,9
91,SOUTH COAST CREAM X.,2,0,0,12,24,1.0,1
91,Banditos 9U Texas,2,0,0,15,21,1.0,2
91,Lamar Elite - 9U - Red,1,1,0,15,21,0.5,3
91,Houston Bandits 9u,1,1,0,19,19,0.5,4
91,Katy Bombers 9U,1,1,0,20,16,0.5,5
91,Texans,1,1,0,21,22,0.5,6
91,Marucci Elite Texas - Holden,1,1,0,23,17,0.5,7
91,LC Legends,0,2,0,19,12,0.0,8
91,Texas Elite Lobos - Gold,0,2,0,24,16,0.0,9
92,SOUTH COAST CREAM X.,2,0,0,12,24,1.0,1
92,Lamar Elite - 9U - Red,1,0,1,15,22,0.75,2
92,Houston Bandits 9u,1,0,1,16,19,0.75,3
92,Texans,1,1,0,17,25,0.5,4
92,Banditos 9U Texas,1,1,0,17,12,0.5,5
92,LC Legends,1,1,0,20,17,0.5,6
92,Katy Bombers 9U,1,1,0,20,16,0.5,7
92,Marucci Elite Texas - Holden,0,2,0,23,13,0.0,8
92,Texas Elite Lobos - Gold,0,2,0,24,16,0.0,9
93,SOUTH COAST CREAM X.,2,0,0,12,24,1.0,1
93,Banditos 9U Texas,2,0,0,12,19,1.0,2
93,Houston Bandits 9u,2,0,0,20,31,1.0,3
93,Marucci Elite Texas - Holden,1,1,0,16,28,0.5,4
93,Texans,1,1,0,19,19,0.5,5
93,Katy Bombers 9U,1,1,0,20,16,0.5,6
93,LC Legends,0,2,0,19,12,0.0,7
93,Texas Elite Lobos - Gold,0,2,0,24,16,0.0,8
93,Lamar Elite - 9U - Red,0,2,0,34,11,0.0,9
94,SOUTH COAST CREAM X.,2,0,0,12,24,1.0,1
94,Houston Bandits 9u,1,0,1,14,16,0.75,2
94,Texans,1,1,0,12,18,0.5,3
94,LC Legends,1,1,0,13,13,0.5,4
94,Banditos 9U Texas,1,1,0,17,11,0.5,5
94,Katy Bombers 9U,1,1,0,20,16,0.5,6
94,Lamar Elite - 9U - Red,0,0,2,22,22,0.5,7
94,Marucci Elite Texas - Holden,0,1,1,18,16,0.25,8
94,Texas Elite Lobos - Gold,0,2,0,24,16,0.0,9
95,SOUTH COAST CREAM X.,2,0,0,12,24,1.0,1
95,Banditos 9U Texas,1,0,1,17,21,0.75,2
95,Marucci Elite Texas - Holden,1,0,1,19,23,0.75,3
95,Katy Bombers 9U,1,1,0,20,16,0.5,4
95,Texans,0,0,2,22,22,0.5,5
95,Houston Bandits 9u,1,1,0,26,23,0.5,6
95,LC Legends,0,1,1,17,13,0.25,7
95,Lamar Elite - 9U - Red,0,1,1,18,17,0.25,8
95,Texas Elite Lobos - Gold,0,2,0,24,16,0.0,9
96,SOUTH COAST CREAM X.,2,0,0,12,24,1.0,1
96,Banditos 9U Texas,2,0,0,12,17,1.0,2
96,Marucci Elite Texas - Holden,2,0,0,13,19,1.0,3
96,LC Legends,1,1,0,11,20,0.5,4
96,Lamar Elite - 9U - Red,1,1,0,15,24,0.5,5
96,Katy Bombers 9U,1,1,0,20,16,0.5,6
96,Texas Elite Lobos - Gold,0,2,0,24,16,0.0,7
96,Houston Bandits 9u,0,2,0,24,9,0.0,8
96,Texans,0,2,0,25,11,0.0,9
97,Banditos 9U Texas,2,0,0,9,14,1.0,1
97,SOUTH COAST CREAM X.,2,0,0,12,24,1.0,2
97,Lamar Elite - 9U - Red,2,0,0,13,29,1.0,3
97,LC Legends,1,1,0,15,12,0.5,4
97,Katy Bombers 9U,1,1,0,20,16,0.5,5
97,Marucci Elite Texas - Holden,0,1,1,18,13,0.25,6
97,Houston Bandits 9u,0,1,1,23,12,0.25,7
97,Texans,0,2,0,14,12,0.0,8
97,Texas Elite Lobos - Gold,0,2,0,24,16,0.0,9
98,SOUTH COAST CREAM X.,2,0,0,12,24,1.0,1
98,Texans,2,0,0,14,21,1.0,2
98,Banditos 9U Texas,1,1,0,17,17,0.5,3
98,Houston Bandits 9u,1,1,0,19,18,0.5,4
98,Lamar Elite - 9U - Red,1,1,0,20,23,0.5,5
98,Marucci Elite Texas - Holden,1,1,0,20,18,0.5,6
98,Katy Bombers 9U,1,1,0,20,16,0.5,7
98,LC Legends,0,2,0,16,9,0.0,8
98,Texas Elite Lobos - Gold,0,2,0,24,16,0.0,9
99,SOUTH COAST CREAM X.,2,0,0,12,24,1.0,1
99,Texans,2,0,0,13,18,1.0,2
99,Banditos 9U Texas,1,1,0,13,15,0.5,3
99,Marucci Elite Texas - Holden,1,1,0,14,17,0.5,4
99,Houston Bandits 9u,1,1,0,18,21,0.5,5
99,Katy Bombers 9U,1,1,0,20,16,0.5,6
99,Lamar Elite - 9U - Red,1,1,0,22,16,0.5,7
99,LC Legends,0,2,0,17,10,0.0,8
99,Texas Elite Lobos - Gold,0,2,0,24,16,0.0,9
100,SOUTH COAST CREAM X.,2,0,0,12,24,1.0,1
100,Lamar Elite - 9U - Red,2,0,0,16,18,1.0,2
100,LC Legends,1,1,0,12,15,0.5,3
100,Marucci Elite Texas - Holden,1,1,0,14,22,0.5,4
100,Katy Bombers 9U,1,1,0,20,16,0.5,5
100,Texans,1,1,0,21,22,0.5,6
100,Banditos 9U Texas,1,1,0,22,18,0.5,7
100,Houston Bandits 9u,0,2,0,21,11,0.0,8
100,Texas Elite Lobos - Gold,0,2,0,24,16,0.0,9
101,SOUTH COAST CREAM X.,2,0,0,12,24,1.0,1
101,Banditos 9U Texas,2,0,0,13,18,1.0,2
101,Lamar Elite - 9U - Red,2,0,0,17,33,1.0,3
101,Katy Bombers 9U,1,1,0,20,16,0.5,4
101,Marucci Elite Texas - Holden,1,1,0,24,17,0.5,5
101,LC Legends,0,1,1,23,19,0.25,6
101,Texans,0,1,1,25,24,0.25,7
101,Texas Elite Lobos - Gold,0,2,0,24,16,0.0,8
101,Houston Bandits 9u,0,2,0,25,16,0.0,9
102,SOUTH COAST CREAM X.,2,0,0,12,24,1.0,1
102,Marucci Elite Texas - Holden,2,0,0,16,21,1.0,2
102,Texans,1,0,1,10,11,0.75,3
102,Banditos 9U Texas,1,1,0,8,11,0.5,4
102,Houston Bandits 9u,1,1,0,19,20,0.5,5
102,Katy Bombers 9U,1,1,0,20,16,0.5,6
102,LC Legends,0,1,1,15,11,0.25,7
102,Lamar Elite - 9U - Red,0,2,0,23,17,0.0,8
102,Texas Elite Lobos - Gold,0,2,0,24,16,0.0,9
103,SOUTH COAST CREAM X.,2,0,0,12,24,1.0,1
103,Banditos 9U Texas,1,0,1,12,16,0.75,2
103,Texans,1,0,1,17,19,0.75,3
103,Lamar Elite - 9U - Red,1,1,0,14,21,0.5,4
103,Houston Bandits 9u,1,1,0,19,19,0.5,5
103,Katy Bombers 9U,1,1,0,20,16,0.5,6
103,Marucci Elite Texas - Holden,1,1,0,21,14,0.5,7
103,LC Legends,0,2,0,19,13,0.0,8
103,Texas Elite Lobos - Gold,0,2,0,24,16,0.0,9
104,Banditos 9U Texas,2,0,0,10,21,1.0,1
104,SOUTH COAST CREAM X.,2,0,0,12,24,1.0,2
104,Marucci Elite Texas - Holden,2,0,0,15,18,1.0,3
104,Lamar Elite - 9U - Red,1,1,0,19,23,0.5,4
104,Katy Bombers 9U,1,1,0,20,16,0.5,5
104,Texans,1,1,0,23,18,0.5,6
104,Houston Bandits 9u,0,2,0,19,12,0.0,7
104,LC Legends,0,2,0,20,14,0.0,8
104,Texas Elite Lobos - Gold,0,2,0,24,16,0.0,9
105,Texans,2,0,0,9,16,1.0,1
105,SOUTH COAST CREAM X.,2,0,0,12,24,1.0,2
105,Lamar Elite - 9U - Red,2,0,0,21,25,1.0,3
105,Banditos 9U Texas,1,1,0,12,13,0.5,4
105,Houston Bandits 9u,1,1,0,20,19,0.5,5
105,Katy Bombers 9U,1,1,0,20,16,0.5,6
105,LC Legends,0,2,0,16,8,0.0,7
105,Marucci Elite Texas - Holden,0,2,0,23,20,0.0,8
105,Texas Elite Lobos - Gold,0,2,0,24,16,0.0,9
106,SOUTH COAST CREAM X.,2,0,0,12,24,1.0,1
106,Banditos 9U Texas,2,0,0,13,18,1.0,2
106,Marucci Elite Texas - Holden,2,0,0,15,21,1.0,3
106,Lamar Elite - 9U - Red,1,1,0,17,19,0.5,4
106,LC Legends,1,1,0,18,19,0.5,5
106,Katy Bombers 9U,1,1,0,20,16,0.5,6
106,Houston Bandits 9u,0,2,0,24,16,0.0,7
106,Texas Elite Lobos - Gold,0,2,0,24,16,0.0,8
106,Texans,0,2,0,25,19,0.0,9
107,Texans,2,0,0,12,34,1.0,1
107,SOUTH COAST CREAM X.,2,0,0,12,24,1.0,2
107,Houston Bandits 9u,1,1,0,17,15,0.5,3
107,Marucci Elite Texas - Holden,1,1,0,18,18,0.5,4
107,Lamar Elite - 9U - Red,1,1,0,19,21,0.5,5
107,Katy Bombers 9U,1,1,0,20,16,0.5,6
107,Banditos 9U Texas,1,1,0,27,15,0.5,7
107,LC Legends,0,2,0,19,9,0.0,8
107,Texas Elite Lobos - Gold,0,2,0,24,16,0.0,9
108,SOUTH COAST CREAM X.,2,0,0,12,24,1.0,1
108,Banditos 9U Texas,1,0,1,12,16,0.75,2
108,Houston Bandits 9u,1,1,0,10,14,0.5,3
108,Marucci Elite Texas - Holden,1,1,0,12,12,0.5,4
108,Lamar Elite - 9U - Red,1,1,0,16,12,0.5,5
108,LC Legends,1,1,0,19,16,0.5,6
108,Katy Bombers 9U,1,1,0,20,16,0.5,7
108,Texans,0,1,1,20,19,0.25,8
108,Texas Elite Lobos - Gold,0,2,0,24,16,0.0,9
109,SOUTH COAST CREAM X.,2,0,0,12,24,1.0,1
109,Banditos 9U Texas,2,0,0,16,21,1.0,2
109,Houston Bandits 9u,1,0,1,16,19,0.75,3
109,Katy Bombers 9U,1,1,0,20,16,0.5,4
109,Texans,1,1,0,21,21,0.5,5
109,Lamar Elite - 9U - Red,1,1,0,21,19,0.5,6
109,Marucci Elite Texas - Holden,0,1,1,17,16,0.25,7
109,LC Legends,0,2,0,17,12,0.0,8
109,Texas Elite Lobos - Gold,0,2,0,24,16,0.0,9
110,SOUTH COAST CREAM X.,2,0,0,12,24,1.0,1
110,Banditos 9U Texas,2,0,0,12,22,1.0,2
110,Lamar Elite - 9U - Red,2,0,0,12,15,1.0,3
110,Marucci Elite Texas - Holden,1,1,0,12,11,0.5,4
110,Texans,1,1,0,19,22,0.5,5
110,Katy Bombers 9U,1,1,0,20,16,0.5,6
110,Houston Bandits 9u,0,2,0,18,16,0.0,7
110,LC Legends,0,2,0,22,9,0.0,8
110,Texas Elite Lobos - Gold,0,2,0,24,16,0.0,9
111,SOUTH COAST CREAM X.,2,0,0,12,24,1.0,1
111,Texans,2,0,0,15,24,1.0,2
111,Houston Bandits 9u,1,0,1,17,19,0.75,3
111,Lamar Elite - 9U - Red,1,0,1,19,22,0.75,4
111,Banditos 9U Texas,1,1,0,20,17,0.5,5
111,Katy Bombers 9U,1,1,0,20,16,0.5,6
111,LC Legends,0,2,0,16,10,0.0,7
111,Marucci Elite Texas - Holden,0,2,0,23,18,0.0,8
111,Texas Elite Lobos - Gold,0,2,0,24,16,0.0,9
112,SOUTH COAST CREAM X.,2,0,0,12,24,1.0,1
112,Marucci Elite Texas - Holden,2,0,0,14,30,1.0,2
112,LC Legends,1,1,0,13,13,0.5,3
112,Banditos 9U Texas,1,1,0,15,17,0.5,4
112,Texans,1,1,0,18,16,0.5,5
112,Katy Bombers 9U,1,1,0,20,16,0.5,6
112,Lamar Elite - 9U - Red,1,1,0,24,20,0.5,7
112,Houston Bandits 9u,0,2,0,23,11,0.0,8
112,Texas Elite Lobos - Gold,0,2,0,24,16,0.0,9
113,SOUTH COAST CREAM X.,2,0,0,12,24,1.0,1
113,Lamar Elite - 9U - Red,2,0,0,16,20,1.0,2
113,Texans,2,0,0,17,22,1.0,3
113,Banditos 9U Texas,1,1,0,13,16,0.5,4
113,Katy Bombers 9U,1,1,0,20,16,0.5,5
113,Houston Bandits 9u,1,1,0,23,24,0.5,6
113,Marucci Elite Texas - Holden,0,2,0,20,15,0.0,7
113,LC Legends,0,2,0,21,13,0.0,8
113,Texas Elite Lobos - Gold,0,2,0,24,16,0.0,9
114,SOUTH COAST CREAM X.,2,0,0,12,24,1.0,1
114,Houston Bandits 9u,2,0,0,12,19,1.0,2
114,Texans,2,0,0,17,28,1.0,3
114,Marucci Elite Texas - Holden,1,1,0,11,13,0.5,4
114,Banditos 9U Texas,1,1,0,18,16,0.5,5
114,Katy Bombers 9U,1,1,0,20,16,0.5,6
114,Lamar Elite - 9U - Red,0,2,0,20,11,0.0,7
114,LC Legends,0,2,0,22,13,0.0,8
114,Texas Elite Lobos - Gold,0,2,0,24,16,0.0,9
115,Banditos 9U Texas,2,0,0,10,15,1.0,1
115,SOUTH COAST CREAM X.,2,0,0,12,24,1.0,2
115,Marucci Elite Texas - Holden,1,0,1,17,18,0.75,3
115,Lamar Elite - 9U - Red,1,1,0,15,17,0.5,4
115,LC Legends,1,1,0,15,14,0.5,5
115,Katy Bombers 9U,1,1,0,20,16,0.5,6
115,Houston Bandits 9u,0,1,1,20,17,0.25,7
115,Texans,0,2,0,17,13,0.0,8
115,Texas Elite Lobos - Gold,0,2,0,24,16,0.0,9
116,Banditos 9U Texas,2,0,0,11,17,1.0,1
116,SOUTH COAST CREAM X.,2,0,0,12,24,1.0,2
116,Marucci Elite Texas - Holden,1,1,0,16,26,0.5,3
116,LC Legends,1,1,0,18,17,0.5,4
116,Houston Bandits 9u,1,1,0,20,20,0.5,5
116,Katy Bombers 9U,1,1,0,20,16,0.5,6
116,Lamar Elite - 9U - Red,1,1,0,28,18,0.5,7
116,Texans,0,2,0,22,17,0.0,8
116,Texas Elite Lobos - Gold,0,2,0,24,16,0.0,9
117,SOUTH COAST CREAM X.,2,0,0,12,24,1.0,1
117,Lamar Elite - 9U - Red,2,0,0,13,24,1.0,2
117,Banditos 9U Texas,1,0,1,15,19,0.75,3
117,LC Legends,1,1,0,15,20,0.5,4
117,Katy Bombers 9U,1,1,0,20,16,0.5,5
117,Marucci Elite Texas - Holden,1,1,0,24,19,0.5,6
117,Texans,0,1,1,27,18,0.25,7
117,Houston Bandits 9u,0,2,0,22,16,0.0,8
117,Texas Elite Lobos - Gold,0,2,0,24,16,0.0,9
118,SOUTH COAST CREAM X.,2,0,0,12,24,1.0,1
118,Lamar Elite - 9U - Red,2,0,0,13,21,1.0,2
118,Texans,1,0,1,16,19,0.75,3
118,Banditos 9U Texas,1,1,0,13,14,0.5,4
118,Marucci Elite Texas - Holden,1,1,0,16,16,0.5,5
118,Katy Bombers 9U,1,1,0,20,16,0.5,6
118,LC Legends,0,1,1,18,14,0.25,7
118,Houston Bandits 9u,0,2,0,22,14,0.0,8
118,Texas Elite Lobos - Gold,0,2,0,24,16,0.0,9
119,SOUTH COAST CREAM X.,2,0,0,12,24,1.0,1
119,Houston Bandits 9u,2,0,0,13,20,1.0,2
119,Banditos 9U Texas,1,1,0,14,15,0.5,3
119,LC Legends,1,1,0,20,18,0.5,4
119,Katy Bombers 9U,1,1,0,20,16,0.5,5
119,Texans,1,1,0,21,22,0.5,6
119,Lamar Elite - 9U - Red,1,1,0,23,21,0.5,7
119,Marucci Elite Texas - Holden,0,2,0,24,19,0.0,8
119,Texas Elite Lobos - Gold,0,2,0,24,16,0.0,9
120,SOUTH COAST CREAM X.,2,0,0,12,24,1.0,1
120,Texans,2,0,0,12,18,1.0,2
120,Marucci Elite Texas - Holden,2,0,0,12,14,1.0,3
120,Lamar Elite - 9U - Red,1,1,0,10,15,0.5,4
120,Banditos 9U Texas,1,1,0,12,12,0.5,5
120,Katy Bombers 9U,1,1,0,20,16,0.5,6
120,LC Legends,0,2,0,18,12,0.0,7
120,Houston Bandits 9u,0,2,0,20,13,0.0,8
120,Texas Elite Lobos - Gold,0,2,0,24,16,0.0,9
121,SOUTH COAST CREAM X.,2,0,0,12,24,1.0,1
121,Banditos 9U Texas,2,0,0,13,19,1.0,2
121,Lamar Elite - 9U - Red,2,0,0,19,22,1.0,3
121,LC Legends,1,1,0,19,16,0.5,4
121,Katy Bombers 9U,1,1,0,20,16,0.5,5
121,Houston Bandits 9u,0,1,1,16,14,0.25,6
121,Marucci Elite Texas - Holden,0,1,1,18,17,0.25,7
121,Texans,0,2,0,23,20,0.0,8
121,Texas Elite Lobos - Gold,0,2,0,24,16,0.0,9
122,SOUTH COAST CREAM X.,2,0,0,12,24,1.0,1
122,Banditos 9U Texas,2,0,0,14,19,1.0,2
122,Lamar Elite - 9U - Red,2,0,0,17,20,1.0,3
122,Marucci Elite Texas - Holden,1,1,0,11,12,0.5,4
122,LC Legends,1,1,0,18,16,0.5,5
122,Katy Bombers 9U,1,1,0,20,16,0.5,6
122,Houston Bandits 9u,0,2,0,20,16,0.0,7
122,Texans,0,2,0,23,20,0.0,8
122,Texas Elite Lobos - Gold,0,2,0,24,16,0.0,9
123,SOUTH COAST CREAM X.,2,0,0,12,24,1.0,1
123,Banditos 9U Texas,2,0,0,12,21,1.0,2
123,Marucci Elite Texas - Holden,2,0,0,15,21,1.0,3
123,LC Legends,1,1,0,11,10,0.5,4
123,Lamar Elite - 9U - Red,1,1,0,17,15,0.5,5
123,Katy Bombers 9U,1,1,0,20,16,0.5,6
123,Houston Bandits 9u,0,2,0,14,10,0.0,7
123,Texans,0,2,0,19,11,0.0,8
123,Texas Elite Lobos - Gold,0,2,0,24,16,0.0,9
124,Banditos 9U Texas,2,0,0,10,17,1.0,1
124,SOUTH COAST CREAM X.,2,0,0,12,24,1.0,2
124,Marucci Elite Texas - Holden,2,0,0,17,28,1.0,3
124,Texans,1,1,0,20,19,0.5,4
124,Katy Bombers 9U,1,1,0,20,16,0.5,5
124,Houston Bandits 9u,1,1,0,25,22,0.5,6
124,LC Legends,0,2,0,21,15,0.0,7
124,Texas Elite Lobos - Gold,0,2,0,24,16,0.0,8
124,Lamar Elite - 9U - Red,0,2,0,25,17,0.0,9
125,Marucci Elite Texas - Holden,2,0,0,10,20,1.0,1
125,SOUTH COAST CREAM X.,2,0,0,12,24,1.0,2
125,Texans,2,0,0,17,26,1.0,3
125,Banditos 9U Texas,1,1,0,15,13,0.5,4
125,Katy Bombers 9U,1,1,0,20,16,0.5,5
125,Houston Bandits 9u,0,1,1,11,10,0.25,6
125,Lamar Elite - 9U - Red,0,1,1,19,10,0.25,7
125,LC Legends,0,2,0,23,16,0.0,8
125,Texas Elite Lobos - Gold,0,2,0,24,16,0.0,9
126,SOUTH COAST CREAM X.,2,0,0,12,24,1.0,1
126,Texans,2,0,0,15,19,1.0,2
126,Lamar Elite - 9U - Red,2,0,0,17,21,1.0,3
126,Banditos 9U Texas,1,1,0,16,17,0.5,4
126,Houston Bandits 9u,1,1,0,20,20,0.5,5
126,Katy Bombers 9U,1,1,0,20,16,0.5,6
126,LC Legends,0,2,0,15,10,0.0,7
126,Texas Elite Lobos - Gold,0,2,0,24,16,0.0,8
126,Marucci Elite Texas - Holden,0,2,0,25,21,0.0,9
127,SOUTH COAST CREAM X.,2,0,0,12,24,1.0,1
127,Banditos 9U Texas,2,0,0,13,18,1.0,2
127,LC Legends,1,1,0,12,11,0.5,3
127,Houston Bandits 9u,1,1,0,14,16,0.5,4
127,Marucci Elite Texas - Holden,1,1,0,17,17,0.5,5
127,Lamar Elite - 9U - Red,1,1,0,17,15,0.5,6
127,Katy Bombers 9U,1,1,0,20,16,0.5,7
127,Texans,0,2,0,17,13,0.0,8
127,Texas Elite Lobos - Gold,0,2,0,24,16,0.0,9
128,SOUTH COAST CREAM X.,2,0,0,12,24,1.0,1
128,Houston Bandits 9u,2,0,0,16,20,1.0,2
128,Banditos 9U Texas,1,1,0,11,13,0.5,3
128,LC Legends,1,1,0,14,16,0.5,4
128,Texans,1,1,0,17,13,0.5,5
128,Katy Bombers 9U,1,1,0,20,16,0.5,6
128,Lamar Elite - 9U - Red,1,1,0,23,25,0.5,7
128,Texas Elite Lobos - Gold,0,2,0,24,16,0.0,8
128,Marucci Elite Texas - Holden,0,2,0,32,26,0.0,9
129,SOUTH COAST CREAM X.,2,0,0,12,24,1.0,1
129,Lamar Elite - 9U - Red,2,0,0,16,24,1.0,2
129,Texans,2,0,0,17,21,1.0,3
129,Banditos 9U Texas,1,1,0,16,17,0.5,4
129,Marucci Elite Texas - Holden,1,1,0,19,18,0.5,5
129,Katy Bombers 9U,1,1,0,20,16,0.5,6
129,LC Legends,0,2,0,17,12,0.0,7
129,Houston Bandits 9u,0,2,0,21,14,0.0,8
129,Texas Elite Lobos - Gold,0,2,0,24,16,0.0,9
130,SOUTH COAST CREAM X.,2,0,0,12,24,1.0,1
130,Banditos 9U Texas,2,0,0,12,21,1.0,2
130,Houston Bandits 9u,2,0,0,20,26,1.0,3
130,Texans,1,1,0,17,13,0.5,4
130,Lamar Elite - 9U - Red,1,1,0,18,19,0.5,5
130,Katy Bombers 9U,1,1,0,20,16,0.5,6
130,LC Legends,0,2,0,13,8,0.0,7
130,Marucci Elite Texas - Holden,0,2,0,19,12,0.0,8
130,Texas Elite Lobos - Gold,0,2,0,24,16,0.0,9
131,Banditos 9U Texas,2,0,0,10,17,1.0,1
131,SOUTH COAST CREAM X.,2,0,0,12,24,1.0,2
131,Houston Bandits 9u,2,0,0,22,26,1.0,3
131,LC Legends,1,1,0,14,17,0.5,4
131,Katy Bombers 9U,1,1,0,20,16,0.5,5
131,Marucci Elite Texas - Holden,1,1,0,26,28,0.5,6
131,Texans,0,2,0,22,12,0.0,7
131,Lamar Elite - 9U - Red,0,2,0,23,17,0.0,8
131,Texas Elite Lobos - Gold,0,2,0,24,16,0.0,9
132,SOUTH COAST CREAM X.,2,0,0,12,24,1.0,1
132,Texans,2,0,0,13,18,1.0,2
132,Houston Bandits 9u,2,0,0,15,23,1.0,3
132,Banditos 9U Texas,1,1,0,17,18,0.5,4
132,Marucci Elite Texas - Holden,1,1,0,19,18,0.5,5
132,Katy Bombers 9U,1,1,0,20,16,0.5,6
132,LC Legends,0,2,0,13,7,0.0,7
132,Lamar Elite - 9U - Red,0,2,0,22,15,0.0,8
132,Texas Elite Lobos - Gold,0,2,0,24,16,0.0,9
133,SOUTH COAST CREAM X.,2,0,0,12,24,1.0,1
133,Marucci Elite Texas - Holden,1,0,1,16,20,0.75,2
133,LC Legends,1,1,0,11,17,0.5,3
133,Banditos 9U Texas,1,1,0,15,18,0.5,4
133,Lamar Elite - 9U - Red,0,0,2,17,17,0.5,5
133,Katy Bombers 9U,1,1,0,20,16,0.5,6
133,Texans,1,1,0,23,14,0.5,7
133,Houston Bandits 9u,0,1,1,19,15,0.25,8
133,Texas Elite Lobos - Gold,0,2,0,24,16,0.0,9
134,Banditos 9U Texas,2,0,0,11,23,1.0,1
134,SOUTH COAST CREAM X.,2,0,0,12,24,1.0,2
134,Lamar Elite - 9U - Red,2,0,0,13,25,1.0,3
134,Katy Bombers 9U,1,1,0,20,16,0.5,4
134,Texans,1,1,0,21,15,0.5,5
134,Houston Bandits 9u,0,1,1,19,13,0.25,6
134,Marucci Elite Texas - Holden,0,1,1,20,14,0.25,7
134,LC Legends,0,2,0,16,10,0.0,8
134,Texas Elite Lobos - Gold,0,2,0,24,16,0.0,9
135,Texans,2,0,0,11,26,1.0,1
135,SOUTH COAST CREAM X.,2,0,0,12,24,1.0,2
135,Houston Bandits 9u,2,0,0,16,19,1.0,3
135,Marucci Elite Texas - Holden,1,1,0,14,18,0.5,4
135,Banditos 9U Texas,1,1,0,18,14,0.5,5
135,Katy Bombers 9U,1,1,0,20,16,0.5,6
135,Lamar Elite - 9U - Red,0,2,0,18,11,0.0,7
135,LC Legends,0,2,0,20,9,0.0,8
135,Texas Elite Lobos - Gold,0,2,0,24,16,0.0,9
136,Texans,2,0,0,12,24,1.0,1
136,SOUTH COAST CREAM X.,2,0,0,12,24,1.0,2
136,Houston Bandits 9u,2,0,0,14,17,1.0,3
136,Banditos 9U Texas,1,1,0,13,14,0.5,4
136,Katy Bombers 9U,1,1,0,20,16,0.5,5
136,Lamar Elite - 9U - Red,1,1,0,22,24,0.5,6
136,LC Legends,0,2,0,23,10,0.0,7
136,Texas Elite Lobos - Gold,0,2,0,24,16,0.0,8
136,Marucci Elite Texas - Holden,0,2,0,28,23,0.0,9
137,SOUTH COAST CREAM X.,2,0,0,12,24,1.0,1
137,Lamar Elite - 9U - Red,2,0,0,15,30,1.0,2
137,Texans,1,0,1,20,23,0.75,3
137,Banditos 9U Texas,1,1,0,16,17,0.5,4
137,Katy Bombers 9U,1,1,0,20,16,0.5,5
137,Marucci Elite Texas - Holden,1,1,0,27,23,0.5,6
137,LC Legends,0,1,1,19,15,0.25,7
137,Texas Elite Lobos - Gold,0,2,0,24,16,0.0,8
137,Houston Bandits 9u,0,2,0,35,24,0.0,9
138,SOUTH COAST CREAM X.,2,0,0,12,24,1.0,1
138,Texans,2,0,0,19,28,1.0,2
138,Houston Bandits 9u,1,0,1,19,25,0.75,3
138,Lamar Elite - 9U - Red,1,0,1,20,21,0.75,4
138,Banditos 9U Texas,1,1,0,20,18,0.5,5
138,Katy Bombers 9U,1,1,0,20,16,0.5,6
138,LC Legends,0,2,0,20,13,0.0,7
138,Marucci Elite Texas - Holden,0,2,0,24,17,0.0,8
138,Texas Elite Lobos - Gold,0,2,0,24,16,0.0,9
139,SOUTH COAST CREAM X.,2,0,0,12,24,1.0,1
139,Banditos 9U Texas,2,0,0,13,20,1.0,2
139,LC Legends,1,1,0,12,11,0.5,3
139,Houston Bandits 9u,1,1,0,19,21,0.5,4
139,Katy Bombers 9U,1,1,0,20,16,0.5,5
139,Marucci Elite Texas - Holden,1,1,0,21,21,0.5,6
139,Lamar Elite - 9U - Red,1,1,0,21,19,0.5,7
139,Texans,0,2,0,19,13,0.0,8
139,Texas Elite Lobos - Gold,0,2,0,24,16,0.0,9
140,Banditos 9U Texas,2,0,0,11,21,1.0,1
140,SOUTH COAST CREAM X.,2,0,0,12,24,1.0,2
140,Lamar Elite - 9U - Red,2,0,0,14,21,1.0,3
140,LC Legends,1,1,0,19,17,0.5,4
140,Katy Bombers 9U,1,1,0,20,16,0.5,5
140,Marucci Elite Texas - Holden,1,1,0,26,22,0.5,6
140,Houston Bandits 9u,0,2,0,20,17,0.0,7
140,Texas Elite Lobos - Gold,0,2,0,24,16,0.0,8
140,Texans,0,2,0,26,18,0.0,9
141,SOUTH COAST CREAM X.,2,0,0,12,24,1.0,1
141,Houston Bandits 9u,1,0,1,13,14,0.75,2
141,Banditos 9U Texas,1,0,1,14,18,0.75,3
141,Marucci Elite Texas - Holden,1,0,1,15,20,0.75,4
141,LC Legends,1,1,0,15,14,0.5,5
141,Katy Bombers 9U,1,1,0,20,16,0.5,6
141,Texans,0,1,1,20,17,0.25,7
141,Lamar Elite - 9U - Red,0,2,0,22,16,0.0,8
141,Texas Elite Lobos - Gold,0,2,0,24,16,0.0,9
142,SOUTH COAST CREAM X.,2,0,0,12,24,1.0,1
142,Banditos 9U Texas,2,0,0,13,18,1.0,2
142,Houston Bandits 9u,2,0,0,16,30,1.0,3
142,LC Legends,1,1,0,14,18,0.5,4
142,Katy Bombers 9U,1,1,0,20,16,0.5,5
142,Lamar Elite - 9U - Red,1,1,0,27,22,0.5,6
142,Texas Elite Lobos - Gold,0,2,0,24,16,0.0,7
142,Marucci Elite Texas - Holden,0,2,0,24,15,0.0,8
142,Texans,0,2,0,24,15,0.0,9
143,SOUTH COAST CREAM X.,2,0,0,12,24,1.0,1
143,Texans,2,0,0,15,20,1.0,2
143,Marucci Elite Texas - Holden,2,0,0,17,20,1.0,3
143,Lamar Elite - 9U - Red,1,1,0,14,18,0.5,4
143,Banditos 9U Texas,1,1,0,16,16,0.5,5
143,Katy Bombers 9U,1,1,0,20,16,0.5,6
143,LC Legends,0,2,0,16,11,0.0,7
143,Houston Bandits 9u,0,2,0,17,10,0.0,8
143,Texas Elite Lobos - Gold,0,2,0,24,16,0.0,9
144,Lamar Elite - 9U - Red,2,0,0,8,19,1.0,1
144,SOUTH COAST CREAM X.,2,0,0,12,24,1.0,2
144,Banditos 9U Texas,2,0,0,12,19,1.0,3
144,LC Legends,1,1,0,16,13,0.5,4
144,Marucci Elite Texas - Holden,1,1,0,17,22,0.5,5
144,Katy Bombers 9U,1,1,0,20,16,0.5,6
144,Texans,0,2,0,20,16,0.0,7
144,Texas Elite Lobos - Gold,0,2,0,24,16,0.0,8
144,Houston Bandits 9u,0,2,0,25,9,0.0,9
145,SOUTH COAST CREAM X.,2,0,0,12,24,1.0,1
145,Banditos 9U Texas,2,0,0,13,19,1.0,2
145,Houston Bandits 9u,1,0,1,19,20,0.75,3
145,Marucci Elite Texas - Holden,1,1,0,20,24,0.5,4
145,Katy Bombers 9U,1,1,0,20,16,0.5,5
145,LC Legends,0,1,1,21,17,0.25,6
145,Lamar Elite - 9U - Red,0,1,1,23,18,0.25,7
145,Texans,0,1,1,24,22,0.25,8
145,Texas Elite Lobos - Gold,0,2,0,24,16,0.0,9
146,SOUTH COAST CREAM X.,2,0,0,12,24,1.0,1
146,Lamar Elite - 9U - Red,2,0,0,16,23,1.0,2
146,Banditos 9U Texas,1,0,1,15,19,0.75,3
146,Marucci Elite Texas - Holden,1,1,0,19,19,0.5,4
146,Texans,0,0,2,20,20,0.5,5
146,Katy Bombers 9U,1,1,0,20,16,0.5,6
146,LC Legends,0,1,1,17,13,0.25,7
146,Houston Bandits 9u,0,2,0,22,15,0.0,8
146,Texas Elite Lobos - Gold,0,2,0,24,16,0.0,9
147,SOUTH COAST CREAM X.,2,0,0,12,24,1.0,1
147,Marucci Elite Texas - Holden,2,0,0,20,24,1.0,2
147,Banditos 9U Texas,1,1,0,13,16,0.5,3
147,LC Legends,1,1,0,13,14,0.5,4
147,Lamar Elite - 9U - Red,1,1,0,17,16,0.5,5
147,Texans,1,1,0,18,14,0.5,6
147,Katy Bombers 9U,1,1,0,20,16,0.5,7
147,Houston Bandits 9u,0,2,0,16,13,0.0,8
147,Texas Elite Lobos - Gold,0,2,0,24,16,0.0,9
148,SOUTH COAST CREAM X.,2,0,0,12,24,1.0,1
148,Banditos 9U Texas,2,0,0,14,21,1.0,2
148,Lamar Elite - 9U - Red,2,0,0,14,18,1.0,3
148,Marucci Elite Texas - Holden,1,1,0,20,18,0.5,4
148,Katy Bombers 9U,1,1,0,20,16,0.5,5
148,LC Legends,0,1,1,17,13,0.25,6
148,Texans,0,1,1,22,19,0.25,7
148,Houston Bandits 9u,0,2,0,21,19,0.0,8
148,Texas Elite Lobos - Gold,0,2,0,24,16,0.0,9
149,SOUTH COAST CREAM X.,2,0,0,12,24,1.0,1
149,Banditos 9U Texas,1,0,1,13,17,0.75,2
149,Lamar Elite - 9U - Red,1,1,0,15,18,0.5,3
149,Marucci Elite Texas - Holden,1,1,0,17,16,0.5,4
149,Katy Bombers 9U,1,1,0,20,16,0.5,5
149,Houston Bandits 9u,1,1,0,21,19,0.5,6
149,Texans,0,0,2,24,24,0.5,7
149,LC Legends,0,1,1,23,19,0.25,8
149,Texas Elite Lobos - Gold,0,2,0,24,16,0.0,9
150,SOUTH COAST CREAM X.,2,0,0,12,24,1.0,1
150,Lamar Elite - 9U - Red,2,0,0,14,20,1.0,2
150,Banditos 9U Texas,1,1,0,13,16,0.5,3
150,LC Legends,1,1,0,15,16,0.5,4
150,Katy Bombers 9U,1,1,0,20,16,0.5,5
150,Texans,1,1,0,20,16,0.5,6
150,Marucci Elite Texas - Holden,1,1,0,22,24,0.5,7
150,Houston Bandits 9u,0,2,0,22,14,0.0,8
150,Texas Elite Lobos - Gold,0,2,0,24,16,0.0,9
151,SOUTH COAST CREAM X.,2,0,0,12,24,1.0,1
151,Texans,2,0,0,14,19,1.0,2
151,Lamar Elite - 9U - Red,2,0,0,21,24,1.0,3
151,Banditos 9U Texas,1,1,0,15,15,0.5,4
151,Katy Bombers 9U,1,1,0,20,16,0.5,5
151,Houston Bandits 9u,1,1,0,22,23,0.5,6
151,LC Legends,0,2,0,16,11,0.0,7
151,Marucci Elite Texas - Holden,0,2,0,23,19,0.0,8
151,Texas Elite Lobos - Gold,0,2,0,24,16,0.0,9
152,Houston Bandits 9u,2,0,0,6,19,1.0,1
152,Banditos 9U Texas,2,0,0,11,18,1.0,2
152,SOUTH COAST CREAM X.,2,0,0,12,24,1.0,3
152,Marucci Elite Texas - Holden,1,1,0,16,13,0.5,4
152,Katy Bombers 9U,1,1,0,20,16,0.5,5
152,Texans,1,1,0,22,20,0.5,6
152,Lamar Elite - 9U - Red,0,2,0,20,10,0.0,7
152,LC Legends,0,2,0,21,16,0.0,8
152,Texas Elite Lobos - Gold,0,2,0,24,16,0.0,9
153,SOUTH COAST CREAM X.,2,0,0,12,24,1.0,1
153,Lamar Elite - 9U - Red,2,0,0,16,20,1.0,2
153,Houston Bandits 9u,1,1,0,10,16,0.5,3
153,Banditos 9U Texas,1,1,0,14,17,0.5,4
153,LC Legends,1,1,0,15,13,0.5,5
153,Texans,1,1,0,18,17,0.5,6
153,Katy Bombers 9U,1,1,0,20,16,0.5,7
153,Marucci Elite Texas - Holden,0,2,0,21,11,0.0,8
153,Texas Elite Lobos - Gold,0,2,0,24,16,0.0,9
154,Houston Bandits 9u,2,0,0,10,15,1.0,1
154,SOUTH COAST CREAM X.,2,0,0,12,24,1.0,2
154,Lamar Elite - 9U - Red,1,1,0,14,15,0.5,3
154,Banditos 9U Texas,1,1,0,15,15,0.5,4
154,Texans,1,1,0,17,20,0.5,5
154,LC Legends,1,1,0,17,14,0.5,6
154,Katy Bombers 9U,1,1,0,20,16,0.5,7
154,Marucci Elite Texas - Holden,0,2,0,19,13,0.0,8
154,Texas Elite Lobos - Gold,0,2,0,24,16,0.0,9
155,SOUTH COAST CREAM X.,2,0,0,12,24,1.0,1
155,Marucci Elite Texas - Holden,2,0,0,14,24,1.0,2
155,Texans,2,0,0,16,22,1.0,3
155,Banditos 9U Texas,1,1,0,16,19,0.5,4
155,Katy Bombers 9U,1,1,0,20,16,0.5,5
155,Lamar Elite - 9U - Red,1,1,0,21,18,0.5,6
155,LC Legends,0,2,0,18,9,0.0,7
155,Houston Bandits 9u,0,2,0,19,12,0.0,8
155,Texas Elite Lobos - Gold,0,2,0,24,16,0.0,9
156,SOUTH COAST CREAM X.,2,0,0,12,24,1.0,1
156,Banditos 9U Texas,2,0,0,12,19,1.0,2
156,Lamar Elite - 9U - Red,1,1,0,15,16,0.5,3
156,LC Legends,1,1,0,15,14,0.5,4
156,Houston Bandits 9u,1,1,0,20,24,0.5,5
156,Katy Bombers 9U,1,1,0,20,16,0.5,6
156,Marucci Elite Texas - Holden,1,1,0,20,15,0.5,7
156,Texans,0,2,0,21,15,0.0,8
156,Texas Elite Lobos - Gold,0,2,0,24,16,0.0,9
157,SOUTH COAST CREAM X.,2,0,0,12,24,1.0,1
157,Banditos 9U Texas,2,0,0,13,20,1.0,2
157,Marucci Elite Texas - Holden,2,0,0,17,27,1.0,3
157,Lamar Elite - 9U - Red,1,1,0,19,15,0.5,4
157,Katy Bombers 9U,1,1,0,20,16,0.5,5
157,Texans,1,1,0,21,19,0.5,6
157,LC Legends,0,2,0,18,13,0.0,7
157,Texas Elite Lobos - Gold,0,2,0,24,16,0.0,8
157,Houston Bandits 9u,0,2,0,27,21,0.0,9
158,SOUTH COAST CREAM X.,2,0,0,12,24,1.0,1
158,Houston Bandits 9u,1,0,1,13,15,0.75,2
158,Lamar Elite - 9U - Red,1,1,0,15,17,0.5,3
158,LC Legends,1,1,0,16,17,0.5,4
158,Texans,1,1,0,19,24,0.5,5
158,Katy Bombers 9U,1,1,0,20,16,0.5,6
158,Banditos 9U Texas,1,1,0,20,14,0.5,7
158,Marucci Elite Texas - Holden,0,1,1,16,12,0.25,8
158,Texas Elite Lobos - Gold,0,2,0,24,16,0.0,9
159,Banditos 9U Texas,2,0,0,7,23,1.0,1
159,SOUTH COAST CREAM X.,2,0,0,12,24,1.0,2
159,Lamar Elite - 9U - Red,1,0,1,13,23,0.75,3
159,LC Legends,1,1,0,10,8,0.5,4
159,Marucci Elite Texas - Holden,1,1,0,18,15,0.5,5
159,Katy Bombers 9U,1,1,0,20,16,0.5,6
159,Houston Bandits 9u,0,1,1,24,17,0.25,7
159,Texans,0,2,0,19,5,0.0,8
159,Texas Elite Lobos - Gold,0,2,0,24,16,0.0,9
160,SOUTH COAST CREAM X.,2,0,0,12,24,1.0,1
160,Banditos 9U Texas,2,0,0,14,20,1.0,2
160,Houston Bandits 9u,1,1,0,19,22,0.5,3
160,Katy Bombers 9U,1,1,0,20,16,0.5,4
160,Marucci Elite Texas - Holden,1,1,0,22,21,0.5,5
160,Lamar Elite - 9U - Red,1,1,0,22,20,0.5,6
160,Texans,1,1,0,24,24,0.5,7
160,LC Legends,0,2,0,22,16,0.0,8
160,Texas Elite Lobos - Gold,0,2,0,24,16,0.0,9
161,Lamar Elite - 9U - Red,2,0,0,8,17,1.0,1
161,SOUTH COAST CREAM X.,2,0,0,12,24,1.0,2
161,Banditos 9U Texas,2,0,0,13,18,1.0,3
161,LC Legends,1,1,0,16,15,0.5,4
161,Marucci Elite Texas - Holden,1,1,0,17,15,0.5,5
161,Katy Bombers 9U,1,1,0,20,16,0.5,6
161,Houston Bandits 9u,0,2,0,20,13,0.0,7
161,Texans,0,2,0,21,17,0.0,8
161,Texas Elite Lobos - Gold,0,2,0,24,16,0.0,9
162,SOUTH COAST CREAM X.,2,0,0,12,24,1.0,1
162,Texans,2,0,0,18,23,1.0,2
162,Lamar Elite - 9U - Red,1,0,1,24,25,0.75,3
162,Banditos 9U Texas,1,1,0,16,16,0.5,4
162,Katy Bombers 9U,1,1,0,20,16,0.5,5
162,Marucci Elite Texas - Holden,1,1,0,22,24,0.5,6
162,Houston Bandits 9u,0,1,1,26,23,0.25,7
162,LC Legends,0,2,0,19,14,0.0,8
162,Texas Elite Lobos - Gold,0,2,0,24,16,0.0,9
163,SOUTH COAST CREAM X.,2,0,0,12,24,1.0,1
163,Banditos 9U Texas,2,0,0,14,22,1.0,2
163,Lamar Elite - 9U - Red,1,0,1,18,24,0.75,3
163,LC Legends,1,1,0,11,17,0.5,4
163,Katy Bombers 9U,1,1,0,20,16,0.5,5
163,Houston Bandits 9u,1,1,0,21,18,0.5,6
163,Marucci Elite Texas - Holden,0,1,1,22,19,0.25,7
163,Texas Elite Lobos - Gold,0,2,0,24,16,0.0,8
163,Texans,0,2,0,27,13,0.0,9
164,SOUTH COAST CREAM X.,2,0,0,12,24,1.0,1
164,Marucci Elite Texas - Holden,2,0,0,18,20,1.0,2
164,LC Legends,1,1,0,14,17,0.5,3
164,Banditos 9U Texas,1,1,0,15,14,0.5,4
164,Texans,1,1,0,19,17,0.5,5
164,Lamar Elite - 9U - Red,1,1,0,20,20,0.5,6
164,Katy Bombers 9U,1,1,0,20,16,0.5,7
164,Houston Bandits 9u,0,2,0,21,19,0.0,8
164,Texas Elite Lobos - Gold,0,2,0,24,16,0.0,9
165,Houston Bandits 9u,2,0,0,12,25,1.0,1
165,SOUTH COAST CREAM X.,2,0,0,12,24,1.0,2
165,Texans,2,0,0,22,25,1.0,3
165,Banditos 9U Texas,1,1,0,15,18,0.5,4
165,Lamar Elite - 9U - Red,1,1,0,20,18,0.5,5
165,Katy Bombers 9U,1,1,0,20,16,0.5,6
165,LC Legends,0,2,0,22,16,0.0,7
165,Texas Elite Lobos - Gold,0,2,0,24,16,0.0,8
165,Marucci Elite Texas - Holden,0,2,0,24,13,0.0,9
166,SOUTH COAST CREAM X.,2,0,0,12,24,1.0,1
166,Marucci Elite Texas - Holden,2,0,0,14,20,1.0,2
166,Banditos 9U Texas,1,1,0,15,16,0.5,3
166,LC Legends,1,1,0,16,15,0.5,4
166,Houston Bandits 9u,1,1,0,18,21,0.5,5
166,Texans,1,1,0,19,19,0.5,6
166,Katy Bombers 9U,1,1,0,20,16,0.5,7
166,Lamar Elite - 9U - Red,0,2,0,18,9,0.0,8
166,Texas Elite Lobos - Gold,0,2,0,24,16,0.0,9
167,SOUTH COAST CREAM X.,2,0,0,12,24,1.0,1
167,Marucci Elite Texas - Holden,2,0,0,16,19,1.0,2
167,Banditos 9U Texas,2,0,0,18,24,1.0,3
167,Houston Bandits 9u,1,1,0,13,15,0.5,4
167,LC Legends,1,1,0,18,15,0.5,5
167,Katy Bombers 9U,1,1,0,20,16,0.5,6
167,Lamar Elite - 9U - Red,0,2,0,17,12,0.0,7
167,Texas Elite Lobos - Gold,0,2,0,24,16,0.0,8
167,Texans,0,2,0,27,24,0.0,9
168,SOUTH COAST CREAM X.,2,0,0,12,24,1.0,1
168,LC Legends,1,1,0,13,19,0.5,2
168,Lamar Elite - 9U - Red,1,1,0,17,20,0.5,3
168,Banditos 9U Texas,1,1,0,17,19,0.5,4
168,Katy Bombers 9U,1,1,0,20,16,0.5,5
168,Houston Bandits 9u,1,1,0,23,22,0.5,6
168,Marucci Elite Texas - Holden,1,1,0,26,24,0.5,7
168,Texans,1,1,0,26,18,0.5,8
168,Texas Elite Lobos - Gold,0,2,0,24,16,0.0,9
169,SOUTH COAST CREAM X.,2,0,0,12,24,1.0,1
169,Marucci Elite Texas - Holden,1,0,1,19,20,0.75,2
169,LC Legends,1,1,0,15,14,0.5,3
169,Houston Bandits 9u,1,1,0,16,18,0.5,4
169,Banditos 9U Texas,1,1,0,17,17,0.5,5
169,Texans,1,1,0,19,20,0.5,6
169,Katy Bombers 9U,1,1,0,20,16,0.5,7
169,Lamar Elite - 9U - Red,0,1,1,15,12,0.25,8
169,Texas Elite Lobos - Gold,0,2,0,24,16,0.0,9
170,SOUTH COAST CREAM X.,2,0,0,12,24,1.0,1
170,Marucci Elite Texas - Holden,2,0,0,13,18,1.0,2
170,LC Legends,1,1,0,12,13,0.5,3
170,Lamar Elite - 9U - Red,1,1,0,17,15,0.5,4
170,Katy Bombers 9U,1,1,0,20,16,0.5,5
170,Texans,1,1,0,21,21,0.5,6
170,Banditos 9U Texas,1,1,0,21,20,0.5,7
170,Houston Bandits 9u,0,2,0,19,16,0.0,8
170,Texas Elite Lobos - Gold,0,2,0,24,16,0.0,9
171,SOUTH COAST CREAM X.,2,0,0,12,24,1.0,1
171,Texans,2,0,0,18,22,1.0,2
171,Banditos 9U Texas,1,1,0,17,18,0.5,3
171,Lamar Elite - 9U - Red,1,1,0,19,17,0.5,4
171,Houston Bandits 9u,1,1,0,20,22,0.5,5
171,Katy Bombers 9U,1,1,0,20,16,0.5,6
171,Marucci Elite Texas - Holden,1,1,0,24,24,0.5,7
171,LC Legends,0,2,0,17,12,0.0,8
171,Texas Elite Lobos - Gold,0,2,0,24,16,0.0,9
172,SOUTH COAST CREAM X.,2,0,0,12,24,1.0,1
172,Lamar Elite - 9U - Red,1,0,1,14,19,0.75,2
172,Marucci Elite Texas - Holden,1,1,0,14,13,0.5,3
172,LC Legends,1,1,0,15,18,0.5,4
172,Banditos 9U Texas,1,1,0,15,16,0.5,5
172,Katy Bombers 9U,1,1,0,20,16,0.5,6
172,Texans,1,1,0,22,18,0.5,7
172,Houston Bandits 9u,0,1,1,21,17,0.25,8
172,Texas Elite Lobos - Gold,0,2,0,24,16,0.0,9
173,Banditos 9U Texas,2,0,0,11,20,1.0,1
173,SOUTH COAST CREAM X.,2,0,0,12,24,1.0,2
173,Houston Bandits 9u,2,0,0,16,23,1.0,3
173,Lamar Elite - 9U - Red,1,1,0,17,20,0.5,4
173,Texans,1,1,0,20,17,0.5,5
173,Katy Bombers 9U,1,1,0,20,16,0.5,6
173,LC Legends,0,2,0,18,12,0.0,7
173,Texas Elite Lobos - Gold,0,2,0,24,16,0.0,8
173,Marucci Elite Texas - Holden,0,2,0,26,16,0.0,9
174,Banditos 9U Texas,2,0,0,9,19,1.0,1
174,SOUTH COAST CREAM X.,2,0,0,12,24,1.0,2
174,Houston Bandits 9u,2,0,0,15,23,1.0,3
174,Lamar Elite - 9U - Red,1,1,0,16,21,0.5,4
174,Texans,1,1,0,19,18,0.5,5
174,Katy Bombers 9U,1,1,0,20,16,0.5,6
174,LC Legends,0,2,0,21,12,0.0,7
174,Texas Elite Lobos - Gold,0,2,0,24,16,0.0,8
174,Marucci Elite Texas - Holden,0,2,0,29,16,0.0,9
175,SOUTH COAST CREAM X.,2,0,0,12,24,1.0,1
175,Banditos 9U Texas,2,0,0,15,22,1.0,2
175,Lamar Elite - 9U - Red,2,0,0,15,20,1.0,3
175,LC Legends,1,1,0,14,15,0.5,4
175,Marucci Elite Texas - Holden,1,1,0,17,18,0.5,5
175,Katy Bombers 9U,1,1,0,20,16,0.5,6
175,Houston Bandits 9u,0,2,0,20,14,0.0,7
175,Texas Elite Lobos - Gold,0,2,0,24,16,0.0,8
175,Texans,0,2,0,25,17,0.0,9
176,SOUTH COAST CREAM X.,2,0,0,12,24,1.0,1
176,Banditos 9U Texas,2,0,0,12,19,1.0,2
176,Houston Bandits 9u,1,0,1,15,26,0.75,3
176,Katy Bombers 9U,1,1,0,20,16,0.5,4
176,Texans,1,1,0,22,20,0.5,5
176,Marucci Elite Texas - Holden,1,1,0,24,15,0.5,6
176,Lamar Elite - 9U - Red,0,1,1,22,20,0.25,7
176,LC Legends,0,2,0,20,15,0.0,8
176,Texas Elite Lobos - Gold,0,2,0,24,16,0.0,9
177,SOUTH COAST CREAM X.,2,0,0,12,24,1.0,1
177,Marucci Elite Texas - Holden,2,0,0,16,24,1.0,2
177,Texans,2,0,0,21,24,1.0,3
177,Banditos 9U Texas,1,1,0,16,19,0.5,4
177,Lamar Elite - 9U - Red,1,1,0,19,18,0.5,5
177,Katy Bombers 9U,1,1,0,20,16,0.5,6
177,LC Legends,0,2,0,20,14,0.0,7
177,Houston Bandits 9u,0,2,0,23,16,0.0,8
177,Texas Elite Lobos - Gold,0,2,0,24,16,0.0,9
178,SOUTH COAST CREAM X.,2,0,0,12,24,1.0,1
178,Lamar Elite - 9U - Red,2,0,0,14,21,1.0,2
178,Marucci Elite Texas - Holden,1,1,0,16,17,0.5,3
178,LC Legends,1,1,0,17,17,0.5,4
178,Banditos 9U Texas,1,1,0,17,14,0.5,5
178,Texans,1,1,0,19,22,0.5,6
178,Katy Bombers 9U,1,1,0,20,16,0.5,7
178,Houston Bandits 9u,0,2,0,18,10,0.0,8
178,Texas Elite Lobos - Gold,0,2,0,24,16,0.0,9
179,SOUTH COAST CREAM X.,2,0,0,12,24,1.0,1
179,Houston Bandits 9u,2,0,0,13,18,1.0,2
179,LC Legends,1,1,0,13,17,0.5,3
179,Banditos 9U Texas,1,1,0,14,16,0.5,4
179,Marucci Elite Texas - Holden,1,1,0,17,17,0.5,5
179,Katy Bombers 9U,1,1,0,20,16,0.5,6
179,Texans,1,1,0,21,15,0.5,7
179,Lamar Elite - 9U - Red,0,2,0,22,17,0.0,8
179,Texas Elite Lobos - Gold,0,2,0,24,16,0.0,9
180,SOUTH COAST CREAM X.,2,0,0,12,24,1.0,1
180,Lamar Elite - 9U - Red,2,0,0,20,30,1.0,2
180,Banditos 9U Texas,1,1,0,14,16,0.5,3
180,Katy Bombers 9U,1,1,0,20,16,0.5,4
180,LC Legends,1,1,0,21,18,0.5,5
180,Marucci Elite Texas - Holden,1,1,0,21,16,0.5,6
180,Texans,1,1,0,22,23,0.5,7
180,Houston Bandits 9u,0,2,0,17,12,0.0,8
180,Texas Elite Lobos - Gold,0,2,0,24,16,0.0,9
181,SOUTH COAST CREAM X.,2,0,0,12,24,1.0,1
181,Banditos 9U Texas,2,0,0,13,18,1.0,2
181,Marucci Elite Texas - Holden,2,0,0,17,27,1.0,3
181,Katy Bombers 9U,1,1,0,20,16,0.5,4
181,Lamar Elite - 9U - Red,1,1,0,25,20,0.5,5
181,LC Legends,0,1,1,19,15,0.25,6
181,Texans,0,1,1,21,20,0.25,7
181,Houston Bandits 9u,0,2,0,23,18,0.0,8
181,Texas Elite Lobos - Gold,0,2,0,24,16,0.0,9
182,SOUTH COAST CREAM X.,2,0,0,12,24,1.0,1
182,Lamar Elite - 9U - Red,2,0,0,14,24,1.0,2
182,Texans,1,0,1,15,23,0.75,3
182,Banditos 9U Texas,1,1,0,19,15,0.5,4
182,Katy Bombers 9U,1,1,0,20,16,0.5,5
182,Marucci Elite Texas - Holden,1,1,0,21,15,0.5,6
182,LC Legends,0,1,1,16,12,0.25,7
182,Houston Bandits 9u,0,2,0,18,14,0.0,8
182,Texas Elite Lobos - Gold,0,2,0,24,16,0.0,9
183,SOUTH COAST CREAM X.,2,0,0,12,24,1.0,1
183,Texans,2,0,0,14,27,1.0,2
183,Lamar Elite - 9U - Red,2,0,0,23,33,1.0,3
183,Banditos 9U Texas,1,1,0,16,16,0.5,4
183,Katy Bombers 9U,1,1,0,20,16,0.5,5
183,Marucci Elite Texas - Holden,1,1,0,21,21,0.5,6
183,LC Legends,0,2,0,23,10,0.0,7
183,Texas Elite Lobos - Gold,0,2,0,24,16,0.0,8
183,Houston Bandits 9u,0,2,0,29,19,0.0,9
184,SOUTH COAST CREAM X.,2,0,0,12,24,1.0,1
184,Banditos 9U Texas,1,0,1,11,15,0.75,2
184,Houston Bandits 9u,1,0,1,18,21,0.75,3
184,LC Legends,1,1,0,16,13,0.5,4
184,Marucci Elite Texas - Holden,1,1,0,19,17,0.5,5
184,Katy Bombers 9U,1,1,0,20,16,0.5,6
184,Texans,0,1,1,16,15,0.25,7
184,Lamar Elite - 9U - Red,0,1,1,19,18,0.25,8
184,Texas Elite Lobos - Gold,0,2,0,24,16,0.0,9
185,SOUTH COAST CREAM X.,2,0,0,12,24,1.0,1
185,Lamar Elite - 9U - Red,2,0,0,13,22,1.0,2
185,Banditos 9U Texas,1,1,0,14,14,0.5,3
185,LC Legends,1,1,0,16,17,0.5,4
185,Houston Bandits 9u,1,1,0,17,18,0.5,5
185,Texans,1,1,0,19,18,0.5,6
185,Katy Bombers 9U,1,1,0,20,16,0.5,7
185,Texas Elite Lobos - Gold,0,2,0,24,16,0.0,8
185,Marucci Elite Texas - Holden,0,2,0,25,15,0.0,9
186,Banditos 9U Texas,2,0,0,9,19,1.0,1
186,SOUTH COAST CREAM X.,2,0,0,12,24,1.0,2
186,Marucci Elite Texas - Holden,2,0,0,15,20,1.0,3
186,Lamar Elite - 9U - Red,1,1,0,17,20,0.5,4
186,Katy Bombers 9U,1,1,0,20,16,0.5,5
186,Texans,1,1,0,20,15,0.5,6
186,LC Legends,0,2,0,18,13,0.0,7
186,Texas Elite Lobos - Gold,0,2,0,24,16,0.0,8
186,Houston Bandits 9u,0,2,0,25,17,0.0,9
187,Marucci Elite Texas - Holden,2,0,0,10,16,1.0,1
187,SOUTH COAST CREAM X.,2,0,0,12,24,1.0,2
187,Banditos 9U Texas,2,0,0,16,22,1.0,3
187,Lamar Elite - 9U - Red,1,1,0,14,15,0.5,4
187,Katy Bombers 9U,1,1,0,20,16,0.5,5
187,Texans,1,1,0,21,20,0.5,6
187,Houston Bandits 9u,0,2,0,15,8,0.0,7
187,LC Legends,0,2,0,16,11,0.0,8
187,Texas Elite Lobos - Gold,0,2,0,24,16,0.0,9
188,SOUTH COAST CREAM X.,2,0,0,12,24,1.0,1
188,Banditos 9U Texas,2,0,0,12,23,1.0,2
188,LC Legends,1,1,0,13,10,0.5,3
188,Lamar Elite - 9U - Red,1,1,0,17,18,0.5,4
188,Houston Bandits 9u,1,1,0,18,19,0.5,5
188,Marucci Elite Texas - Holden,1,1,0,18,16,0.5,6
188,Katy Bombers 9U,1,1,0,20,16,0.5,7
188,Texans,0,2,0,21,13,0.0,8
188,Texas Elite Lobos - Gold,0,2,0,24,16,0.0,9
189,Banditos 9U Texas,2,0,0,8,18,1.0,1
189,SOUTH COAST CREAM X.,2,0,0,12,24,1.0,2
189,LC Legends,1,1,0,15,14,0.5,3
189,Marucci Elite Texas - Holden,1,1,0,16,20,0.5,4
189,Lamar Elite - 9U - Red,1,1,0,19,18,0.5,5
189,Houston Bandits 9u,1,1,0,20,17,0.5,6
189,Katy Bombers 9U,1,1,0,20,16,0.5,7
189,Texans,0,2,0,20,11,0.0,8
189,Texas Elite Lobos - Gold,0,2,0,24,16,0.0,9
190,SOUTH COAST CREAM X.,2,0,0,12,24,1.0,1
190,Banditos 9U Texas,2,0,0,12,20,1.0,2
190,Lamar Elite - 9U - Red,2,0,0,15,24,1.0,3
190,Texans,1,1,0,20,18,0.5,4
190,Katy Bombers 9U,1,1,0,20,16,0.5,5
190,Marucci Elite Texas - Holden,1,1,0,21,20,0.5,6
190,LC Legends,0,2,0,18,12,0.0,7
190,Houston Bandits 9u,0,2,0,24,16,0.0,8
190,Texas Elite Lobos - Gold,0,2,0,24,16,0.0,9
191,SOUTH COAST CREAM X.,2,0,0,12,24,1.0,1
191,Banditos 9U Texas,1,1,0,12,14,0.5,2
191,LC Legends,1,1,0,15,17,0.5,3
191,Houston Bandits 9u,1,1,0,17,20,0.5,4
191,Lamar Elite - 9U - Red,1,1,0,18,22,0.5,5
191,Texans,1,1,0,19,15,0.5,6
191,Katy Bombers 9U,1,1,0,20,16,0.5,7
191,Marucci Elite Texas - Holden,1,1,0,20,13,0.5,8
191,Texas Elite Lobos - Gold,0,2,0,24,16,0.0,9
192,SOUTH COAST CREAM X.,2,0,0,12,24,1.0,1
192,Marucci Elite Texas - Holden,2,0,0,13,16,1.0,2
192,Banditos 9U Texas,1,0,1,12,16,0.75,3
192,Houston Bandits 9u,1,1,0,18,20,0.5,4
192,Katy Bombers 9U,1,1,0,20,16,0.5,5
192,Texans,0,0,2,21,21,0.5,6
192,LC Legends,0,1,1,21,17,0.25,7
192,Lamar Elite - 9U - Red,0,2,0,20,15,0.0,8
192,Texas Elite Lobos - Gold,0,2,0,24,16,0.0,9
193,SOUTH COAST CREAM X.,2,0,0,12,24,1.0,1
193,LC Legends,1,1,0,14,12,0.5,2
193,Houston Bandits 9u,1,1,0,16,19,0.5,3
193,Texans,1,1,0,19,22,0.5,4
193,Banditos 9U Texas,1,1,0,20,19,0.5,5
193,Katy Bombers 9U,1,1,0,20,16,0.5,6
193,Lamar Elite - 9U - Red,1,1,0,22,24,0.5,7
193,Marucci Elite Texas - Holden,1,1,0,25,20,0.5,8
193,Texas Elite Lobos - Gold,0,2,0,24,16,0.0,9
194,SOUTH COAST CREAM X.,2,0,0,12,24,1.0,1
194,Lamar Elite - 9U - Red,2,0,0,12,19,1.0,2
194,Banditos 9U Texas,1,1,0,15,12,0.5,3
194,LC Legends,1,1,0,18,21,0.5,4
194,Katy Bombers 9U,1,1,0,20,16,0.5,5
194,Texans,1,1,0,21,21,0.5,6
194,Marucci Elite Texas - Holden,1,1,0,21,20,0.5,7
194,Houston Bandits 9u,0,2,0,22,16,0.0,8
194,Texas Elite Lobos - Gold,0,2,0,24,16,0.0,9
195,SOUTH COAST CREAM X.,2,0,0,12,24,1.0,1
195,Houston Bandits 9u,2,0,0,18,23,1.0,2
195,Texans,2,0,0,22,29,1.0,3
195,Banditos 9U Texas,1,1,0,18,21,0.5,4
195,Marucci Elite Texas - Holden,1,1,0,18,17,0.5,5
195,Katy Bombers 9U,1,1,0,20,16,0.5,6
195,Lamar Elite - 9U - Red,0,2,0,18,14,0.0,7
195,LC Legends,0,2,0,23,13,0.0,8
195,Texas Elite Lobos - Gold,0,2,0,24,16,0.0,9
196,SOUTH COAST CREAM X.,2,0,0,12,24,1.0,1
196,Texans,1,0,1,19,27,0.75,2
196,Houston Bandits 9u,1,1,0,12,22,0.5,3
196,Marucci Elite Texas - Holden,1,1,0,18,17,0.5,4
196,Katy Bombers 9U,1,1,0,20,16,0.5,5
196,Banditos 9U Texas,1,1,0,21,17,0.5,6
196,Lamar Elite - 9U - Red,1,1,0,22,13,0.5,7
196,LC Legends,0,1,1,18,14,0.25,8
196,Texas Elite Lobos - Gold,0,2,0,24,16,0.0,9
197,SOUTH COAST CREAM X.,2,0,0,12,24,1.0,1
197,Lamar Elite - 9U - Red,2,0,0,17,22,1.0,2
197,Marucci Elite Texas - Holden,1,1,0,17,20,0.5,3
197,Banditos 9U Texas,1,1,0,17,15,0.5,4
197,Katy Bombers 9U,1,1,0,20,16,0.5,5
197,Texans,1,1,0,21,26,0.5,6
197,LC Legends,1,1,0,21,18,0.5,7
197,Houston Bandits 9u,0,2,0,23,15,0.0,8
197,Texas Elite Lobos - Gold,0,2,0,24,16,0.0,9
198,Banditos 9U Texas,2,0,0,10,17,1.0,1
198,SOUTH COAST CREAM X.,2,0,0,12,24,1.0,2
198,Lamar Elite - 9U - Red,1,0,1,19,24,0.75,3
198,Texans,1,1,0,15,15,0.5,4
198,Katy Bombers 9U,1,1,0,20,16,0.5,5
198,Houston Bandits 9u,0,0,2,22,22,0.5,6
198,Marucci Elite Texas - Holden,0,1,1,20,15,0.25,7
198,LC Legends,0,2,0,17,10,0.0,8
198,Texas Elite Lobos - Gold,0,2,0,24,16,0.0,9
199,SOUTH COAST CREAM X.,2,0,0,12,24,1.0,1
199,Texans,2,0,0,17,24,1.0,2
199,Houston Bandits 9u,2,0,0,19,23,1.0,3
199,Banditos 9U Texas,1,1,0,16,14,0.5,4
199,Lamar Elite - 9U - Red,1,1,0,18,25,0.5,5
199,Katy Bombers 9U,1,1,0,20,16,0.5,6
199,LC Legends,0,2,0,20,15,0.0,7
199,Marucci Elite Texas - Holden,0,2,0,23,12,0.0,8
199,Texas Elite Lobos - Gold,0,2,0,24,16,0.0,9
200,SOUTH COAST CREAM X.,2,0,0,12,24,1.0,1
200,Texans,2,0,0,16,20,1.0,2
200,Banditos 9U Texas,1,1,0,12,15,0.5,3
200,Houston Bandits 9u,1,1,0,17,18,0.5,4
200,Lamar Elite - 9U - Red,1,1,0,19,24,0.5,5
200,Katy Bombers 9U,1,1,0,20,16,0.5,6
200,Marucci Elite Texas - Holden,1,1,0,23,17,0.5,7
200,LC Legends,0,2,0,20,13,0.0,8
200,Texas Elite Lobos - Gold,0,2,0,24,16,0.0,9
201,SOUTH COAST CREAM X.,2,0,0,12,24,1.0,1
201,Banditos 9U Texas,2,0,0,14,24,1.0,2
201,Marucci Elite Texas - Holden,2,0,0,22,28,1.0,3
201,LC Legends,1,1,0,18,23,0.5,4
201,Katy Bombers 9U,1,1,0,20,16,0.5,5
201,Houston Bandits 9u,1,1,0,21,26,0.5,6
201,Texas Elite Lobos - Gold,0,2,0,24,16,0.0,7
201,Lamar Elite - 9U - Red,0,2,0,25,14,0.0,8
201,Texans,0,2,0,35,20,0.0,9
202,SOUTH COAST CREAM X.,2,0,0,12,24,1.0,1
202,Banditos 9U Texas,1,1,0,9,12,0.5,2
202,Texans,1,1,0,12,11,0.5,3
202,LC Legends,1,1,0,14,12,0.5,4
202,Houston Bandits 9u,1,1,0,18,22,0.5,5
202,Katy Bombers 9U,1,1,0,20,16,0.5,6
202,Marucci Elite Texas - Holden,1,1,0,21,21,0.5,7
202,Lamar Elite - 9U - Red,1,1,0,22,18,0.5,8
202,Texas Elite Lobos - Gold,0,2,0,24,16,0.0,9
203,Banditos 9U Texas,2,0,0,11,18,1.0,1
203,SOUTH COAST CREAM X.,2,0,0,12,24,1.0,2
203,Marucci Elite Texas - Holden,2,0,0,14,21,1.0,3
203,LC Legends,1,1,0,13,13,0.5,4
203,Houston Bandits 9u,1,1,0,17,17,0.5,5
203,Katy Bombers 9U,1,1,0,20,16,0.5,6
203,Texans,0,2,0,19,12,0.0,7
203,Lamar Elite - 9U - Red,0,2,0,24,17,0.0,8
203,Texas Elite Lobos - Gold,0,2,0,24,16,0.0,9
204,SOUTH COAST CREAM X.,2,0,0,12,24,1.0,1
204,Marucci Elite Texas - Holden,2,0,0,16,22,1.0,2
204,Banditos 9U Texas,1,1,0,12,15,0.5,3
204,Houston Bandits 9u,1,1,0,18,15,0.5,4
204,LC Legends,1,1,0,19,18,0.5,5
204,Katy Bombers 9U,1,1,0,20,16,0.5,6
204,Texans,1,1,0,21,19,0.5,7
204,Lamar Elite - 9U - Red,0,2,0,17,14,0.0,8
204,Texas Elite Lobos - Gold,0,2,0,24,16,0.0,9
205,SOUTH COAST CREAM X.,2,0,0,12,24,1.0,1
205,Marucci Elite Texas - Holden,2,0,0,12,21,1.0,2
205,Banditos 9U Texas,1,0,1,13,17,0.75,3
205,Houston Bandits 9u,1,1,0,12,13,0.5,4
205,Texans,0,0,2,19,19,0.5,5
205,Katy Bombers 9U,1,1,0,20,16,0.5,6
205,LC Legends,0,1,1,18,14,0.25,7
205,Lamar Elite - 9U - Red,0,2,0,23,13,0.0,8
205,Texas Elite Lobos - Gold,0,2,0,24,16,0.0,9
206,SOUTH COAST CREAM X.,2,0,0,12,24,1.0,1
206,Texans,2,0,0,15,24,1.0,2
206,Lamar Elite - 9U - Red,1,0,1,20,22,0.75,3
206,Houston Bandits 9u,0,0,2,17,17,0.5,4
206,Banditos 9U Texas,1,1,0,17,14,0.5,5
206,Katy Bombers 9U,1,1,0,20,16,0.5,6
206,Marucci Elite Texas - Holden,0,1,1,19,17,0.25,7
206,LC Legends,0,2,0,19,13,0.0,8
206,Texas Elite Lobos - Gold,0,2,0,24,16,0.0,9
207,SOUTH COAST CREAM X.,2,0,0,12,24,1.0,1
207,Marucci Elite Texas - Holden,2,0,0,17,22,1.0,2
207,Texans,1,0,1,15,22,0.75,3
207,Banditos 9U Texas,1,1,0,17,14,0.5,4
207,Katy Bombers 9U,1,1,0,20,16,0.5,5
207,Houston Bandits 9u,1,1,0,21,23,0.5,6
207,LC Legends,0,1,1,17,13,0.25,7
207,Texas Elite Lobos - Gold,0,2,0,24,16,0.0,8
207,Lamar Elite - 9U - Red,0,2,0,29,22,0.0,9
208,Banditos 9U Texas,2,0,0,9,18,1.0,1
208,SOUTH COAST CREAM X.,2,0,0,12,24,1.0,2
208,Lamar Elite - 9U - Red,2,0,0,16,26,1.0,3
208,LC Legends,1,1,0,16,13,0.5,4
208,Katy Bombers 9U,1,1,0,20,16,0.5,5
208,Houston Bandits 9u,1,1,0,21,23,0.5,6
208,Texans,0,2,0,19,13,0.0,7
208,Texas Elite Lobos - Gold,0,2,0,24,16,0.0,8
208,Marucci Elite Texas - Holden,0,2,0,32,20,0.0,9
209,SOUTH COAST CREAM X.,2,0,0,12,24,1.0,1
209,Banditos 9U Texas,2,0,0,14,21,1.0,2
209,Lamar Elite - 9U - Red,1,0,1,20,26,0.75,3
209,LC Legends,1,1,0,17,20,0.5,4
209,Katy Bombers 9U,1,1,0,20,16,0.5,5
209,Houston Bandits 9u,1,1,0,23,19,0.5,6
209,Marucci Elite Texas - Holden,0,1,1,21,19,0.25,7
209,Texas Elite Lobos - Gold,0,2,0,24,16,0.0,8
209,Texans,0,2,0,29,19,0.0,9
210,Banditos 9U Texas,2,0,0,10,18,1.0,1
210,SOUTH COAST CREAM X.,2,0,0,12,24,1.0,2
210,Lamar Elite - 9U - Red,1,1,0,14,20,0.5,3
210,Houston Bandits 9u,1,1,0,17,16,0.5,4
210,LC Legends,1,1,0,20,19,0.5,5
210,Katy Bombers 9U,1,1,0,20,16,0.5,6
210,Marucci Elite Texas - Holden,1,1,0,20,15,0.5,7
210,Texas Elite Lobos - Gold,0,2,0,24,16,0.0,8
210,Texans,0,2,0,25,18,0.0,9
211,Banditos 9U Texas,2,0,0,11,23,1.0,1
211,SOUTH COAST CREAM X.,2,0,0,12,24,1.0,2
211,Marucci Elite Texas - Holden,2,0,0,17,22,1.0,3
211,LC Legends,1,1,0,17,15,0.5,4
211,Houston Bandits 9u,1,1,0,18,18,0.5,5
211,Katy Bombers 9U,1,1,0,20,16,0.5,6
211,Lamar Elite - 9U - Red,0,2,0,21,16,0.0,7
211,Texas Elite Lobos - Gold,0,2,0,24,16,0.0,8
211,Texans,0,2,0,26,16,0.0,9
212,SOUTH COAST CREAM X.,2,0,0,12,24,1.0,1
212,Lamar Elite - 9U - Red,2,0,0,13,19,1.0,2
212,Texans,2,0,0,15,19,1.0,3
212,Banditos 9U Texas,1,1,0,11,12,0.5,4
212,Marucci Elite Texas - Holden,1,1,0,20,22,0.5,5
212,Katy Bombers 9U,1,1,0,20,16,0.5,6
212,LC Legends,0,2,0,20,15,0.0,7
212,Houston Bandits 9u,0,2,0,24,16,0.0,8
212,Texas Elite Lobos - Gold,0,2,0,24,16,0.0,9
213,SOUTH COAST CREAM X.,2,0,0,12,24,1.0,1
213,Banditos 9U Texas,2,0,0,14,24,1.0,2
213,Lamar Elite - 9U - Red,2,0,0,15,17,1.0,3
213,Marucci Elite Texas - Holden,1,1,0,13,14,0.5,4
213,Texans,1,1,0,20,21,0.5,5
213,Katy Bombers 9U,1,1,0,20,16,0.5,6
213,Houston Bandits 9u,0,2,0,16,13,0.0,7
213,LC Legends,0,2,0,19,8,0.0,8
213,Texas Elite Lobos - Gold,0,2,0,24,16,0.0,9
214,SOUTH COAST CREAM X.,2,0,0,12,24,1.0,1
214,Banditos 9U Texas,1,0,1,16,20,0.75,2
214,Lamar Elite - 9U - Red,1,0,1,21,25,0.75,3
214,Houston Bandits 9u,1,0,1,22,30,0.75,4
214,LC Legends,1,1,0,15,13,0.5,5
214,Katy Bombers 9U,1,1,0,20,16,0.5,6
214,Texans,0,1,1,21,19,0.25,7
214,Texas Elite Lobos - Gold,0,2,0,24,16,0.0,8
214,Marucci Elite Texas - Holden,0,2,0,33,21,0.0,9
215,Banditos 9U Texas,2,0,0,9,17,1.0,1
215,SOUTH COAST CREAM X.,2,0,0,12,24,1.0,2
215,Houston Bandits 9u,2,0,0,17,22,1.0,3
215,Marucci Elite Texas - Holden,1,1,0,16,20,0.5,4
215,Katy Bombers 9U,1,1,0,20,16,0.5,5
215,LC Legends,0,1,1,21,17,0.25,6
215,Texans,0,1,1,22,18,0.25,7
215,Texas Elite Lobos - Gold,0,2,0,24,16,0.0,8
215,Lamar Elite - 9U - Red,0,2,0,24,15,0.0,9
216,SOUTH COAST CREAM X.,2,0,0,12,24,1.0,1
216,Marucci Elite Texas - Holden,2,0,0,17,30,1.0,2
216,Banditos 9U Texas,1,1,0,15,15,0.5,3
216,Houston Bandits 9u,1,1,0,19,26,0.5,4
216,Katy Bombers 9U,1,1,0,20,16,0.5,5
216,Texans,1,1,0,21,24,0.5,6
216,LC Legends,1,1,0,21,18,0.5,7
216,Texas Elite Lobos - Gold,0,2,0,24,16,0.0,8
216,Lamar Elite - 9U - Red,0,2,0,35,15,0.0,9
217,SOUTH COAST CREAM X.,2,0,0,12,24,1.0,1
217,Houston Bandits 9u,2,0,0,15,22,1.0,2
217,Texans,1,1,0,15,19,0.5,3
217,Banditos 9U Texas,1,1,0,15,14,0.5,4
217,LC Legends,1,1,0,16,13,0.5,5
217,Lamar Elite - 9U - Red,1,1,0,17,19,0.5,6
217,Katy Bombers 9U,1,1,0,20,16,0.5,7
217,Texas Elite Lobos - Gold,0,2,0,24,16,0.0,8
217,Marucci Elite Texas - Holden,0,2,0,29,20,0.0,9
218,SOUTH COAST CREAM X.,2,0,0,12,24,1.0,1
218,Banditos 9U Texas,2,0,0,12,19,1.0,2
218,Marucci Elite Texas - Holden,2,0,0,19,23,1.0,3
218,LC Legends,1,1,0,12,15,0.5,4
218,Houston Bandits 9u,1,1,0,17,16,0.5,5
218,Katy Bombers 9U,1,1,0,20,16,0.5,6
218,Texans,0,2,0,22,12,0.0,7
218,Lamar Elite - 9U - Red,0,2,0,23,20,0.0,8
218,Texas Elite Lobos - Gold,0,2,0,24,16,0.0,9
219,SOUTH COAST CREAM X.,2,0,0,12,24,1.0,1
219,Texans,2,0,0,15,24,1.0,2
219,Marucci Elite Texas - Holden,2,0,0,15,20,1.0,3
219,Banditos 9U Texas,1,1,0,14,15,0.5,4
219,Lamar Elite - 9U - Red,1,1,0,19,21,0.5,5
219,Katy Bombers 9U,1,1,0,20,16,0.5,6
219,LC Legends,0,2,0,22,12,0.0,7
219,Houston Bandits 9u,0,2,0,24,17,0.0,8
219,Texas Elite Lobos - Gold,0,2,0,24,16,0.0,9
220,Banditos 9U Texas,2,0,0,10,19,1.0,1
220,SOUTH COAST CREAM X.,2,0,0,12,24,1.0,2
220,Marucci Elite Texas - Holden,2,0,0,17,23,1.0,3
220,LC Legends,1,1,0,14,15,0.5,4
220,Lamar Elite - 9U - Red,1,1,0,18,25,0.5,5
220,Katy Bombers 9U,1,1,0,20,16,0.5,6
220,Texans,0,2,0,22,12,0.0,7
220,Texas Elite Lobos - Gold,0,2,0,24,16,0.0,8
220,Houston Bandits 9u,0,2,0,29,16,0.0,9
221,SOUTH COAST CREAM X.,2,0,0,12,24,1.0,1
221,Marucci Elite Texas - Holden,2,0,0,16,18,1.0,2
221,Texans,1,1,0,14,16,0.5,3
221,Banditos 9U Texas,1,1,0,14,13,0.5,4
221,LC Legends,1,1,0,14,13,0.5,5
221,Houston Bandits 9u,1,1,0,18,20,0.5,6
221,Katy Bombers 9U,1,1,0,20,16,0.5,7
221,Lamar Elite - 9U - Red,0,2,0,17,13,0.0,8
221,Texas Elite Lobos - Gold,0,2,0,24,16,0.0,9
222,SOUTH COAST CREAM X.,2,0,0,12,24,1.0,1
222,Houston Bandits 9u,1,0,1,16,17,0.75,2
222,Banditos 9U Texas,1,1,0,12,13,0.5,3
222,Texans,1,1,0,12,12,0.5,4
222,LC Legends,1,1,0,12,11,0.5,5
222,Lamar Elite - 9U - Red,1,1,0,17,18,0.5,6
222,Katy Bombers 9U,1,1,0,20,16,0.5,7
222,Marucci Elite Texas - Holden,0,1,1,22,20,0.25,8
222,Texas Elite Lobos - Gold,0,2,0,24,16,0.0,9
223,SOUTH COAST CREAM X.,2,0,0,12,24,1.0,1
223,Texans,2,0,0,16,28,1.0,2
223,Lamar Elite - 9U - Red,1,0,1,19,22,0.75,3
223,Banditos 9U Texas,1,1,0,19,19,0.5,4
223,Katy Bombers 9U,1,1,0,20,16,0.5,5
223,Houston Bandits 9u,1,1,0,23,21,0.5,6
223,Marucci Elite Texas - Holden,0,1,1,20,19,0.25,7
223,LC Legends,0,2,0,21,9,0.0,8
223,Texas Elite Lobos - Gold,0,2,0,24,16,0.0,9
224,Banditos 9U Texas,2,0,0,10,19,1.0,1
224,SOUTH COAST CREAM X.,2,0,0,12,24,1.0,2
224,Marucci Elite Texas - Holden,2,0,0,15,22,1.0,3
224,LC Legends,1,1,0,13,13,0.5,4
224,Houston Bandits 9u,1,1,0,19,17,0.5,5
224,Katy Bombers 9U,1,1,0,20,16,0.5,6
224,Lamar Elite - 9U - Red,0,2,0,19,14,0.0,7
224,Texans,0,2,0,20,11,0.0,8
224,Texas Elite Lobos - Gold,0,2,0,24,16,0.0,9
225,SOUTH COAST CREAM X.,2,0,0,12,24,1.0,1
225,Texans,2,0,0,19,21,1.0,2
225,Lamar Elite - 9U - Red,1,1,0,13,14,0.5,3
225,Marucci Elite Texas - Holden,1,1,0,14,17,0.5,4
225,Banditos 9U Texas,1,1,0,15,18,0.5,5
225,Houston Bandits 9u,1,1,0,18,14,0.5,6
225,Katy Bombers 9U,1,1,0,20,16,0.5,7
225,LC Legends,0,2,0,18,13,0.0,8
225,Texas Elite Lobos - Gold,0,2,0,24,16,0.0,9
226,SOUTH COAST CREAM X.,2,0,0,12,24,1.0,1
226,Houston Bandits 9u,2,0,0,13,29,1.0,2
226,Texans,1,0,1,17,24,0.75,3
226,Banditos 9U Texas,1,1,0,20,17,0.5,4
226,Lamar Elite - 9U - Red,1,1,0,20,17,0.5,5
226,Katy Bombers 9U,1,1,0,20,16,0.5,6
226,LC Legends,0,1,1,16,12,0.25,7
226,Texas Elite Lobos - Gold,0,2,0,24,16,0.0,8
226,Marucci Elite Texas - Holden,0,2,0,28,15,0.0,9
227,SOUTH COAST CREAM X.,2,0,0,12,24,1.0,1
227,Texans,2,0,0,13,16,1.0,2
227,Houston Bandits 9u,2,0,0,17,20,1.0,3
227,Banditos 9U Texas,1,1,0,12,15,0.5,4
227,Lamar Elite - 9U - Red,1,1,0,19,20,0.5,5
227,Katy Bombers 9U,1,1,0,20,16,0.5,6
227,LC Legends,0,2,0,16,10,0.0,7
227,Marucci Elite Texas - Holden,0,2,0,23,19,0.0,8
227,Texas Elite Lobos - Gold,0,2,0,24,16,0.0,9
228,Banditos 9U Texas,2,0,0,10,18,1.0,1
228,SOUTH COAST CREAM X.,2,0,0,12,24,1.0,2
228,Marucci Elite Texas - Holden,2,0,0,17,23,1.0,3
228,Katy Bombers 9U,1,1,0,20,16,0.5,4
228,Texans,1,1,0,21,18,0.5,5
228,Lamar Elite - 9U - Red,1,1,0,24,21,0.5,6
228,LC Legends,0,2,0,20,15,0.0,7
228,Houston Bandits 9u,0,2,0,24,21,0.0,8
228,Texas Elite Lobos - Gold,0,2,0,24,16,0.0,9
229,SOUTH COAST CREAM X.,2,0,0,12,24,1.0,1
229,Marucci Elite Texas - Holden,2,0,0,14,18,1.0,2
229,Texans,1,0,1,21,24,0.75,3
229,Banditos 9U Texas,1,1,0,17,18,0.5,4
229,Katy Bombers 9U,1,1,0,20,16,0.5,5
229,Lamar Elite - 9U - Red,1,1,0,24,22,0.5,6
229,LC Legends,0,1,1,19,15,0.25,7
229,Houston Bandits 9u,0,2,0,21,19,0.0,8
229,Texas Elite Lobos - Gold,0,2,0,24,16,0.0,9
230,Houston Bandits 9u,2,0,0,10,16,1.0,1
230,SOUTH COAST CREAM X.,2,0,0,12,24,1.0,2
230,Lamar Elite - 9U - Red,1,1,0,12,13,0.5,3
230,LC Legends,1,1,0,14,26,0.5,4
230,Banditos 9U Texas,1,1,0,15,17,0.5,5
230,Katy Bombers 9U,1,1,0,20,16,0.5,6
230,Texans,1,1,0,31,17,0.5,7
230,Marucci Elite Texas - Holden,0,2,0,21,14,0.0,8
230,Texas Elite Lobos - Gold,0,2,0,24,16,0.0,9
231,Marucci Elite Texas - Holden,2,0,0,11,19,1.0,1
231,SOUTH COAST CREAM X.,2,0,0,12,24,1.0,2
231,LC Legends,1,1,0,12,15,0.5,3
231,Banditos 9U Texas,1,1,0,15,17,0.5,4
231,Katy Bombers 9U,1,1,0,20,16,0.5,5
231,Texans,1,1,0,20,15,0.5,6
231,Lamar Elite - 9U - Red,1,1,0,21,22,0.5,7
231,Houston Bandits 9u,0,2,0,20,11,0.0,8
231,Texas Elite Lobos - Gold,0,2,0,24,16,0.0,9
232,SOUTH COAST CREAM X.,2,0,0,12,24,1.0,1
232,LC Legends,1,1,0,13,12,0.5,2
232,Banditos 9U Texas,1,1,0,14,17,0.5,3
232,Houston Bandits 9u,1,1,0,15,15,0.5,4
232,Texans,1,1,0,17,15,0.5,5
232,Marucci Elite Texas - Holden,1,1,0,19,18,0.5,6
232,Lamar Elite - 9U - Red,1,1,0,20,21,0.5,7
232,Katy Bombers 9U,1,1,0,20,16,0.5,8
232,Texas Elite Lobos - Gold,0,2,0,24,16,0.0,9
233,SOUTH COAST CREAM X.,2,0,0,12,24,1.0,1
233,Lamar Elite - 9U - Red,2,0,0,13,26,1.0,2
233,Banditos 9U Texas,1,1,0,14,16,0.5,3
233,LC Legends,1,1,0,14,14,0.5,4
233,Texans,1,1,0,18,16,0.5,5
233,Marucci Elite Texas - Holden,1,1,0,19,16,0.5,6
233,Katy Bombers 9U,1,1,0,20,16,0.5,7
233,Texas Elite Lobos - Gold,0,2,0,24,16,0.0,8
233,Houston Bandits 9u,0,2,0,25,15,0.0,9
234,SOUTH COAST CREAM X.,2,0,0,12,24,1.0,1
234,Marucci Elite Texas - Holden,2,0,0,17,22,1.0,2
234,Banditos 9U Texas,1,1,0,13,16,0.5,3
234,LC Legends,1,1,0,16,15,0.5,4
234,Texans,1,1,0,19,17,0.5,5
234,Katy Bombers 9U,1,1,0,20,16,0.5,6
234,Lamar Elite - 9U - Red,1,1,0,21,20,0.5,7
234,Houston Bandits 9u,0,2,0,18,14,0.0,8
234,Texas Elite Lobos - Gold,0,2,0,24,16,0.0,9
235,Banditos 9U Texas,2,0,0,10,21,1.0,1
235,SOUTH COAST CREAM X.,2,0,0,12,24,1.0,2
235,Marucci Elite Texas - Holden,1,1,0,17,23,0.5,3
235,Houston Bandits 9u,1,1,0,19,20,0.5,4
235,LC Legends,1,1,0,20,17,0.5,5
235,Katy Bombers 9U,1,1,0,20,16,0.5,6
235,Lamar Elite - 9U - Red,1,1,0,24,17,0.5,7
235,Texas Elite Lobos - Gold,0,2,0,24,16,0.0,8
235,Texans,0,2,0,26,18,0.0,9
236,SOUTH COAST CREAM X.,2,0,0,12,24,1.0,1
236,Marucci Elite Texas - Holden,2,0,0,17,25,1.0,2
236,Texans,2,0,0,19,25,1.0,3
236,Banditos 9U Texas,1,1,0,15,15,0.5,4
236,Houston Bandits 9u,1,1,0,17,20,0.5,5
236,Katy Bombers 9U,1,1,0,20,16,0.5,6
236,LC Legends,0,2,0,22,16,0.0,7
236,Texas Elite Lobos - Gold,0,2,0,24,16,0.0,8
236,Lamar Elite - 9U - Red,0,2,0,24,13,0.0,9
237,SOUTH COAST CREAM X.,2,0,0,12,24,1.0,1
237,Lamar Elite - 9U - Red,2,0,0,14,21,1.0,2
237,Texans,1,0,1,21,23,0.75,3
237,Banditos 9U Texas,1,1,0,18,20,0.5,4
237,Marucci Elite Texas - Holden,1,1,0,20,19,0.5,5
237,Katy Bombers 9U,1,1,0,20,16,0.5,6
237,LC Legends,0,1,1,17,13,0.25,7
237,Houston Bandits 9u,0,2,0,23,17,0.0,8
237,Texas Elite Lobos - Gold,0,2,0,24,16,0.0,9
238,SOUTH COAST CREAM X.,2,0,0,12,24,1.0,1
238,Banditos 9U Texas,2,0,0,13,18,1.0,2
238,Lamar Elite - 9U - Red,1,0,1,14,21,0.75,3
238,LC Legends,1,1,0,15,16,0.5,4
238,Katy Bombers 9U,1,1,0,20,16,0.5,5
238,Marucci Elite Texas - Holden,1,1,0,22,18,0.5,6
238,Houston Bandits 9u,0,1,1,20,17,0.25,7
238,Texans,0,2,0,22,16,0.0,8
238,Texas Elite Lobos - Gold,0,2,0,24,16,0.0,9
239,SOUTH COAST CREAM X.,2,0,0,12,24,1.0,1
239,Houston Bandits 9u,2,0,0,22,29,1.0,2
239,LC Legends,1,1,0,10,13,0.5,3
239,Texans,1,1,0,14,15,0.5,4
239,Banditos 9U Texas,1,1,0,17,13,0.5,5
239,Katy Bombers 9U,1,1,0,20,16,0.5,6
239,Lamar Elite - 9U - Red,1,1,0,23,27,0.5,7
239,Texas Elite Lobos - Gold,0,2,0,24,16,0.0,8
239,Marucci Elite Texas - Holden,0,2,0,31,20,0.0,9
240,SOUTH COAST CREAM X.,2,0,0,12,24,1.0,1
240,Houston Bandits 9u,2,0,0,14,23,1.0,2
240,Banditos 9U Texas,1,0,1,14,18,0.75,3
240,Texans,1,0,1,21,22,0.75,4
240,Lamar Elite - 9U - Red,1,1,0,16,17,0.5,5
240,Katy Bombers 9U,1,1,0,20,16,0.5,6
240,LC Legends,0,2,0,20,15,0.0,7
240,Marucci Elite Texas - Holden,0,2,0,23,13,0.0,8
240,Texas Elite Lobos - Gold,0,2,0,24,16,0.0,9
241,SOUTH COAST CREAM X.,2,0,0,12,24,1.0,1
241,Banditos 9U Texas,2,0,0,13,18,1.0,2
241,Houston Bandits 9u,2,0,0,18,33,1.0,3
241,LC Legends,1,1,0,19,17,0.5,4
241,Katy Bombers 9U,1,1,0,20,16,0.5,5
241,Lamar Elite - 9U - Red,1,1,0,21,22,0.5,6
241,Texans,0,2,0,23,20,0.0,7
241,Texas Elite Lobos - Gold,0,2,0,24,16,0.0,8
241,Marucci Elite Texas - Holden,0,2,0,31,15,0.0,9
242,SOUTH COAST CREAM X.,2,0,0,12,24,1.0,1
242,Marucci Elite Texas - Holden,2,0,0,19,23,1.0,2
242,Banditos 9U Texas,1,1,0,13,14,0.5,3
242,LC Legends,1,1,0,18,17,0.5,4
242,Texans,1,1,0,19,19,0.5,5
242,Katy Bombers 9U,1,1,0,20,16,0.5,6
242,Houston Bandits 9u,0,1,1,20,19,0.25,7
242,Lamar Elite - 9U - Red,0,1,1,23,20,0.25,8
242,Texas Elite Lobos - Gold,0,2,0,24,16,0.0,9
243,Houston Bandits 9u,2,0,0,11,23,1.0,1
243,SOUTH COAST CREAM X.,2,0,0,12,24,1.0,2
243,Texans,2,0,0,15,24,1.0,3
243,Banditos 9U Texas,1,1,0,16,12,0.5,4
243,Katy Bombers 9U,1,1,0,20,16,0.5,5
243,Lamar Elite - 9U - Red,1,1,0,21,20,0.5,6
243,LC Legends,0,2,0,20,15,0.0,7
243,Texas Elite Lobos - Gold,0,2,0,24,16,0.0,8
243,Marucci Elite Texas - Holden,0,2,0,25,14,0.0,9
244,Banditos 9U Texas,2,0,0,11,16,1.0,1
244,SOUTH COAST CREAM X.,2,0,0,12,24,1.0,2
244,Marucci Elite Texas - Holden,1,1,0,14,19,0.5,3
244,Texans,1,1,0,16,16,0.5,4
244,Lamar Elite - 9U - Red,1,1,0,19,18,0.5,5
244,Houston Bandits 9u,1,1,0,20,16,0.5,6
244,Katy Bombers 9U,1,1,0,20,16,0.5,7
244,LC Legends,0,2,0,17,12,0.0,8
244,Texas Elite Lobos - Gold,0,2,0,24,16,0.0,9
245,SOUTH COAST CREAM X.,2,0,0,12,24,1.0,1
245,Houston Bandits 9u,2,0,0,17,29,1.0,2
245,Banditos 9U Texas,1,0,1,12,16,0.75,3
245,Texans,1,0,1,18,19,0.75,4
245,Marucci Elite Texas - Holden,1,1,0,19,21,0.5,5
245,Katy Bombers 9U,1,1,0,20,16,0.5,6
245,LC Legends,0,2,0,19,14,0.0,7
245,Texas Elite Lobos - Gold,0,2,0,24,16,0.0,8
245,Lamar Elite - 9U - Red,0,2,0,28,14,0.0,9
246,SOUTH COAST CREAM X.,2,0,0,12,24,1.0,1
246,Houston Bandits 9u,2,0,0,19,21,1.0,2
246,Lamar Elite - 9U - Red,1,1,0,13,14,0.5,3
246,LC Legends,1,1,0,18,19,0.5,4
246,Banditos 9U Texas,1,1,0,18,12,0.5,5
246,Texans,1,1,0,19,24,0.5,6
246,Katy Bombers 9U,1,1,0,20,16,0.5,7
246,Marucci Elite Texas - Holden,0,2,0,24,21,0.0,8
246,Texas Elite Lobos - Gold,0,2,0,24,16,0.0,9
247,SOUTH COAST CREAM X.,2,0,0,12,24,1.0,1
247,Texans,2,0,0,14,17,1.0,2
247,Marucci Elite Texas - Holden,1,0,1,15,19,0.75,3
247,Lamar Elite - 9U - Red,1,0,1,17,19,0.75,4
247,Banditos 9U Texas,1,1,0,13,15,0.5,5
247,Katy Bombers 9U,1,1,0,20,16,0.5,6
247,LC Legends,0,2,0,16,11,0.0,7
247,Houston Bandits 9u,0,2,0,24,18,0.0,8
247,Texas Elite Lobos - Gold,0,2,0,24,16,0.0,9
248,Banditos 9U Texas,2,0,0,11,18,1.0,1
248,SOUTH COAST CREAM X.,2,0,0,12,24,1.0,2
248,Houston Bandits 9u,2,0,0,20,30,1.0,3
248,Marucci Elite Texas - Holden,1,1,0,16,23,0.5,4
248,Katy Bombers 9U,1,1,0,20,16,0.5,5
248,Texans,1,1,0,21,20,0.5,6
248,LC Legends,0,2,0,21,15,0.0,7
248,Texas Elite Lobos - Gold,0,2,0,24,16,0.0,8
248,Lamar Elite - 9U - Red,0,2,0,31,14,0.0,9
249,SOUTH COAST CREAM X.,2,0,0,12,24,1.0,1
249,Lamar Elite - 9U - Red,2,0,0,16,21,1.0,2
249,Banditos 9U Texas,1,1,0,13,16,0.5,3
249,LC Legends,1,1,0,15,17,0.5,4
249,Katy Bombers 9U,1,1,0,20,16,0.5,5
249,Texans,1,1,0,21,16,0.5,6
249,Marucci Elite Texas - Holden,0,1,1,17,13,0.25,7
249,Houston Bandits 9u,0,1,1,18,17,0.25,8
249,Texas Elite Lobos - Gold,0,2,0,24,16,0.0,9
250,SOUTH COAST CREAM X.,2,0,0,12,24,1.0,1
250,Houston Bandits 9u,2,0,0,13,17,1.0,2
250,LC Legends,1,1,0,10,10,0.5,3
250,Texans,1,1,0,13,12,0.5,4
250,Banditos 9U Texas,1,1,0,14,15,0.5,5
250,Katy Bombers 9U,1,1,0,20,16,0.5,6
250,Lamar Elite - 9U - Red,1,1,0,25,26,0.5,7
250,Marucci Elite Texas - Holden,0,2,0,24,19,0.0,8
250,Texas Elite Lobos - Gold,0,2,0,24,16,0.0,9
251,SOUTH COAST CREAM X.,2,0,0,12,24,1.0,1
251,Banditos 9U Texas,2,0,0,14,24,1.0,2
251,Houston Bandits 9u,2,0,0,23,29,1.0,3
251,LC Legends,1,1,0,17,18,0.5,4
251,Katy Bombers 9U,1,1,0,20,16,0.5,5
251,Marucci Elite Texas - Holden,1,1,0,23,22,0.5,6
251,Lamar Elite - 9U - Red,0,2,0,21,16,0.0,7
251,Texas Elite Lobos - Gold,0,2,0,24,16,0.0,8
251,Texans,0,2,0,30,19,0.0,9
252,SOUTH COAST CREAM X.,2,0,0,12,24,1.0,1
252,Houston Bandits 9u,2,0,0,17,24,1.0,2
252,LC Legends,1,1,0,18,20,0.5,3
252,Banditos 9U Texas,1,1,0,18,14,0.5,4
252,Lamar Elite - 9U - Red,1,1,0,20,18,0.5,5
252,Katy Bombers 9U,1,1,0,20,16,0.5,6
252,Texans,1,1,0,22,24,0.5,7
252,Marucci Elite Texas - Holden,0,2,0,20,15,0.0,8
252,Texas Elite Lobos - Gold,0,2,0,24,16,0.0,9
253,SOUTH COAST CREAM X.,2,0,0,12,24,1.0,1
253,Texans,1,0,1,16,17,0.75,2
253,Banditos 9U Texas,1,1,0,14,17,0.5,3
253,Marucci Elite Texas - Holden,1,1,0,15,19,0.5,4
253,Lamar Elite - 9U - Red,1,1,0,17,18,0.5,5
253,Katy Bombers 9U,1,1,0,20,16,0.5,6
253,Houston Bandits 9u,1,1,0,21,16,0.5,7
253,LC Legends,0,1,1,15,11,0.25,8
253,Texas Elite Lobos - Gold,0,2,0,24,16,0.0,9
254,SOUTH COAST CREAM X.,2,0,0,12,24,1.0,1
254,Banditos 9U Texas,2,0,0,15,21,1.0,2
254,Lamar Elite - 9U - Red,1,1,0,10,20,0.5,3
254,Houston Bandits 9u,1,1,0,18,13,0.5,4
254,Marucci Elite Texas - Holden,1,1,0,18,13,0.5,5
254,Katy Bombers 9U,1,1,0,20,16,0.5,6
254,Texans,1,1,0,22,22,0.5,7
254,LC Legends,0,2,0,19,13,0.0,8
254,Texas Elite Lobos - Gold,0,2,0,24,16,0.0,9
255,Banditos 9U Texas,2,0,0,11,22,1.0,1
255,SOUTH COAST CREAM X.,2,0,0,12,24,1.0,2
255,Lamar Elite - 9U - Red,2,0,0,18,25,1.0,3
255,LC Legends,1,1,0,14,14,0.5,4
255,Katy Bombers 9U,1,1,0,20,16,0.5,5
255,Marucci Elite Texas - Holden,1,1,0,24,24,0.5,6
255,Texas Elite Lobos - Gold,0,2,0,24,16,0.0,7
255,Texans,0,2,0,24,13,0.0,8
255,Houston Bandits 9u,0,2,0,27,20,0.0,9
256,SOUTH COAST CREAM X.,2,0,0,12,24,1.0,1
256,Marucci Elite Texas - Holden,2,0,0,16,20,1.0,2
256,Texans,2,0,0,21,25,1.0,3
256,Lamar Elite - 9U - Red,1,1,0,15,18,0.5,4
256,Banditos 9U Texas,1,1,0,16,17,0.5,5
256,Katy Bombers 9U,1,1,0,20,16,0.5,6
256,LC Legends,0,2,0,21,16,0.0,7
256,Houston Bandits 9u,0,2,0,21,14,0.0,8
256,Texas Elite Lobos - Gold,0,2,0,24,16,0.0,9
257,SOUTH COAST CREAM X.,2,0,0,12,24,1.0,1
257,Marucci Elite Texas - Holden,1,0,1,20,24,0.75,2
257,Banditos 9U Texas,1,1,0,17,18,0.5,3
257,LC Legends,1,1,0,17,14,0.5,4
257,Texans,1,1,0,20,22,0.5,5
257,Houston Bandits 9u,1,1,0,20,19,0.5,6
257,Katy Bombers 9U,1,1,0,20,16,0.5,7
257,Lamar Elite - 9U - Red,0,1,1,19,16,0.25,8
257,Texas Elite Lobos - Gold,0,2,0,24,16,0.0,9
258,SOUTH COAST CREAM X.,2,0,0,12,24,1.0,1
258,Banditos 9U Texas,1,0,1,14,18,0.75,2
258,Houston Bandits 9u,1,0,1,20,21,0.75,3
258,Lamar Elite - 9U - Red,1,1,0,16,16,0.5,4
258,Katy Bombers 9U,1,1,0,20,16,0.5,5
258,Texans,0,0,2,21,21,0.5,6
258,LC Legends,0,1,1,19,15,0.25,7
258,Marucci Elite Texas - Holden,0,1,1,22,21,0.25,8
258,Texas Elite Lobos - Gold,0,2,0,24,16,0.0,9
259,SOUTH COAST CREAM X.,2,0,0,12,24,1.0,1
259,Banditos 9U Texas,2,0,0,13,20,1.0,2
259,Houston Bandits 9u,1,0,1,16,22,0.75,3
259,Katy Bombers 9U,1,1,0,20,16,0.5,4
259,LC Legends,1,1,0,21,20,0.5,5
259,Marucci Elite Texas - Holden,1,1,0,21,16,0.5,6
259,Lamar Elite - 9U - Red,0,1,1,16,15,0.25,7
259,Texas Elite Lobos - Gold,0,2,0,24,16,0.0,8
259,Texans,0,2,0,28,22,0.0,9
260,SOUTH COAST CREAM X.,2,0,0,12,24,1.0,1
260,Texans,2,0,0,14,20,1.0,2
260,Houston Bandits 9u,1,0,1,19,20,0.75,3
260,Lamar Elite - 9U - Red,1,0,1,21,22,0.75,4
260,Banditos 9U Texas,1,1,0,13,16,0.5,5
260,Katy Bombers 9U,1,1,0,20,16,0.5,6
260,LC Legends,0,2,0,19,10,0.0,7
260,Marucci Elite Texas - Holden,0,2,0,20,18,0.0,8
260,Texas Elite Lobos - Gold,0,2,0,24,16,0.0,9
261,SOUTH COAST CREAM X.,2,0,0,12,24,1.0,1
261,Marucci Elite Texas - Holden,2,0,0,17,21,1.0,2
261,Banditos 9U Texas,1,1,0,10,13,0.5,3
261,Texans,1,1,0,14,13,0.5,4
261,LC Legends,1,1,0,15,13,0.5,5
261,Katy Bombers 9U,1,1,0,20,16,0.5,6
261,Lamar Elite - 9U - Red,0,1,1,17,16,0.25,7
261,Houston Bandits 9u,0,1,1,20,17,0.25,8
261,Texas Elite Lobos - Gold,0,2,0,24,16,0.0,9
262,SOUTH COAST CREAM X.,2,0,0,12,24,1.0,1
262,Banditos 9U Texas,2,0,0,12,19,1.0,2
262,LC Legends,1,1,0,13,12,0.5,3
262,Marucci Elite Texas - Holden,1,1,0,17,19,0.5,4
262,Houston Bandits 9u,1,1,0,19,20,0.5,5
262,Katy Bombers 9U,1,1,0,20,16,0.5,6
262,Lamar Elite - 9U - Red,1,1,0,21,18,0.5,7
262,Texans,0,2,0,19,13,0.0,8
262,Texas Elite Lobos - Gold,0,2,0,24,16,0.0,9
263,SOUTH COAST CREAM X.,2,0,0,12,24,1.0,1
263,Banditos 9U Texas,2,0,0,13,18,1.0,2
263,Houston Bandits 9u,1,1,0,18,22,0.5,3
263,Marucci Elite Texas - Holden,1,1,0,20,19,0.5,4
263,Katy Bombers 9U,1,1,0,20,16,0.5,5
263,Lamar Elite - 9U - Red,1,1,0,22,19,0.5,6
263,LC Legends,0,1,1,17,13,0.25,7
263,Texans,0,1,1,19,18,0.25,8
263,Texas Elite Lobos - Gold,0,2,0,24,16,0.0,9
264,SOUTH COAST CREAM X.,2,0,0,12,24,1.0,1
264,Houston Bandits 9u,2,0,0,19,28,1.0,2
264,Banditos 9U Texas,1,1,0,11,12,0.5,3
264,LC Legends,1,1,0,12,15,0.5,4
264,Texans,1,1,0,15,11,0.5,5
264,Katy Bombers 9U,1,1,0,20,16,0.5,6
264,Marucci Elite Texas - Holden,1,1,0,21,24,0.5,7
264,Texas Elite Lobos - Gold,0,2,0,24,16,0.0,8
264,Lamar Elite - 9U - Red,0,2,0,25,13,0.0,9
265,SOUTH COAST CREAM X.,2,0,0,12,24,1.0,1
265,Marucci Elite Texas - Holden,2,0,0,14,18,1.0,2
265,Banditos 9U Texas,1,1,0,14,15,0.5,3
265,LC Legends,1,1,0,18,17,0.5,4
265,Texans,1,1,0,20,20,0.5,5
265,Katy Bombers 9U,1,1,0,20,16,0.5,6
265,Lamar Elite - 9U - Red,1,1,0,22,23,0.5,7
265,Houston Bandits 9u,0,2,0,21,16,0.0,8
265,Texas Elite Lobos - Gold,0,2,0,24,16,0.0,9
266,Banditos 9U Texas,2,0,0,10,25,1.0,1
266,SOUTH COAST CREAM X.,2,0,0,12,24,1.0,2
266,Lamar Elite - 9U - Red,2,0,0,20,26,1.0,3
266,LC Legends,1,1,0,15,12,0.5,4
266,Katy Bombers 9U,1,1,0,20,16,0.5,5
266,Marucci Elite Texas - Holden,1,1,0,22,23,0.5,6
266,Texas Elite Lobos - Gold,0,2,0,24,16,0.0,7
266,Texans,0,2,0,25,13,0.0,8
266,Houston Bandits 9u,0,2,0,28,21,0.0,9
267,Banditos 9U Texas,2,0,0,10,16,1.0,1
267,SOUTH COAST CREAM X.,2,0,0,12,24,1.0,2
267,Houston Bandits 9u,1,1,0,14,13,0.5,3
267,Marucci Elite Texas - Holden,1,1,0,18,21,0.5,4
267,Lamar Elite - 9U - Red,1,1,0,19,17,0.5,5
267,LC Legends,1,1,0,20,19,0.5,6
267,Katy Bombers 9U,1,1,0,20,16,0.5,7
267,Texans,0,2,0,23,18,0.0,8
267,Texas Elite Lobos - Gold,0,2,0,24,16,0.0,9
268,SOUTH COAST CREAM X.,2,0,0,12,24,1.0,1
268,Lamar Elite - 9U - Red,2,0,0,20,27,1.0,2
268,Banditos 9U Texas,1,0,1,14,18,0.75,3
268,LC Legends,1,1,0,16,19,0.5,4
268,Katy Bombers 9U,1,1,0,20,16,0.5,5
268,Houston Bandits 9u,1,1,0,23,22,0.5,6
268,Texans,0,1,1,25,18,0.25,7
268,Texas Elite Lobos - Gold,0,2,0,24,16,0.0,8
268,Marucci Elite Texas - Holden,0,2,0,25,19,0.0,9
269,SOUTH COAST CREAM X.,2,0,0,12,24,1.0,1
269,Texans,2,0,0,16,23,1.0,2
269,Houston Bandits 9u,2,0,0,17,28,1.0,3
269,Banditos 9U Texas,1,1,0,16,17,0.5,4
269,Katy Bombers 9U,1,1,0,20,16,0.5,5
269,Marucci Elite Texas - Holden,1,1,0,25,24,0.5,6
269,LC Legends,0,2,0,19,11,0.0,7
269,Texas Elite Lobos - Gold,0,2,0,24,16,0.0,8
269,Lamar Elite - 9U - Red,0,2,0,26,16,0.0,9
270,SOUTH COAST CREAM X.,2,0,0,12,24,1.0,1
270,Lamar Elite - 9U - Red,2,0,0,23,29,1.0,2
270,LC Legends,1,1,0,10,11,0.5,3
270,Marucci Elite Texas - Holden,1,1,0,15,23,0.5,4
270,Banditos 9U Texas,1,1,0,15,18,0.5,5
270,Texans,1,1,0,17,13,0.5,6
270,Katy Bombers 9U,1,1,0,20,16,0.5,7
270,Texas Elite Lobos - Gold,0,2,0,24,16,0.0,8
270,Houston Bandits 9u,0,2,0,29,15,0.0,9
271,Houston Bandits 9u,2,0,0,9,21,1.0,1
271,SOUTH COAST CREAM X.,2,0,0,12,24,1.0,2
271,Banditos 9U Texas,2,0,0,13,18,1.0,3
271,LC Legends,1,1,0,17,19,0.5,4
271,Katy Bombers 9U,1,1,0,20,16,0.5,5
271,Marucci Elite Texas - Holden,0,1,1,19,12,0.25,6
271,Lamar Elite - 9U - Red,0,1,1,22,17,0.25,7
271,Texas Elite Lobos - Gold,0,2,0,24,16,0.0,8
271,Texans,0,2,0,25,18,0.0,9
272,SOUTH COAST CREAM X.,2,0,0,12,24,1.0,1
272,Lamar Elite - 9U - Red,2,0,0,16,23,1.0,2
272,Texans,1,0,1,14,16,0.75,3
272,Banditos 9U Texas,1,1,0,13,15,0.5,4
272,Marucci Elite Texas - Holden,1,1,0,19,22,0.5,5
272,Katy Bombers 9U,1,1,0,20,16,0.5,6
272,LC Legends,0,1,1,15,11,0.25,7
272,Texas Elite Lobos - Gold,0,2,0,24,16,0.0,8
272,Houston Bandits 9u,0,2,0,27,17,0.0,9
273,SOUTH COAST CREAM X.,2,0,0,12,24,1.0,1
273,Marucci Elite Texas - Holden,1,0,1,11,21,0.75,2
273,Houston Bandits 9u,1,0,1,14,19,0.75,3
273,Banditos 9U Texas,1,1,0,17,20,0.5,4
273,LC Legends,1,1,0,18,16,0.5,5
273,Katy Bombers 9U,1,1,0,20,16,0.5,6
273,Texans,1,1,0,24,23,0.5,7
273,Texas Elite Lobos - Gold,0,2,0,24,16,0.0,8
273,Lamar Elite - 9U - Red,0,2,0,24,9,0.0,9
274,Lamar Elite - 9U - Red,2,0,0,12,25,1.0,1
274,SOUTH COAST CREAM X.,2,0,0,12,24,1.0,2
274,Texans,1,1,0,14,18,0.5,3
274,Banditos 9U Texas,1,1,0,14,12,0.5,4
274,Houston Bandits 9u,1,1,0,16,18,0.5,5
274,LC Legends,1,1,0,16,14,0.5,6
274,Katy Bombers 9U,1,1,0,20,16,0.5,7
274,Texas Elite Lobos - Gold,0,2,0,24,16,0.0,8
274,Marucci Elite Texas - Holden,0,2,0,26,11,0.0,9
275,SOUTH COAST CREAM X.,2,0,0,12,24,1.0,1
275,Banditos 9U Texas,1,1,0,14,16,0.5,2
275,Marucci Elite Texas - Holden,1,1,0,17,15,0.5,3
275,LC Legends,1,1,0,19,16,0.5,4
275,Houston Bandits 9u,1,1,0,20,24,0.5,5
275,Texans,1,1,0,20,21,0.5,6
275,Katy Bombers 9U,1,1,0,20,16,0.5,7
275,Lamar Elite - 9U - Red,1,1,0,21,19,0.5,8
275,Texas Elite Lobos - Gold,0,2,0,24,16,0.0,9
276,Banditos 9U Texas,2,0,0,11,16,1.0,1
276,SOUTH COAST CREAM X.,2,0,0,12,24,1.0,2
276,Marucci Elite Texas - Holden,1,0,1,11,13,0.75,3
276,Lamar Elite - 9U - Red,1,0,1,14,17,0.75,4
276,LC Legends,1,1,0,14,18,0.5,5
276,Katy Bombers 9U,1,1,0,20,16,0.5,6
276,Houston Bandits 9u,0,2,0,18,13,0.0,7
276,Texans,0,2,0,22,13,0.0,8
276,Texas Elite Lobos - Gold,0,2,0,24,16,0.0,9
277,Lamar Elite - 9U - Red,2,0,0,11,22,1.0,1
277,SOUTH COAST CREAM X.,2,0,0,12,24,1.0,2
277,Texans,2,0,0,16,21,1.0,3
277,Banditos 9U Texas,1,1,0,12,12,0.5,4
277,Marucci Elite Texas - Holden,1,1,0,16,23,0.5,5
277,Katy Bombers 9U,1,1,0,20,16,0.5,6
277,LC Legends,0,2,0,21,16,0.0,7
277,Texas Elite Lobos - Gold,0,2,0,24,16,0.0,8
277,Houston Bandits 9u,0,2,0,29,11,0.0,9
278,SOUTH COAST CREAM X.,2,0,0,12,24,1.0,1
278,Houston Bandits 9u,2,0,0,15,21,1.0,2
278,Banditos 9U Texas,1,0,1,14,18,0.75,3
278,LC Legends,1,1,0,15,15,0.5,4
278,Lamar Elite - 9U - Red,1,1,0,17,24,0.5,5
278,Katy Bombers 9U,1,1,0,20,16,0.5,6
278,Texans,0,1,1,21,17,0.25,7
278,Texas Elite Lobos - Gold,0,2,0,24,16,0.0,8
278,Marucci Elite Texas - Holden,0,2,0,29,16,0.0,9
279,SOUTH COAST CREAM X.,2,0,0,12,24,1.0,1
279,Marucci Elite Texas - Holden,2,0,0,15,21,1.0,2
279,LC Legends,1,1,0,18,18,0.5,3
279,Banditos 9U Texas,1,1,0,18,13,0.5,4
279,Texans,1,1,0,19,24,0.5,5
279,Katy Bombers 9U,1,1,0,20,16,0.5,6
279,Lamar Elite - 9U - Red,1,1,0,22,20,0.5,7
279,Houston Bandits 9u,0,2,0,22,18,0.0,8
279,Texas Elite Lobos - Gold,0,2,0,24,16,0.0,9
280,Marucci Elite Texas - Holden,2,0,0,8,15,1.0,1
280,SOUTH COAST CREAM X.,2,0,0,12,24,1.0,2
280,LC Legends,1,1,0,15,15,0.5,3
280,Banditos 9U Texas,1,1,0,18,18,0.5,4
280,Lamar Elite - 9U - Red,1,1,0,18,15,0.5,5
280,Katy Bombers 9U,1,1,0,20,16,0.5,6
280,Texans,1,1,0,21,21,0.5,7
280,Houston Bandits 9u,0,2,0,16,12,0.0,8
280,Texas Elite Lobos - Gold,0,2,0,24,16,0.0,9
281,SOUTH COAST CREAM X.,2,0,0,12,24,1.0,1
281,Banditos 9U Texas,2,0,0,12,23,1.0,2
281,Marucci Elite Texas - Holden,2,0,0,17,27,1.0,3
281,LC Legends,1,1,0,19,16,0.5,4
281,Katy Bombers 9U,1,1,0,20,16,0.5,5
281,Lamar Elite - 9U - Red,1,1,0,21,24,0.5,6
281,Texas Elite Lobos - Gold,0,2,0,24,16,0.0,7
281,Texans,0,2,0,27,19,0.0,8
281,Houston Bandits 9u,0,2,0,31,18,0.0,9
282,SOUTH COAST CREAM X.,2,0,0,12,24,1.0,1
282,Banditos 9U Texas,1,0,1,14,18,0.75,2
282,LC Legends,1,1,0,13,10,0.5,3
282,Houston Bandits 9u,1,1,0,14,15,0.5,4
282,Lamar Elite - 9U - Red,1,1,0,14,14,0.5,5
282,Marucci Elite Texas - Holden,1,1,0,16,15,0.5,6
282,Katy Bombers 9U,1,1,0,20,16,0.5,7
282,Texans,0,1,1,16,15,0.25,8
282,Texas Elite Lobos - Gold,0,2,0,24,16,0.0,9
283,Banditos 9U Texas,2,0,0,8,15,1.0,1
283,SOUTH COAST CREAM X.,2,0,0,12,24,1.0,2
283,Lamar Elite - 9U - Red,2,0,0,18,35,1.0,3
283,Texans,1,1,0,15,18,0.5,4
283,Katy Bombers 9U,1,1,0,20,16,0.5,5
283,Marucci Elite Texas - Holden,1,1,0,30,22,0.5,6
283,LC Legends,0,2,0,22,12,0.0,7
283,Texas Elite Lobos - Gold,0,2,0,24,16,0.0,8
283,Houston Bandits 9u,0,2,0,31,22,0.0,9
284,Banditos 9U Texas,2,0,0,10,19,1.0,1
284,SOUTH COAST CREAM X.,2,0,0,12,24,1.0,2
284,Lamar Elite - 9U - Red,2,0,0,13,27,1.0,3
284,LC Legends,1,1,0,16,13,0.5,4
284,Katy Bombers 9U,1,1,0,20,16,0.5,5
284,Marucci Elite Texas - Holden,1,1,0,26,20,0.5,6
284,Texans,0,2,0,20,14,0.0,7
284,Houston Bandits 9u,0,2,0,22,14,0.0,8
284,Texas Elite Lobos - Gold,0,2,0,24,16,0.0,9
285,SOUTH COAST CREAM X.,2,0,0,12,24,1.0,1
285,LC Legends,1,1,0,12,15,0.5,2
285,Houston Bandits 9u,1,1,0,16,18,0.5,3
285,Lamar Elite - 9U - Red,1,1,0,16,18,0.5,4
285,Banditos 9U Texas,1,1,0,17,17,0.5,5
285,Texans,1,1,0,20,17,0.5,6
285,Katy Bombers 9U,1,1,0,20,16,0.5,7
285,Marucci Elite Texas - Holden,1,1,0,21,17,0.5,8
285,Texas Elite Lobos - Gold,0,2,0,24,16,0.0,9
286,SOUTH COAST CREAM X.,2,0,0,12,24,1.0,1
286,Lamar Elite - 9U - Red,2,0,0,19,27,1.0,2
286,Banditos 9U Texas,1,0,1,12,16,0.75,3
286,Texans,1,0,1,18,23,0.75,4
286,Marucci Elite Texas - Holden,1,1,0,20,18,0.5,5
286,Katy Bombers 9U,1,1,0,20,16,0.5,6
286,LC Legends,0,2,0,23,14,0.0,7
286,Texas Elite Lobos - Gold,0,2,0,24,16,0.0,8
286,Houston Bandits 9u,0,2,0,25,19,0.0,9
287,SOUTH COAST CREAM X.,2,0,0,12,24,1.0,1
287,Texans,2,0,0,17,20,1.0,2
287,Houston Bandits 9u,2,0,0,18,28,1.0,3
287,Banditos 9U Texas,1,1,0,15,18,0.5,4
287,Katy Bombers 9U,1,1,0,20,16,0.5,5
287,Lamar Elite - 9U - Red,1,1,0,26,25,0.5,6
287,LC Legends,0,2,0,17,11,0.0,7
287,Texas Elite Lobos - Gold,0,2,0,24,16,0.0,8
287,Marucci Elite Texas - Holden,0,2,0,26,17,0.0,9
288,Banditos 9U Texas,2,0,0,11,20,1.0,1
288,SOUTH COAST CREAM X.,2,0,0,12,24,1.0,2
288,Lamar Elite - 9U - Red,2,0,0,18,23,1.0,3
288,Katy Bombers 9U,1,1,0,20,16,0.5,4
288,Texans,1,1,0,21,17,0.5,5
288,Houston Bandits 9u,1,1,0,25,23,0.5,6
288,LC Legends,0,2,0,18,13,0.0,7
288,Marucci Elite Texas - Holden,0,2,0,21,18,0.0,8
288,Texas Elite Lobos - Gold,0,2,0,24,16,0.0,9
289,Texans,2,0,0,8,24,1.0,1
289,SOUTH COAST CREAM X.,2,0,0,12,24,1.0,2
289,Lamar Elite - 9U - Red,2,0,0,14,23,1.0,3
289,Banditos 9U Texas,1,1,0,19,13,0.5,4
289,Katy Bombers 9U,1,1,0,20,16,0.5,5
289,Marucci Elite Texas - Holden,1,1,0,22,17,0.5,6
289,LC Legends,0,2,0,17,7,0.0,7
289,Houston Bandits 9u,0,2,0,19,15,0.0,8
289,Texas Elite Lobos - Gold,0,2,0,24,16,0.0,9
290,Banditos 9U Texas,2,0,0,10,15,1.0,1
290,SOUTH COAST CREAM X.,2,0,0,12,24,1.0,2
290,LC Legends,1,1,0,14,12,0.5,3
290,Houston Bandits 9u,1,1,0,14,12,0.5,4
290,Marucci Elite Texas - Holden,1,1,0,17,19,0.5,5
290,Lamar Elite - 9U - Red,1,1,0,20,20,0.5,6
290,Katy Bombers 9U,1,1,0,20,16,0.5,7
290,Texans,0,2,0,15,12,0.0,8
290,Texas Elite Lobos - Gold,0,2,0,24,16,0.0,9
291,Banditos 9U Texas,2,0,0,11,16,1.0,1
291,SOUTH COAST CREAM X.,2,0,0,12,24,1.0,2
291,Lamar Elite - 9U - Red,1,0,1,18,27,0.75,3
291,Marucci Elite Texas - Holden,1,0,1,23,26,0.75,4
291,LC Legends,1,1,0,15,14,0.5,5
291,Katy Bombers 9U,1,1,0,20,16,0.5,6
291,Texans,0,2,0,18,14,0.0,7
291,Texas Elite Lobos - Gold,0,2,0,24,16,0.0,8
291,Houston Bandits 9u,0,2,0,31,19,0.0,9
292,SOUTH COAST CREAM X.,2,0,0,12,24,1.0,1
292,Lamar Elite - 9U - Red,2,0,0,15,24,1.0,2
292,Texans,2,0,0,16,22,1.0,3
292,Banditos 9U Texas,1,1,0,15,18,0.5,4
292,Katy Bombers 9U,1,1,0,20,16,0.5,5
292,Marucci Elite Texas - Holden,1,1,0,22,18,0.5,6
292,Houston Bandits 9u,0,2,0,18,13,0.0,7
292,LC Legends,0,2,0,19,10,0.0,8
292,Texas Elite Lobos - Gold,0,2,0,24,16,0.0,9
293,Banditos 9U Texas,2,0,0,8,18,1.0,1
293,SOUTH COAST CREAM X.,2,0,0,12,24,1.0,2
293,Houston Bandits 9u,1,0,1,13,16,0.75,3
293,Lamar Elite - 9U - Red,1,1,0,11,16,0.5,4
293,Texans,1,1,0,20,16,0.5,5
293,Katy Bombers 9U,1,1,0,20,16,0.5,6
293,Marucci Elite Texas - Holden,0,1,1,17,9,0.25,7
293,LC Legends,0,2,0,20,14,0.0,8
293,Texas Elite Lobos - Gold,0,2,0,24,16,0.0,9
294,Banditos 9U Texas,2,0,0,10,21,1.0,1
294,SOUTH COAST CREAM X.,2,0,0,12,24,1.0,2
294,Houston Bandits 9u,2,0,0,15,23,1.0,3
294,Lamar Elite - 9U - Red,1,1,0,14,16,0.5,4
294,Texans,1,1,0,20,18,0.5,5
294,Katy Bombers 9U,1,1,0,20,16,0.5,6
294,LC Legends,0,2,0,20,11,0.0,7
294,Texas Elite Lobos - Gold,0,2,0,24,16,0.0,8
294,Marucci Elite Texas - Holden,0,2,0,26,16,0.0,9
295,SOUTH COAST CREAM X.,2,0,0,12,24,1.0,1
295,Marucci Elite Texas - Holden,2,0,0,17,30,1.0,2
295,LC Legends,1,1,0,13,16,0.5,3
295,Banditos 9U Texas,1,1,0,14,14,0.5,4
295,Texans,1,1,0,18,15,0.5,5
295,Katy Bombers 9U,1,1,0,20,16,0.5,6
295,Houston Bandits 9u,1,1,0,23,28,0.5,7
295,Texas Elite Lobos - Gold,0,2,0,24,16,0.0,8
295,Lamar Elite - 9U - Red,0,2,0,33,15,0.0,9
296,SOUTH COAST CREAM X.,2,0,0,12,24,1.0,1
296,Banditos 9U Texas,2,0,0,14,19,1.0,2
296,Marucci Elite Texas - Holden,2,0,0,18,21,1.0,3
296,Houston Bandits 9u,1,1,0,15,15,0.5,4
296,Katy Bombers 9U,1,1,0,20,16,0.5,5
296,LC Legends,0,1,1,22,18,0.25,6
296,Texans,0,1,1,25,24,0.25,7
296,Lamar Elite - 9U - Red,0,2,0,21,18,0.0,8
296,Texas Elite Lobos - Gold,0,2,0,24,16,0.0,9
297,SOUTH COAST CREAM X.,2,0,0,12,24,1.0,1
297,Texans,1,0,1,19,23,0.75,2
297,Lamar Elite - 9U - Red,1,0,1,20,22,0.75,3
297,Houston Bandits 9u,0,0,2,16,16,0.5,4
297,Banditos 9U Texas,1,1,0,19,19,0.5,5
297,Katy Bombers 9U,1,1,0,20,16,0.5,6
297,LC Legends,0,1,1,16,12,0.25,7
297,Marucci Elite Texas - Holden,0,1,1,22,20,0.25,8
297,Texas Elite Lobos - Gold,0,2,0,24,16,0.0,9
298,SOUTH COAST CREAM X.,2,0,0,12,24,1.0,1
298,Texans,2,0,0,17,23,1.0,2
298,Banditos 9U Texas,1,1,0,16,16,0.5,3
298,Houston Bandits 9u,1,1,0,18,24,0.5,4
298,Katy Bombers 9U,1,1,0,20,16,0.5,5
298,Marucci Elite Texas - Holden,1,1,0,23,21,0.5,6
298,Lamar Elite - 9U - Red,1,1,0,24,20,0.5,7
298,LC Legends,0,2,0,19,13,0.0,8
298,Texas Elite Lobos - Gold,0,2,0,24,16,0.0,9
299,Lamar Elite - 9U - Red,2,0,0,10,21,1.0,1
299,Texans,2,0,0,10,18,1.0,2
299,SOUTH COAST CREAM X.,2,0,0,12,24,1.0,3
299,Banditos 9U Texas,1,1,0,13,15,0.5,4
299,Katy Bombers 9U,1,1,0,20,16,0.5,5
299,Houston Bandits 9u,0,1,1,16,15,0.25,6
299,Marucci Elite Texas - Holden,0,1,1,23,13,0.25,7
299,LC Legends,0,2,0,17,7,0.0,8
299,Texas Elite Lobos - Gold,0,2,0,24,16,0.0,9
300,SOUTH COAST CREAM X.,2,0,0,12,24,1.0,1
300,Houston Bandits 9u,1,0,1,18,22,0.75,2
300,Banditos 9U Texas,1,1,0,17,19,0.5,3
300,LC Legends,1,1,0,17,16,0.5,4
300,Lamar Elite - 9U - Red,1,1,0,20,18,0.5,5
300,Katy Bombers 9U,1,1,0,20,16,0.5,6
300,Texans,1,1,0,23,22,0.5,7
300,Marucci Elite Texas - Holden,0,1,1,22,20,0.25,8
300,Texas Elite Lobos - Gold,0,2,0,24,16,0.0,9
301,SOUTH COAST CREAM X.,2,0,0,12,24,1.0,1
301,Lamar Elite - 9U - Red,1,0,1,14,18,0.75,2
301,LC Legends,1,1,0,17,14,0.5,3
301,Texans,1,1,0,18,24,0.5,4
301,Houston Bandits 9u,1,1,0,19,18,0.5,5
301,Banditos 9U Texas,1,1,0,19,16,0.5,6
301,Katy Bombers 9U,1,1,0,20,16,0.5,7
301,Marucci Elite Texas - Holden,0,1,1,20,17,0.25,8
301,Texas Elite Lobos - Gold,0,2,0,24,16,0.0,9
302,SOUTH COAST CREAM X.,2,0,0,12,24,1.0,1
302,Texans,1,0,1,12,13,0.75,2
302,Lamar Elite - 9U - Red,1,0,1,14,18,0.75,3
302,Banditos 9U Texas,1,1,0,10,13,0.5,4
302,Katy Bombers 9U,1,1,0,20,16,0.5,5
302,Marucci Elite Texas - Holden,1,1,0,21,20,0.5,6
302,LC Legends,0,1,1,15,11,0.25,7
302,Houston Bandits 9u,0,1,1,20,17,0.25,8
302,Texas Elite Lobos - Gold,0,2,0,24,16,0.0,9
303,SOUTH COAST CREAM X.,2,0,0,12,24,1.0,1
303,Lamar Elite - 9U - Red,2,0,0,14,22,1.0,2
303,Texans,2,0,0,14,19,1.0,3
303,Banditos 9U Texas,1,1,0,12,13,0.5,4
303,Katy Bombers 9U,1,1,0,20,16,0.5,5
303,Marucci Elite Texas - Holden,0,1,1,16,13,0.25,6
303,Houston Bandits 9u,0,1,1,16,11,0.25,7
303,LC Legends,0,2,0,19,13,0.0,8
303,Texas Elite Lobos - Gold,0,2,0,24,16,0.0,9
304,SOUTH COAST CREAM X.,2,0,0,12,24,1.0,1
304,Marucci Elite Texas - Holden,2,0,0,13,18,1.0,2
304,Texans,2,0,0,16,23,1.0,3
304,Banditos 9U Texas,1,1,0,18,16,0.5,4
304,Katy Bombers 9U,1,1,0,20,16,0.5,5
304,Houston Bandits 9u,1,1,0,21,23,0.5,6
304,LC Legends,0,2,0,17,12,0.0,7
304,Texas Elite Lobos - Gold,0,2,0,24,16,0.0,8
304,Lamar Elite - 9U - Red,0,2,0,26,19,0.0,9
305,Marucci Elite Texas - Holden,2,0,0,11,14,1.0,1
305,SOUTH COAST CREAM X.,2,0,0,12,24,1.0,2
305,LC Legends,1,1,0,12,15,0.5,3
305,Banditos 9U Texas,1,1,0,16,19,0.5,4
305,Katy Bombers 9U,1,1,0,20,16,0.5,5
305,Texans,1,1,0,22,16,0.5,6
305,Lamar Elite - 9U - Red,0,1,1,12,11,0.25,7
305,Houston Bandits 9u,0,1,1,16,14,0.25,8
305,Texas Elite Lobos - Gold,0,2,0,24,16,0.0,9
306,SOUTH COAST CREAM X.,2,0,0,12,24,1.0,1
306,Lamar Elite - 9U - Red,2,0,0,16,21,1.0,2
306,LC Legends,1,1,0,13,11,0.5,3
306,Banditos 9U Texas,1,1,0,14,17,0.5,4
306,Texans,1,1,0,16,15,0.5,5
306,Marucci Elite Texas - Holden,1,1,0,19,23,0.5,6
306,Katy Bombers 9U,1,1,0,20,16,0.5,7
306,Texas Elite Lobos - Gold,0,2,0,24,16,0.0,8
306,Houston Bandits 9u,0,2,0,25,16,0.0,9
307,SOUTH COAST CREAM X.,2,0,0,12,24,1.0,1
307,Houston Bandits 9u,2,0,0,13,22,1.0,2
307,Texans,2,0,0,24,34,1.0,3
307,Lamar Elite - 9U - Red,1,1,0,17,15,0.5,4
307,Katy Bombers 9U,1,1,0,20,16,0.5,5
307,Banditos 9U Texas,1,1,0,21,18,0.5,6
307,Marucci Elite Texas - Holden,0,2,0,20,13,0.0,7
307,Texas Elite Lobos - Gold,0,2,0,24,16,0.0,8
307,LC Legends,0,2,0,25,18,0.0,9
308,SOUTH COAST CREAM X.,2,0,0,12,24,1.0,1
308,Texans,2,0,0,16,23,1.0,2
308,Marucci Elite Texas - Holden,2,0,0,18,23,1.0,3
308,Banditos 9U Texas,1,1,0,12,14,0.5,4
308,Houston Bandits 9u,1,1,0,20,21,0.5,5
308,Katy Bombers 9U,1,1,0,20,16,0.5,6
308,LC Legends,0,2,0,23,14,0.0,7
308,Texas Elite Lobos - Gold,0,2,0,24,16,0.0,8
308,Lamar Elite - 9U - Red,0,2,0,26,20,0.0,9
309,SOUTH COAST CREAM X.,2,0,0,12,24,1.0,1
309,Lamar Elite - 9U - Red,2,0,0,13,15,1.0,2
309,Texans,2,0,0,14,21,1.0,3
309,Banditos 9U Texas,1,1,0,13,14,0.5,4
309,Katy Bombers 9U,1,1,0,20,16,0.5,5
309,Marucci Elite Texas - Holden,0,1,1,18,17,0.25,6
309,Houston Bandits 9u,0,1,1,19,18,0.25,7
309,LC Legends,0,2,0,20,12,0.0,8
309,Texas Elite Lobos - Gold,0,2,0,24,16,0.0,9
310,SOUTH COAST CREAM X.,2,0,0,12,24,1.0,1
310,Lamar Elite - 9U - Red,2,0,0,14,23,1.0,2
310,Texans,1,0,1,20,25,0.75,3
310,Banditos 9U Texas,1,1,0,18,17,0.5,4
310,Houston Bandits 9u,1,1,0,19,18,0.5,5
310,Katy Bombers 9U,1,1,0,20,16,0.5,6
310,LC Legends,0,1,1,19,15,0.25,7
310,Marucci Elite Texas - Holden,0,2,0,24,16,0.0,8
310,Texas Elite Lobos - Gold,0,2,0,24,16,0.0,9
311,SOUTH COAST CREAM X.,2,0,0,12,24,1.0,1
311,Banditos 9U Texas,2,0,0,12,17,1.0,2
311,Lamar Elite - 9U - Red,1,1,0,11,13,0.5,3
311,Marucci Elite Texas - Holden,1,1,0,12,9,0.5,4
311,Houston Bandits 9u,1,1,0,13,14,0.5,5
311,Katy Bombers 9U,1,1,0,20,16,0.5,6
311,LC Legends,0,1,1,15,11,0.25,7
311,Texans,0,1,1,16,15,0.25,8
311,Texas Elite Lobos - Gold,0,2,0,24,16,0.0,9
312,SOUTH COAST CREAM X.,2,0,0,12,24,1.0,1
312,Banditos 9U Texas,1,0,1,10,14,0.75,2
312,Texans,1,0,1,12,17,0.75,3
312,Houston Bandits 9u,1,0,1,15,20,0.75,4
312,Katy Bombers 9U,1,1,0,20,16,0.5,5
312,Lamar Elite - 9U - Red,1,1,0,21,19,0.5,6
312,Marucci Elite Texas - Holden,0,1,1,18,15,0.25,7
312,LC Legends,0,2,0,19,10,0.0,8
312,Texas Elite Lobos - Gold,0,2,0,24,16,0.0,9
313,SOUTH COAST CREAM X.,2,0,0,12,24,1.0,1
313,Lamar Elite - 9U - Red,1,0,1,18,19,0.75,2
313,Banditos 9U Texas,1,1,0,14,15,0.5,3
313,Texans,1,1,0,18,20,0.5,4
313,LC Legends,1,1,0,18,15,0.5,5
313,Katy Bombers 9U,1,1,0,20,16,0.5,6
313,Marucci Elite Texas - Holden,0,0,2,21,21,0.5,7
313,Houston Bandits 9u,0,1,1,18,17,0.25,8
313,Texas Elite Lobos - Gold,0,2,0,24,16,0.0,9
314,Marucci Elite Texas - Holden,2,0,0,8,16,1.0,1
314,SOUTH COAST CREAM X.,2,0,0,12,24,1.0,2
314,LC Legends,1,1,0,14,17,0.5,3
314,Houston Bandits 9u,1,1,0,15,18,0.5,4
314,Banditos 9U Texas,1,1,0,17,19,0.5,5
314,Katy Bombers 9U,1,1,0,20,16,0.5,6
314,Texans,1,1,0,24,19,0.5,7
314,Lamar Elite - 9U - Red,0,2,0,20,9,0.0,8
314,Texas Elite Lobos - Gold,0,2,0,24,16,0.0,9
315,SOUTH COAST CREAM X.,2,0,0,12,24,1.0,1
315,Banditos 9U Texas,2,0,0,16,24,1.0,2
315,Lamar Elite - 9U - Red,1,1,0,14,17,0.5,3
315,Marucci Elite Texas - Holden,1,1,0,20,18,0.5,4
315,Katy Bombers 9U,1,1,0,20,16,0.5,5
315,Houston Bandits 9u,1,1,0,21,20,0.5,6
315,Texans,1,1,0,23,22,0.5,7
315,LC Legends,0,2,0,18,11,0.0,8
315,Texas Elite Lobos - Gold,0,2,0,24,16,0.0,9
316,SOUTH COAST CREAM X.,2,0,0,12,24,1.0,1
316,Banditos 9U Texas,2,0,0,12,18,1.0,2
316,Houston Bandits 9u,1,1,0,20,30,0.5,3
316,Katy Bombers 9U,1,1,0,20,16,0.5,4
316,Marucci Elite Texas - Holden,1,1,0,22,22,0.5,5
316,Lamar Elite - 9U - Red,1,1,0,26,16,0.5,6
316,LC Legends,0,1,1,17,13,0.25,7
316,Texans,0,1,1,19,17,0.25,8
316,Texas Elite Lobos - Gold,0,2,0,24,16,0.0,9
317,Banditos 9U Texas,2,0,0,11,19,1.0,1
317,SOUTH COAST CREAM X.,2,0,0,12,24,1.0,2
317,Marucci Elite Texas - Holden,2,0,0,15,20,1.0,3
317,LC Legends,1,1,0,11,19,0.5,4
317,Lamar Elite - 9U - Red,1,1,0,18,20,0.5,5
317,Katy Bombers 9U,1,1,0,20,16,0.5,6
317,Houston Bandits 9u,0,2,0,18,11,0.0,7
317,Texas Elite Lobos - Gold,0,2,0,24,16,0.0,8
317,Texans,0,2,0,26,10,0.0,9
318,SOUTH COAST CREAM X.,2,0,0,12,24,1.0,1
318,Banditos 9U Texas,2,0,0,16,21,1.0,2
318,Marucci Elite Texas - Holden,1,1,0,12,16,0.5,3
318,Houston Bandits 9u,1,1,0,15,12,0.5,4
318,Lamar Elite - 9U - Red,1,1,0,17,16,0.5,5
318,Texans,1,1,0,19,28,0.5,6
318,Katy Bombers 9U,1,1,0,20,16,0.5,7
318,Texas Elite Lobos - Gold,0,2,0,24,16,0.0,8
318,LC Legends,0,2,0,24,10,0.0,9
319,SOUTH COAST CREAM X.,2,0,0,12,24,1.0,1
319,Texans,2,0,0,13,19,1.0,2
319,Lamar Elite - 9U - Red,2,0,0,14,22,1.0,3
319,Banditos 9U Texas,1,1,0,16,15,0.5,4
319,Marucci Elite Texas - Holden,1,1,0,19,20,0.5,5
319,Katy Bombers 9U,1,1,0,20,16,0.5,6
319,LC Legends,0,2,0,15,10,0.0,7
319,Houston Bandits 9u,0,2,0,19,10,0.0,8
319,Texas Elite Lobos - Gold,0,2,0,24,16,0.0,9
320,SOUTH COAST CREAM X.,2,0,0,12,24,1.0,1
320,Texans,1,0,1,13,16,0.75,2
320,Banditos 9U Texas,1,1,0,14,15,0.5,3
320,Houston Bandits 9u,1,1,0,15,18,0.5,4
320,Marucci Elite Texas - Holden,1,1,0,20,19,0.5,5
320,Katy Bombers 9U,1,1,0,20,16,0.5,6
320,Lamar Elite - 9U - Red,1,1,0,24,22,0.5,7
320,LC Legends,0,1,1,14,10,0.25,8
320,Texas Elite Lobos - Gold,0,2,0,24,16,0.0,9
321,SOUTH COAST CREAM X.,2,0,0,12,24,1.0,1
321,Marucci Elite Texas - Holden,2,0,0,15,20,1.0,2
321,Texans,1,1,0,15,23,0.5,3
321,LC Legends,1,1,0,16,13,0.5,4
321,Houston Bandits 9u,1,1,0,18,20,0.5,5
321,Banditos 9U Texas,1,1,0,19,14,0.5,6
321,Katy Bombers 9U,1,1,0,20,16,0.5,7
321,Lamar Elite - 9U - Red,0,2,0,21,14,0.0,8
321,Texas Elite Lobos - Gold,0,2,0,24,16,0.0,9
322,SOUTH COAST CREAM X.,2,0,0,12,24,1.0,1
322,Houston Bandits 9u,1,0,1,15,17,0.75,2
322,Lamar Elite - 9U - Red,1,0,1,16,18,0.75,3
322,Texans,1,1,0,13,17,0.5,4
322,Banditos 9U Texas,1,1,0,14,13,0.5,5
322,LC Legends,1,1,0,15,12,0.5,6
322,Katy Bombers 9U,1,1,0,20,16,0.5,7
322,Marucci Elite Texas - Holden,0,2,0,17,13,0.0,8
322,Texas Elite Lobos - Gold,0,2,0,24,16,0.0,9
323,SOUTH COAST CREAM X.,2,0,0,12,24,1.0,1
323,Houston Bandits 9u,2,0,0,19,23,1.0,2
323,Texans,1,0,1,22,25,0.75,3
323,Lamar Elite - 9U - Red,1,1,0,16,19,0.5,4
323,Katy Bombers 9U,1,1,0,20,16,0.5,5
323,Banditos 9U Texas,1,1,0,21,22,0.5,6
323,LC Legends,0,1,1,16,12,0.25,7
323,Marucci Elite Texas - Holden,0,2,0,20,13,0.0,8
323,Texas Elite Lobos - Gold,0,2,0,24,16,0.0,9
324,SOUTH COAST CREAM X.,2,0,0,12,24,1.0,1
324,Marucci Elite Texas - Holden,2,0,0,21,24,1.0,2
324,LC Legends,1,1,0,15,17,0.5,3
324,Banditos 9U Texas,1,1,0,16,14,0.5,4
324,Texans,1,1,0,19,19,0.5,5
324,Katy Bombers 9U,1,1,0,20,16,0.5,6
324,Houston Bandits 9u,1,1,0,21,22,0.5,7
324,Lamar Elite - 9U - Red,0,2,0,15,11,0.0,8
324,Texas Elite Lobos - Gold,0,2,0,24,16,0.0,9
325,SOUTH COAST CREAM X.,2,0,0,12,24,1.0,1
325,Banditos 9U Texas,1,1,0,10,13,0.5,2
325,Texans,1,1,0,12,12,0.5,3
325,LC Legends,1,1,0,14,11,0.5,4
325,Katy Bombers 9U,1,1,0,20,16,0.5,5
325,Houston Bandits 9u,1,1,0,21,23,0.5,6
325,Lamar Elite - 9U - Red,1,1,0,24,22,0.5,7
325,Marucci Elite Texas - Holden,1,1,0,25,25,0.5,8
325,Texas Elite Lobos - Gold,0,2,0,24,16,0.0,9
326,SOUTH COAST CREAM X.,2,0,0,12,24,1.0,1
326,Banditos 9U Texas,2,0,0,14,20,1.0,2
326,Marucci Elite Texas - Holden,1,1,0,10,17,0.5,3
326,Houston Bandits 9u,1,1,0,15,16,0.5,4
326,LC Legends,1,1,0,15,13,0.5,5
326,Lamar Elite - 9U - Red,1,1,0,19,11,0.5,6
326,Katy Bombers 9U,1,1,0,20,16,0.5,7
326,Texans,0,2,0,21,17,0.0,8
326,Texas Elite Lobos - Gold,0,2,0,24,16,0.0,9
327,SOUTH COAST CREAM X.,2,0,0,12,24,1.0,1
327,Texans,1,1,0,10,16,0.5,2
327,LC Legends,1,1,0,11,10,0.5,3
327,Houston Bandits 9u,1,1,0,16,18,0.5,4
327,Banditos 9U Texas,1,1,0,17,12,0.5,5
327,Marucci Elite Texas - Holden,1,1,0,19,15,0.5,6
327,Katy Bombers 9U,1,1,0,20,16,0.5,7
327,Lamar Elite - 9U - Red,1,1,0,21,23,0.5,8
327,Texas Elite Lobos - Gold,0,2,0,24,16,0.0,9
328,SOUTH COAST CREAM X.,2,0,0,12,24,1.0,1
328,Houston Bandits 9u,1,1,0,13,21,0.5,2
328,Banditos 9U Texas,1,1,0,15,15,0.5,3
328,LC Legends,1,1,0,19,18,0.5,4
328,Marucci Elite Texas - Holden,1,1,0,20,19,0.5,5
328,Katy Bombers 9U,1,1,0,20,16,0.5,6
328,Texans,1,1,0,21,22,0.5,7
328,Lamar Elite - 9U - Red,1,1,0,23,16,0.5,8
328,Texas Elite Lobos - Gold,0,2,0,24,16,0.0,9
329,SOUTH COAST CREAM X.,2,0,0,12,24,1.0,1
329,Banditos 9U Texas,2,0,0,14,24,1.0,2
329,Lamar Elite - 9U - Red,2,0,0,22,24,1.0,3
329,Houston Bandits 9u,1,1,0,18,18,0.5,4
329,Katy Bombers 9U,1,1,0,20,16,0.5,5
329,Texans,1,1,0,25,28,0.5,6
329,Marucci Elite Texas - Holden,0,2,0,21,19,0.0,7
329,Texas Elite Lobos - Gold,0,2,0,24,16,0.0,8
329,LC Legends,0,2,0,26,13,0.0,9
330,SOUTH COAST CREAM X.,2,0,0,12,24,1.0,1
330,Texans,2,0,0,15,23,1.0,2
330,Marucci Elite Texas - Holden,2,0,0,16,19,1.0,3
330,Houston Bandits 9u,1,1,0,15,15,0.5,4
330,Banditos 9U Texas,1,1,0,16,15,0.5,5
330,Katy Bombers 9U,1,1,0,20,16,0.5,6
330,Lamar Elite - 9U - Red,0,2,0,18,15,0.0,7
330,LC Legends,0,2,0,19,12,0.0,8
330,Texas Elite Lobos - Gold,0,2,0,24,16,0.0,9
331,SOUTH COAST CREAM X.,2,0,0,12,24,1.0,1
331,Banditos 9U Texas,2,0,0,14,20,1.0,2
331,Marucci Elite Texas - Holden,1,0,1,13,15,0.75,3
331,Houston Bandits 9u,0,0,2,16,16,0.5,4
331,Texans,1,1,0,20,19,0.5,5
331,Katy Bombers 9U,1,1,0,20,16,0.5,6
331,Lamar Elite - 9U - Red,0,1,1,15,13,0.25,7
331,LC Legends,0,2,0,17,12,0.0,8
331,Texas Elite Lobos - Gold,0,2,0,24,16,0.0,9
332,SOUTH COAST CREAM X.,2,0,0,12,24,1.0,1
332,Marucci Elite Texas - Holden,2,0,0,15,26,1.0,2
332,LC Legends,1,1,0,16,15,0.5,3
332,Banditos 9U Texas,1,1,0,19,20,0.5,4
332,Katy Bombers 9U,1,1,0,20,16,0.5,5
332,Houston Bandits 9u,1,1,0,22,15,0.5,6
332,Texans,1,1,0,23,23,0.5,7
332,Lamar Elite - 9U - Red,0,2,0,19,15,0.0,8
332,Texas Elite Lobos - Gold,0,2,0,24,16,0.0,9
333,SOUTH COAST CREAM X.,2,0,0,12,24,1.0,1
333,Banditos 9U Texas,1,1,0,15,18,0.5,2
333,LC Legends,1,1,0,15,18,0.5,3
333,Katy Bombers 9U,1,1,0,20,16,0.5,4
333,Houston Bandits 9u,1,1,0,22,19,0.5,5
333,Marucci Elite Texas - Holden,1,1,0,24,26,0.5,6
333,Texans,1,1,0,24,18,0.5,7
333,Lamar Elite - 9U - Red,1,1,0,26,27,0.5,8
333,Texas Elite Lobos - Gold,0,2,0,24,16,0.0,9
334,SOUTH COAST CREAM X.,2,0,0,12,24,1.0,1
334,Banditos 9U Texas,2,0,0,15,22,1.0,2
334,Houston Bandits 9u,1,1,0,20,20,0.5,3
334,Katy Bombers 9U,1,1,0,20,16,0.5,4
334,Lamar Elite - 9U - Red,1,1,0,22,25,0.5,5
334,Marucci Elite Texas - Holden,1,1,0,23,20,0.5,6
334,Texans,1,1,0,24,24,0.5,7
334,LC Legends,0,2,0,21,14,0.0,8
334,Texas Elite Lobos - Gold,0,2,0,24,16,0.0,9
335,SOUTH COAST CREAM X.,2,0,0,12,24,1.0,1
335,Lamar Elite - 9U - Red,2,0,0,16,22,1.0,2
335,LC Legends,1,1,0,17,17,0.5,3
335,Banditos 9U Texas,1,1,0,20,18,0.5,4
335,Katy Bombers 9U,1,1,0,20,16,0.5,5
335,Texans,1,1,0,23,25,0.5,6
335,Marucci Elite Texas - Holden,1,1,0,27,26,0.5,7
335,Texas Elite Lobos - Gold,0,2,0,24,16,0.0,8
335,Houston Bandits 9u,0,2,0,27,22,0.0,9
336,Lamar Elite - 9U - Red,2,0,0,11,24,1.0,1
336,SOUTH COAST CREAM X.,2,0,0,12,24,1.0,2
336,Texans,1,0,1,18,23,0.75,3
336,Banditos 9U Texas,1,1,0,16,15,0.5,4
336,Katy Bombers 9U,1,1,0,20,16,0.5,5
336,Houston Bandits 9u,1,1,0,20,15,0.5,6
336,LC Legends,0,1,1,19,15,0.25,7
336,Marucci Elite Texas - Holden,0,2,0,23,15,0.0,8
336,Texas Elite Lobos - Gold,0,2,0,24,16,0.0,9
337,SOUTH COAST CREAM X.,2,0,0,12,24,1.0,1
337,Marucci Elite Texas - Holden,2,0,0,16,21,1.0,2
337,Banditos 9U Texas,1,1,0,18,18,0.5,3
337,LC Legends,1,1,0,18,15,0.5,4
337,Houston Bandits 9u,1,1,0,19,24,0.5,5
337,Katy Bombers 9U,1,1,0,20,16,0.5,6
337,Texans,1,1,0,21,24,0.5,7
337,Texas Elite Lobos - Gold,0,2,0,24,16,0.0,8
337,Lamar Elite - 9U - Red,0,2,0,27,17,0.0,9
338,Marucci Elite Texas - Holden,2,0,0,9,27,1.0,1
338,SOUTH COAST CREAM X.,2,0,0,12,24,1.0,2
338,Lamar Elite - 9U - Red,1,1,0,15,14,0.5,3
338,LC Legends,1,1,0,17,19,0.5,4
338,Banditos 9U Texas,1,1,0,19,18,0.5,5
338,Katy Bombers 9U,1,1,0,20,16,0.5,6
338,Texans,1,1,0,25,24,0.5,7
338,Houston Bandits 9u,0,2,0,23,6,0.0,8
338,Texas Elite Lobos - Gold,0,2,0,24,16,0.0,9
339,SOUTH COAST CREAM X.,2,0,0,12,24,1.0,1
339,Texans,2,0,0,14,19,1.0,2
339,Marucci Elite Texas - Holden,2,0,0,15,29,1.0,3
339,Banditos 9U Texas,1,1,0,15,15,0.5,4
339,Katy Bombers 9U,1,1,0,20,16,0.5,5
339,Lamar Elite - 9U - Red,0,1,1,23,20,0.25,6
339,Houston Bandits 9u,0,1,1,34,23,0.25,7
339,LC Legends,0,2,0,16,11,0.0,8
339,Texas Elite Lobos - Gold,0,2,0,24,16,0.0,9
340,SOUTH COAST CREAM X.,2,0,0,12,24,1.0,1
340,Marucci Elite Texas - Holden,1,0,1,16,19,0.75,2
340,Lamar Elite - 9U - Red,1,0,1,18,21,0.75,3
340,Banditos 9U Texas,1,1,0,15,15,0.5,4
340,LC Legends,1,1,0,18,18,0.5,5
340,Katy Bombers 9U,1,1,0,20,16,0.5,6
340,Texans,1,1,0,21,21,0.5,7
340,Houston Bandits 9u,0,2,0,20,14,0.0,8
340,Texas Elite Lobos - Gold,0,2,0,24,16,0.0,9
341,SOUTH COAST CREAM X.,2,0,0,12,24,1.0,1
341,Banditos 9U Texas,1,1,0,14,13,0.5,2
341,Texans,1,1,0,15,18,0.5,3
341,LC Legends,1,1,0,16,14,0.5,4
341,Lamar Elite - 9U - Red,1,1,0,18,19,0.5,5
341,Houston Bandits 9u,1,1,0,19,19,0.5,6
341,Katy Bombers 9U,1,1,0,20,16,0.5,7
341,Marucci Elite Texas - Holden,1,1,0,24,23,0.5,8
341,Texas Elite Lobos - Gold,0,2,0,24,16,0.0,9
342,SOUTH COAST CREAM X.,2,0,0,12,24,1.0,1
342,Banditos 9U Texas,1,1,0,13,12,0.5,2
342,LC Legends,1,1,0,16,21,0.5,3
342,Lamar Elite - 9U - Red,1,1,0,18,24,0.5,4
342,Houston Bandits 9u,1,1,0,18,19,0.5,5
342,Katy Bombers 9U,1,1,0,20,16,0.5,6
342,Texans,1,1,0,21,17,0.5,7
342,Marucci Elite Texas - Holden,1,1,0,22,15,0.5,8
342,Texas Elite Lobos - Gold,0,2,0,24,16,0.0,9
343,Banditos 9U Texas,2,0,0,10,15,1.0,1
343,SOUTH COAST CREAM X.,2,0,0,12,24,1.0,2
343,Marucci Elite Texas - Holden,2,0,0,16,28,1.0,3
343,Houston Bandits 9u,1,1,0,17,14,0.5,4
343,LC Legends,1,1,0,17,14,0.5,5
343,Katy Bombers 9U,1,1,0,20,16,0.5,6
343,Texans,0,2,0,17,15,0.0,7
343,Lamar Elite - 9U - Red,0,2,0,23,14,0.0,8
343,Texas Elite Lobos - Gold,0,2,0,24,16,0.0,9
344,Banditos 9U Texas,2,0,0,10,20,1.0,1
344,SOUTH COAST CREAM X.,2,0,0,12,24,1.0,2
344,LC Legends,1,1,0,15,19,0.5,3
344,Lamar Elite - 9U - Red,1,1,0,19,22,0.5,4
344,Katy Bombers 9U,1,1,0,20,16,0.5,5
344,Houston Bandits 9u,1,1,0,21,19,0.5,6
344,Marucci Elite Texas - Holden,1,1,0,22,21,0.5,7
344,Texas Elite Lobos - Gold,0,2,0,24,16,0.0,8
344,Texans,0,2,0,27,13,0.0,9
345,SOUTH COAST CREAM X.,2,0,0,12,24,1.0,1
345,Marucci Elite Texas - Holden,1,1,0,14,20,0.5,2
345,LC Legends,1,1,0,14,17,0.5,3
345,Banditos 9U Texas,1,1,0,14,16,0.5,4
345,Houston Bandits 9u,1,1,0,15,13,0.5,5
345,Lamar Elite - 9U - Red,1,1,0,18,14,0.5,6
345,Katy Bombers 9U,1,1,0,20,16,0.5,7
345,Texans,1,1,0,21,16,0.5,8
345,Texas Elite Lobos - Gold,0,2,0,24,16,0.0,9
346,SOUTH COAST CREAM X.,2,0,0,12,24,1.0,1
346,Lamar Elite - 9U - Red,1,1,0,13,13,0.5,2
346,Marucci Elite Texas - Holden,1,1,0,15,15,0.5,3
346,Houston Bandits 9u,1,1,0,16,16,0.5,4
346,Banditos 9U Texas,1,1,0,18,17,0.5,5
346,LC Legends,1,1,0,20,17,0.5,6
346,Katy Bombers 9U,1,1,0,20,16,0.5,7
346,Texans,1,1,0,22,26,0.5,8
346,Texas Elite Lobos - Gold,0,2,0,24,16,0.0,9
347,SOUTH COAST CREAM X.,2,0,0,12,24,1.0,1
347,Texans,2,0,0,12,19,1.0,2
347,Lamar Elite - 9U - Red,2,0,0,16,26,1.0,3
347,Banditos 9U Texas,1,1,0,12,14,0.5,4
347,Marucci Elite Texas - Holden,1,1,0,14,23,0.5,5
347,Katy Bombers 9U,1,1,0,20,16,0.5,6
347,LC Legends,0,2,0,19,10,0.0,7
347,Texas Elite Lobos - Gold,0,2,0,24,16,0.0,8
347,Houston Bandits 9u,0,2,0,28,9,0.0,9
348,SOUTH COAST CREAM X.,2,0,0,12,24,1.0,1
348,Marucci Elite Texas - Holden,1,0,1,22,23,0.75,2
348,LC Legends,1,1,0,17,17,0.5,3
348,Banditos 9U Texas,1,1,0,17,15,0.5,4
348,Houston Bandits 9u,1,1,0,18,21,0.5,5
348,Texans,1,1,0,20,22,0.5,6
348,Katy Bombers 9U,1,1,0,20,16,0.5,7
348,Lamar Elite - 9U - Red,0,1,1,21,17,0.25,8
348,Texas Elite Lobos - Gold,0,2,0,24,16,0.0,9
349,SOUTH COAST CREAM X.,2,0,0,12,24,1.0,1
349,Houston Bandits 9u,2,0,0,18,20,1.0,2
349,Banditos 9U Texas,1,0,1,10,14,0.75,3
349,Texans,1,0,1,10,13,0.75,4
349,Marucci Elite Texas - Holden,1,1,0,17,20,0.5,5
349,Katy Bombers 9U,1,1,0,20,16,0.5,6
349,LC Legends,0,2,0,15,8,0.0,7
349,Texas Elite Lobos - Gold,0,2,0,24,16,0.0,8
349,Lamar Elite - 9U - Red,0,2,0,25,20,0.0,9
350,SOUTH COAST CREAM X.,2,0,0,12,24,1.0,1
350,Houston Bandits 9u,1,0,1,13,19,0.75,2
350,Marucci Elite Texas - Holden,1,0,1,14,18,0.75,3
350,Banditos 9U Texas,1,1,0,10,11,0.5,4
350,LC Legends,1,1,0,12,15,0.5,5
350,Texans,1,1,0,14,10,0.5,6
350,Katy Bombers 9U,1,1,0,20,16,0.5,7
350,Lamar Elite - 9U - Red,0,2,0,23,13,0.0,8
350,Texas Elite Lobos - Gold,0,2,0,24,16,0.0,9
351,SOUTH COAST CREAM X.,2,0,0,12,24,1.0,1
351,Texans,2,0,0,20,27,1.0,2
351,Marucci Elite Texas - Holden,1,1,0,15,17,0.5,3
351,Lamar Elite - 9U - Red,1,1,0,17,15,0.5,4
351,Banditos 9U Texas,1,1,0,18,16,0.5,5
351,Houston Bandits 9u,1,1,0,20,20,0.5,6
351,Katy Bombers 9U,1,1,0,20,16,0.5,7
351,LC Legends,0,2,0,21,16,0.0,8
351,Texas Elite Lobos - Gold,0,2,0,24,16,0.0,9
352,Banditos 9U Texas,2,0,0,11,16,1.0,1
352,SOUTH COAST CREAM X.,2,0,0,12,24,1.0,2
352,Marucci Elite Texas - Holden,1,0,1,15,23,0.75,3
352,Lamar Elite - 9U - Red,1,0,1,21,24,0.75,4
352,Texans,1,1,0,15,17,0.5,5
352,Katy Bombers 9U,1,1,0,20,16,0.5,6
352,LC Legends,0,2,0,18,11,0.0,7
352,Houston Bandits 9u,0,2,0,23,12,0.0,8
352,Texas Elite Lobos - Gold,0,2,0,24,16,0.0,9
353,SOUTH COAST CREAM X.,2,0,0,12,24,1.0,1
353,Banditos 9U Texas,2,0,0,12,19,1.0,2
353,Lamar Elite - 9U - Red,1,0,1,13,25,0.75,3
353,Katy Bombers 9U,1,1,0,20,16,0.5,4
353,Marucci Elite Texas - Holden,1,1,0,27,18,0.5,5
353,Houston Bandits 9u,0,1,1,17,14,0.25,6
353,LC Legends,0,1,1,19,15,0.25,7
353,Texans,0,1,1,22,19,0.25,8
353,Texas Elite Lobos - Gold,0,2,0,24,16,0.0,9
354,SOUTH COAST CREAM X.,2,0,0,12,24,1.0,1
354,Houston Bandits 9u,2,0,0,16,25,1.0,2
354,Banditos 9U Texas,1,0,1,11,15,0.75,3
354,LC Legends,1,1,0,18,16,0.5,4
354,Katy Bombers 9U,1,1,0,20,16,0.5,5
354,Marucci Elite Texas - Holden,1,1,0,25,25,0.5,6
354,Texans,0,1,1,19,17,0.25,7
354,Texas Elite Lobos - Gold,0,2,0,24,16,0.0,8
354,Lamar Elite - 9U - Red,0,2,0,29,20,0.0,9
355,SOUTH COAST CREAM X.,2,0,0,12,24,1.0,1
355,Lamar Elite - 9U - Red,2,0,0,16,22,1.0,2
355,Texans,2,0,0,18,29,1.0,3
355,Banditos 9U Texas,1,1,0,15,13,0.5,4
355,Katy Bombers 9U,1,1,0,20,16,0.5,5
355,Houston Bandits 9u,1,1,0,26,26,0.5,6
355,Marucci Elite Texas - Holden,0,2,0,23,17,0.0,7
355,Texas Elite Lobos - Gold,0,2,0,24,16,0.0,8
355,LC Legends,0,2,0,26,17,0.0,9
356,SOUTH COAST CREAM X.,2,0,0,12,24,1.0,1
356,Lamar Elite - 9U - Red,2,0,0,18,21,1.0,2
356,Banditos 9U Texas,1,1,0,13,13,0.5,3
356,LC Legends,1,1,0,14,18,0.5,4
356,Texans,1,1,0,19,15,0.5,5
356,Katy Bombers 9U,1,1,0,20,16,0.5,6
356,Houston Bandits 9u,0,1,1,16,14,0.25,7
356,Marucci Elite Texas - Holden,0,1,1,17,16,0.25,8
356,Texas Elite Lobos - Gold,0,2,0,24,16,0.0,9
357,SOUTH COAST CREAM X.,2,0,0,12,24,1.0,1
357,Houston Bandits 9u,1,0,1,16,20,0.75,2
357,Banditos 9U Texas,1,1,0,15,15,0.5,3
357,LC Legends,1,1,0,16,21,0.5,4
357,Lamar Elite - 9U - Red,1,1,0,18,17,0.5,5
357,Katy Bombers 9U,1,1,0,20,16,0.5,6
357,Texans,1,1,0,24,19,0.5,7
357,Marucci Elite Texas - Holden,0,1,1,23,20,0.25,8
357,Texas Elite Lobos - Gold,0,2,0,24,16,0.0,9
358,SOUTH COAST CREAM X.,2,0,0,12,24,1.0,1
358,Banditos 9U Texas,2,0,0,14,22,1.0,2
358,Houston Bandits 9u,2,0,0,18,27,1.0,3
358,Katy Bombers 9U,1,1,0,20,16,0.5,4
358,LC Legends,0,1,1,16,12,0.25,5
358,Texans,0,1,1,22,18,0.25,6
358,Lamar Elite - 9U - Red,0,1,1,22,18,0.25,7
358,Marucci Elite Texas - Holden,0,1,1,25,20,0.25,8
358,Texas Elite Lobos - Gold,0,2,0,24,16,0.0,9
359,SOUTH COAST CREAM X.,2,0,0,12,24,1.0,1
359,Texans,2,0,0,16,21,1.0,2
359,Lamar Elite - 9U - Red,2,0,0,17,22,1.0,3
359,Banditos 9U Texas,1,1,0,15,15,0.5,4
359,Katy Bombers 9U,1,1,0,20,16,0.5,5
359,Marucci Elite Texas - Holden,1,1,0,21,19,0.5,6
359,LC Legends,0,2,0,18,13,0.0,7
359,Houston Bandits 9u,0,2,0,20,17,0.0,8
359,Texas Elite Lobos - Gold,0,2,0,24,16,0.0,9
360,SOUTH COAST CREAM X.,2,0,0,12,24,1.0,1
360,Houston Bandits 9u,1,1,0,15,17,0.5,2
360,Banditos 9U Texas,1,1,0,19,20,0.5,3
360,Marucci Elite Texas - Holden,1,1,0,19,18,0.5,4
360,LC Legends,1,1,0,20,20,0.5,5
360,Katy Bombers 9U,1,1,0,20,16,0.5,6
360,Lamar Elite - 9U - Red,1,1,0,22,21,0.5,7
360,Texans,1,1,0,28,27,0.5,8
360,Texas Elite Lobos - Gold,0,2,0,24,16,0.0,9
361,SOUTH COAST CREAM X.,2,0,0,12,24,1.0,1
361,Lamar Elite - 9U - Red,2,0,0,18,29,1.0,2
361,Texans,1,1,0,15,19,0.5,3
361,Banditos 9U Texas,1,1,0,15,13,0.5,4
361,LC Legends,1,1,0,16,14,0.5,5
361,Houston Bandits 9u,1,1,0,18,12,0.5,6
361,Katy Bombers 9U,1,1,0,20,16,0.5,7
361,Texas Elite Lobos - Gold,0,2,0,24,16,0.0,8
361,Marucci Elite Texas - Holden,0,2,0,26,21,0.0,9
362,Houston Bandits 9u,2,0,0,10,18,1.0,1
362,SOUTH COAST CREAM X.,2,0,0,12,24,1.0,2
362,LC Legends,1,1,0,14,15,0.5,3
362,Banditos 9U Texas,1,1,0,15,17,0.5,4
362,Lamar Elite - 9U - Red,1,1,0,18,13,0.5,5
362,Texans,1,1,0,20,17,0.5,6
362,Katy Bombers 9U,1,1,0,20,16,0.5,7
362,Marucci Elite Texas - Holden,0,2,0,15,12,0.0,8
362,Texas Elite Lobos - Gold,0,2,0,24,16,0.0,9
363,SOUTH COAST CREAM X.,2,0,0,12,24,1.0,1
363,Marucci Elite Texas - Holden,1,1,0,13,12,0.5,2
363,Lamar Elite - 9U - Red,1,1,0,17,19,0.5,3
363,LC Legends,1,1,0,18,17,0.5,4
363,Katy Bombers 9U,1,1,0,20,16,0.5,5
363,Houston Bandits 9u,1,1,0,21,20,0.5,6
363,Banditos 9U Texas,1,1,0,22,18,0.5,7
363,Texans,1,1,0,23,28,0.5,8
363,Texas Elite Lobos - Gold,0,2,0,24,16,0.0,9
364,SOUTH COAST CREAM X.,2,0,0,12,24,1.0,1
364,Houston Bandits 9u,2,0,0,19,23,1.0,2
364,Texans,1,0,1,22,23,0.75,3
364,Banditos 9U Texas,1,1,0,14,17,0.5,4
364,Marucci Elite Texas - Holden,1,1,0,18,17,0.5,5
364,Katy Bombers 9U,1,1,0,20,16,0.5,6
364,LC Legends,0,1,1,21,17,0.25,7
364,Lamar Elite - 9U - Red,0,2,0,22,19,0.0,8
364,Texas Elite Lobos - Gold,0,2,0,24,16,0.0,9
365,SOUTH COAST CREAM X.,2,0,0,12,24,1.0,1
365,Banditos 9U Texas,2,0,0,14,19,1.0,2
365,Marucci Elite Texas - Holden,1,0,1,13,25,0.75,3
365,Lamar Elite - 9U - Red,1,0,1,16,18,0.75,4
365,LC Legends,1,1,0,19,16,0.5,5
365,Katy Bombers 9U,1,1,0,20,16,0.5,6
365,Texans,0,2,0,23,21,0.0,7
365,Texas Elite Lobos - Gold,0,2,0,24,16,0.0,8
365,Houston Bandits 9u,0,2,0,27,13,0.0,9
366,Marucci Elite Texas - Holden,2,0,0,9,13,1.0,1
366,SOUTH COAST CREAM X.,2,0,0,12,24,1.0,2
366,Texans,2,0,0,19,22,1.0,3
366,Houston Bandits 9u,1,1,0,12,17,0.5,4
366,Banditos 9U Texas,1,1,0,15,17,0.5,5
366,Katy Bombers 9U,1,1,0,20,16,0.5,6
366,Lamar Elite - 9U - Red,0,2,0,17,8,0.0,7
366,LC Legends,0,2,0,19,14,0.0,8
366,Texas Elite Lobos - Gold,0,2,0,24,16,0.0,9
367,SOUTH COAST CREAM X.,2,0,0,12,24,1.0,1
367,Texans,2,0,0,16,19,1.0,2
367,Banditos 9U Texas,1,1,0,16,19,0.5,3
367,Katy Bombers 9U,1,1,0,20,16,0.5,4
367,Marucci Elite Texas - Holden,1,1,0,21,22,0.5,5
367,Houston Bandits 9u,1,1,0,21,21,0.5,6
367,Lamar Elite - 9U - Red,1,1,0,23,22,0.5,7
367,LC Legends,0,2,0,15,9,0.0,8
367,Texas Elite Lobos - Gold,0,2,0,24,16,0.0,9
368,SOUTH COAST CREAM X.,2,0,0,12,24,1.0,1
368,Marucci Elite Texas - Holden,1,0,1,18,25,0.75,2
368,Banditos 9U Texas,1,1,0,15,15,0.5,3
368,Texans,1,1,0,18,21,0.5,4
368,LC Legends,1,1,0,18,15,0.5,5
368,Katy Bombers 9U,1,1,0,20,16,0.5,6
368,Houston Bandits 9u,1,1,0,20,15,0.5,7
368,Lamar Elite - 9U - Red,0,1,1,25,23,0.25,8
368,Texas Elite Lobos - Gold,0,2,0,24,16,0.0,9
369,SOUTH COAST CREAM X.,2,0,0,12,24,1.0,1
369,Banditos 9U Texas,2,0,0,12,20,1.0,2
369,Houston Bandits 9u,2,0,0,16,21,1.0,3
369,LC Legends,1,1,0,14,15,0.5,4
369,Marucci Elite Texas - Holden,1,1,0,19,21,0.5,5
369,Katy Bombers 9U,1,1,0,20,16,0.5,6
369,Lamar Elite - 9U - Red,0,2,0,23,16,0.0,7
369,Texans,0,2,0,23,14,0.0,8
369,Texas Elite Lobos - Gold,0,2,0,24,16,0.0,9
370,SOUTH COAST CREAM X.,2,0,0,12,24,1.0,1
370,Lamar Elite - 9U - Red,2,0,0,13,20,1.0,2
370,Banditos 9U Texas,2,0,0,14,20,1.0,3
370,Houston Bandits 9u,1,1,0,17,14,0.5,4
370,Katy Bombers 9U,1,1,0,20,16,0.5,5
370,Texans,1,1,0,22,22,0.5,6
370,Marucci Elite Texas - Holden,0,2,0,18,14,0.0,7
370,LC Legends,0,2,0,20,14,0.0,8
370,Texas Elite Lobos - Gold,0,2,0,24,16,0.0,9
371,Banditos 9U Texas,2,0,0,10,16,1.0,1
371,SOUTH COAST CREAM X.,2,0,0,12,24,1.0,2
371,Texans,1,1,0,13,19,0.5,3
371,Marucci Elite Texas - Holden,1,1,0,18,19,0.5,4
371,Katy Bombers 9U,1,1,0,20,16,0.5,5
371,Lamar Elite - 9U - Red,1,1,0,22,22,0.5,6
371,Houston Bandits 9u,1,1,0,24,23,0.5,7
371,LC Legends,0,2,0,21,9,0.0,8
371,Texas Elite Lobos - Gold,0,2,0,24,16,0.0,9
372,SOUTH COAST CREAM X.,2,0,0,12,24,1.0,1
372,Houston Bandits 9u,2,0,0,19,24,1.0,2
372,Banditos 9U Texas,1,1,0,12,11,0.5,3
372,LC Legends,1,1,0,13,14,0.5,4
372,Texans,1,1,0,13,13,0.5,5
372,Lamar Elite - 9U - Red,1,1,0,20,24,0.5,6
372,Katy Bombers 9U,1,1,0,20,16,0.5,7
372,Texas Elite Lobos - Gold,0,2,0,24,16,0.0,8
372,Marucci Elite Texas - Holden,0,2,0,24,15,0.0,9
373,SOUTH COAST CREAM X.,2,0,0,12,24,1.0,1
373,Banditos 9U Texas,2,0,0,13,19,1.0,2
373,Marucci Elite Texas - Holden,2,0,0,14,22,1.0,3
373,LC Legends,1,1,0,16,15,0.5,4
373,Katy Bombers 9U,1,1,0,20,16,0.5,5
373,Houston Bandits 9u,1,1,0,21,18,0.5,6
373,Lamar Elite - 9U - Red,0,2,0,18,13,0.0,7
373,Texans,0,2,0,22,17,0.0,8
373,Texas Elite Lobos - Gold,0,2,0,24,16,0.0,9
374,SOUTH COAST CREAM X.,2,0,0,12,24,1.0,1
374,Lamar Elite - 9U - Red,2,0,0,19,24,1.0,2
374,Banditos 9U Texas,1,1,0,13,16,0.5,3
374,LC Legends,1,1,0,15,15,0.5,4
374,Marucci Elite Texas - Holden,1,1,0,17,17,0.5,5
374,Texans,1,1,0,19,16,0.5,6
374,Katy Bombers 9U,1,1,0,20,16,0.5,7
374,Texas Elite Lobos - Gold,0,2,0,24,16,0.0,8
374,Houston Bandits 9u,0,2,0,27,22,0.0,9
375,Marucci Elite Texas - Holden,2,0,0,8,19,1.0,1
375,SOUTH COAST CREAM X.,2,0,0,12,24,1.0,2
375,Banditos 9U Texas,1,1,0,13,14,0.5,3
375,Texans,1,1,0,16,18,0.5,4
375,LC Legends,1,1,0,17,14,0.5,5
375,Katy Bombers 9U,1,1,0,20,16,0.5,6
375,Houston Bandits 9u,1,1,0,21,13,0.5,7
375,Lamar Elite - 9U - Red,0,2,0,15,12,0.0,8
375,Texas Elite Lobos - Gold,0,2,0,24,16,0.0,9
376,Banditos 9U Texas,2,0,0,6,16,1.0,1
376,SOUTH COAST CREAM X.,2,0,0,12,24,1.0,2
376,Marucci Elite Texas - Holden,2,0,0,14,19,1.0,3
376,Texans,1,1,0,12,9,0.5,4
376,Katy Bombers 9U,1,1,0,20,16,0.5,5
376,Lamar Elite - 9U - Red,0,1,1,16,15,0.25,6
376,Houston Bandits 9u,0,1,1,23,19,0.25,7
376,LC Legends,0,2,0,15,8,0.0,8
376,Texas Elite Lobos - Gold,0,2,0,24,16,0.0,9
377,Banditos 9U Texas,2,0,0,8,16,1.0,1
377,Lamar Elite - 9U - Red,2,0,0,12,24,1.0,2
377,SOUTH COAST CREAM X.,2,0,0,12,24,1.0,3
377,LC Legends,1,1,0,14,11,0.5,4
377,Houston Bandits 9u,1,1,0,15,22,0.5,5
377,Katy Bombers 9U,1,1,0,20,16,0.5,6
377,Texans,0,2,0,15,10,0.0,7
377,Texas Elite Lobos - Gold,0,2,0,24,16,0.0,8
377,Marucci Elite Texas - Holden,0,2,0,29,10,0.0,9
378,Marucci Elite Texas - Holden,2,0,0,10,17,1.0,1
378,SOUTH COAST CREAM X.,2,0,0,12,24,1.0,2
378,Texans,1,0,1,17,25,0.75,3
378,Houston Bandits 9u,1,1,0,13,12,0.5,4
378,Banditos 9U Texas,1,1,0,19,15,0.5,5
378,Katy Bombers 9U,1,1,0,20,16,0.5,6
378,LC Legends,0,1,1,18,14,0.25,7
378,Lamar Elite - 9U - Red,0,2,0,20,14,0.0,8
378,Texas Elite Lobos - Gold,0,2,0,24,16,0.0,9
379,SOUTH COAST CREAM X.,2,0,0,12,24,1.0,1
379,Banditos 9U Texas,2,0,0,18,23,1.0,2
379,LC Legends,1,1,0,14,15,0.5,3
379,Lamar Elite - 9U - Red,1,1,0,17,15,0.5,4
379,Houston Bandits 9u,1,1,0,18,20,0.5,5
379,Marucci Elite Texas - Holden,1,1,0,19,19,0.5,6
379,Katy Bombers 9U,1,1,0,20,16,0.5,7
379,Texas Elite Lobos - Gold,0,2,0,24,16,0.0,8
379,Texans,0,2,0,26,20,0.0,9
380,SOUTH COAST CREAM X.,2,0,0,12,24,1.0,1
380,Texans,2,0,0,16,18,1.0,2
380,Houston Bandits 9u,2,0,0,17,22,1.0,3
380,Banditos 9U Texas,1,1,0,15,18,0.5,4
380,Marucci Elite Texas - Holden,1,1,0,20,19,0.5,5
380,Katy Bombers 9U,1,1,0,20,16,0.5,6
380,LC Legends,0,2,0,15,10,0.0,7
380,Lamar Elite - 9U - Red,0,2,0,19,15,0.0,8
380,Texas Elite Lobos - Gold,0,2,0,24,16,0.0,9
381,SOUTH COAST CREAM X.,2,0,0,12,24,1.0,1
381,Texans,2,0,0,12,18,1.0,2
381,Marucci Elite Texas - Holden,2,0,0,24,28,1.0,3
381,Banditos 9U Texas,1,1,0,12,14,0.5,4
381,Katy Bombers 9U,1,1,0,20,16,0.5,5
381,Houston Bandits 9u,1,1,0,23,25,0.5,6
381,LC Legends,0,2,0,18,10,0.0,7
381,Texas Elite Lobos - Gold,0,2,0,24,16,0.0,8
381,Lamar Elite - 9U - Red,0,2,0,28,22,0.0,9
382,SOUTH COAST CREAM X.,2,0,0,12,24,1.0,1
382,Lamar Elite - 9U - Red,2,0,0,14,18,1.0,2
382,Houston Bandits 9u,1,1,0,12,17,0.5,3
382,Texans,1,1,0,13,20,0.5,4
382,Banditos 9U Texas,1,1,0,15,11,0.5,5
382,LC Legends,1,1,0,17,14,0.5,6
382,Katy Bombers 9U,1,1,0,20,16,0.5,7
382,Texas Elite Lobos - Gold,0,2,0,24,16,0.0,8
382,Marucci Elite Texas - Holden,0,2,0,24,15,0.0,9
383,SOUTH COAST CREAM X.,2,0,0,12,24,1.0,1
383,Marucci Elite Texas - Holden,1,0,1,15,17,0.75,2
383,Banditos 9U Texas,1,1,0,17,18,0.5,3
383,LC Legends,1,1,0,18,16,0.5,4
383,Lamar Elite - 9U - Red,0,0,2,19,19,0.5,5
383,Katy Bombers 9U,1,1,0,20,16,0.5,6
383,Texans,1,1,0,22,23,0.5,7
383,Houston Bandits 9u,0,1,1,16,14,0.25,8
383,Texas Elite Lobos - Gold,0,2,0,24,16,0.0,9
384,SOUTH COAST CREAM X.,2,0,0,12,24,1.0,1
384,Banditos 9U Texas,2,0,0,13,21,1.0,2
384,Marucci Elite Texas - Holden,2,0,0,14,22,1.0,3
384,LC Legends,1,1,0,16,17,0.5,4
384,Katy Bombers 9U,1,1,0,20,16,0.5,5
384,Lamar Elite - 9U - Red,0,1,1,19,14,0.25,6
384,Houston Bandits 9u,0,1,1,23,20,0.25,7
384,Texas Elite Lobos - Gold,0,2,0,24,16,0.0,8
384,Texans,0,2,0,26,17,0.0,9
385,SOUTH COAST CREAM X.,2,0,0,12,24,1.0,1
385,Houston Bandits 9u,2,0,0,12,23,1.0,2
385,Texans,2,0,0,12,17,1.0,3
385,Banditos 9U Texas,1,1,0,14,15,0.5,4
385,Marucci Elite Texas - Holden,1,1,0,16,15,0.5,5
385,Katy Bombers 9U,1,1,0,20,16,0.5,6
385,LC Legends,0,2,0,15,9,0.0,7
385,Texas Elite Lobos - Gold,0,2,0,24,16,0.0,8
385,Lamar Elite - 9U - Red,0,2,0,24,14,0.0,9
386,SOUTH COAST CREAM X.,2,0,0,12,24,1.0,1
386,Banditos 9U Texas,2,0,0,13,21,1.0,2
386,Lamar Elite - 9U - Red,1,0,1,15,19,0.75,3
386,LC Legends,1,1,0,15,17,0.5,4
386,Marucci Elite Texas - Holden,1,1,0,17,20,0.5,5
386,Katy Bombers 9U,1,1,0,20,16,0.5,6
386,Houston Bandits 9u,0,1,1,23,16,0.25,7
386,Texas Elite Lobos - Gold,0,2,0,24,16,0.0,8
386,Texans,0,2,0,26,16,0.0,9
387,SOUTH COAST CREAM X.,2,0,0,12,24,1.0,1
387,Banditos 9U Texas,2,0,0,12,23,1.0,2
387,Houston Bandits 9u,2,0,0,17,27,1.0,3
387,Katy Bombers 9U,1,1,0,20,16,0.5,4
387,Lamar Elite - 9U - Red,1,1,0,21,26,0.5,5
387,Texans,1,1,0,24,22,0.5,6
387,LC Legends,0,2,0,22,13,0.0,7
387,Texas Elite Lobos - Gold,0,2,0,24,16,0.0,8
387,Marucci Elite Texas - Holden,0,2,0,30,15,0.0,9
388,SOUTH COAST CREAM X.,2,0,0,12,24,1.0,1
388,Houston Bandits 9u,2,0,0,16,24,1.0,2
388,LC Legends,1,1,0,13,14,0.5,3
388,Texans,1,1,0,15,16,0.5,4
388,Banditos 9U Texas,1,1,0,15,13,0.5,5
388,Katy Bombers 9U,1,1,0,20,16,0.5,6
388,Marucci Elite Texas - Holden,1,1,0,27,22,0.5,7
388,Lamar Elite - 9U - Red,0,2,0,18,15,0.0,8
388,Texas Elite Lobos - Gold,0,2,0,24,16,0.0,9
389,SOUTH COAST CREAM X.,2,0,0,12,24,1.0,1
389,Houston Bandits 9u,2,0,0,20,22,1.0,2
389,Texans,1,0,1,16,23,0.75,3
389,Banditos 9U Texas,1,1,0,17,14,0.5,4
389,Lamar Elite - 9U - Red,1,1,0,19,19,0.5,5
389,Katy Bombers 9U,1,1,0,20,16,0.5,6
389,LC Legends,0,1,1,18,14,0.25,7
389,Marucci Elite Texas - Holden,0,2,0,24,22,0.0,8
389,Texas Elite Lobos - Gold,0,2,0,24,16,0.0,9
390,Banditos 9U Texas,2,0,0,9,19,1.0,1
390,Houston Bandits 9u,2,0,0,10,27,1.0,2
390,SOUTH COAST CREAM X.,2,0,0,12,24,1.0,3
390,Katy Bombers 9U,1,1,0,20,16,0.5,4
390,Lamar Elite - 9U - Red,1,1,0,25,19,0.5,5
390,LC Legends,0,1,1,14,10,0.25,6
390,Texans,0,1,1,17,11,0.25,7
390,Marucci Elite Texas - Holden,0,2,0,23,12,0.0,8
390,Texas Elite Lobos - Gold,0,2,0,24,16,0.0,9
391,Banditos 9U Texas,2,0,0,8,26,1.0,1
391,Houston Bandits 9u,2,0,0,8,19,1.0,2
391,SOUTH COAST CREAM X.,2,0,0,12,24,1.0,3
391,LC Legends,1,1,0,16,19,0.5,4
391,Lamar Elite - 9U - Red,1,1,0,16,12,0.5,5
391,Katy Bombers 9U,1,1,0,20,16,0.5,6
391,Marucci Elite Texas - Holden,0,2,0,19,12,0.0,7
391,Texas Elite Lobos - Gold,0,2,0,24,16,0.0,8
391,Texans,0,2,0,33,12,0.0,9
392,SOUTH COAST CREAM X.,2,0,0,12,24,1.0,1
392,Banditos 9U Texas,2,0,0,12,17,1.0,2
392,Marucci Elite Texas - Holden,2,0,0,16,22,1.0,3
392,Houston Bandits 9u,1,1,0,13,17,0.5,4
392,Texans,1,1,0,14,18,0.5,5
392,Katy Bombers 9U,1,1,0,20,16,0.5,6
392,LC Legends,0,2,0,18,9,0.0,7
392,Lamar Elite - 9U - Red,0,2,0,20,10,0.0,8
392,Texas Elite Lobos - Gold,0,2,0,24,16,0.0,9
393,SOUTH COAST CREAM X.,2,0,0,12,24,1.0,1
393,Houston Bandits 9u,2,0,0,17,25,1.0,2
393,Banditos 9U Texas,1,1,0,13,14,0.5,3
393,LC Legends,1,1,0,14,13,0.5,4
393,Texans,1,1,0,15,15,0.5,5
393,Lamar Elite - 9U - Red,1,1,0,20,20,0.5,6
393,Katy Bombers 9U,1,1,0,20,16,0.5,7
393,Texas Elite Lobos - Gold,0,2,0,24,16,0.0,8
393,Marucci Elite Texas - Holden,0,2,0,25,17,0.0,9
394,Banditos 9U Texas,2,0,0,11,17,1.0,1
394,SOUTH COAST CREAM X.,2,0,0,12,24,1.0,2
394,Houston Bandits 9u,2,0,0,19,25,1.0,3
394,LC Legends,1,1,0,12,13,0.5,4
394,Katy Bombers 9U,1,1,0,20,16,0.5,5
394,Lamar Elite - 9U - Red,0,1,1,23,19,0.25,6
394,Marucci Elite Texas - Holden,0,1,1,24,22,0.25,7
394,Texans,0,2,0,18,11,0.0,8
394,Texas Elite Lobos - Gold,0,2,0,24,16,0.0,9
395,SOUTH COAST CREAM X.,2,0,0,12,24,1.0,1
395,Marucci Elite Texas - Holden,1,1,0,15,21,0.5,2
395,LC Legends,1,1,0,15,16,0.5,3
395,Banditos 9U Texas,1,1,0,16,15,0.5,4
395,Lamar Elite - 9U - Red,1,1,0,19,20,0.5,5
395,Texans,1,1,0,19,19,0.5,6
395,Katy Bombers 9U,1,1,0,20,16,0.5,7
395,Houston Bandits 9u,1,1,0,23,16,0.5,8
395,Texas Elite Lobos - Gold,0,2,0,24,16,0.0,9
396,SOUTH COAST CREAM X.,2,0,0,12,24,1.0,1
396,Lamar Elite - 9U - Red,2,0,0,13,24,1.0,2
396,Texans,2,0,0,18,24,1.0,3
396,Banditos 9U Texas,1,1,0,18,19,0.5,4
396,Katy Bombers 9U,1,1,0,20,16,0.5,5
396,Marucci Elite Texas - Holden,1,1,0,22,17,0.5,6
396,LC Legends,0,2,0,18,11,0.0,7
396,Houston Bandits 9u,0,2,0,24,18,0.0,8
396,Texas Elite Lobos - Gold,0,2,0,24,16,0.0,9
397,SOUTH COAST CREAM X.,2,0,0,12,24,1.0,1
397,Houston Bandits 9u,2,0,0,13,29,1.0,2
397,Texans,2,0,0,15,21,1.0,3
397,Banditos 9U Texas,1,1,0,15,14,0.5,4
397,Katy Bombers 9U,1,1,0,20,16,0.5,5
397,Marucci Elite Texas - Holden,1,1,0,29,17,0.5,6
397,LC Legends,0,2,0,18,13,0.0,7
397,Lamar Elite - 9U - Red,0,2,0,23,19,0.0,8
397,Texas Elite Lobos - Gold,0,2,0,24,16,0.0,9
398,Banditos 9U Texas,2,0,0,10,16,1.0,1
398,SOUTH COAST CREAM X.,2,0,0,12,24,1.0,2
398,Lamar Elite - 9U - Red,2,0,0,19,22,1.0,3
398,Texans,1,1,0,14,13,0.5,4
398,Houston Bandits 9u,1,1,0,16,21,0.5,5
398,Katy Bombers 9U,1,1,0,20,16,0.5,6
398,LC Legends,0,2,0,15,10,0.0,7
398,Marucci Elite Texas - Holden,0,2,0,24,16,0.0,8
398,Texas Elite Lobos - Gold,0,2,0,24,16,0.0,9
399,SOUTH COAST CREAM X.,2,0,0,12,24,1.0,1
399,Houston Bandits 9u,2,0,0,22,28,1.0,2
399,Banditos 9U Texas,1,1,0,14,15,0.5,3
399,LC Legends,1,1,0,16,16,0.5,4
399,Texans,1,1,0,19,18,0.5,5
399,Marucci Elite Texas - Holden,1,1,0,20,22,0.5,6
399,Katy Bombers 9U,1,1,0,20,16,0.5,7
399,Texas Elite Lobos - Gold,0,2,0,24,16,0.0,8
399,Lamar Elite - 9U - Red,0,2,0,25,17,0.0,9
400,SOUTH COAST CREAM X.,2,0,0,12,24,1.0,1
400,Marucci Elite Texas - Holden,2,0,0,17,28,1.0,2
400,Banditos 9U Texas,1,0,1,13,17,0.75,3
400,Texans,1,0,1,16,20,0.75,4
400,Houston Bandits 9u,1,1,0,19,18,0.5,5
400,Katy Bombers 9U,1,1,0,20,16,0.5,6
400,LC Legends,0,2,0,19,11,0.0,7
400,Texas Elite Lobos - Gold,0,2,0,24,16,0.0,8
400,Lamar Elite - 9U - Red,0,2,0,24,14,0.0,9
401,SOUTH COAST CREAM X.,2,0,0,12,24,1.0,1
401,LC Legends,1,1,0,12,13,0.5,2
401,Banditos 9U Texas,1,1,0,13,16,0.5,3
401,Texans,1,1,0,17,13,0.5,4
401,Katy Bombers 9U,1,1,0,20,16,0.5,5
401,Houston Bandits 9u,1,1,0,23,24,0.5,6
401,Marucci Elite Texas - Holden,1,1,0,24,24,0.5,7
401,Lamar Elite - 9U - Red,1,1,0,25,24,0.5,8
401,Texas Elite Lobos - Gold,0,2,0,24,16,0.0,9
402,SOUTH COAST CREAM X.,2,0,0,12,24,1.0,1
402,Banditos 9U Texas,2,0,0,12,18,1.0,2
402,Houston Bandits 9u,1,1,0,18,26,0.5,3
402,Katy Bombers 9U,1,1,0,20,16,0.5,4
402,Marucci Elite Texas - Holden,1,1,0,25,23,0.5,5
402,Lamar Elite - 9U - Red,1,1,0,28,22,0.5,6
402,LC Legends,0,1,1,17,13,0.25,7
402,Texans,0,1,1,19,17,0.25,8
402,Texas Elite Lobos - Gold,0,2,0,24,16,0.0,9
403,SOUTH COAST CREAM X.,2,0,0,12,24,1.0,1
403,Houston Bandits 9u,1,0,1,12,15,0.75,2
403,Lamar Elite - 9U - Red,1,0,1,14,18,0.75,3
403,Texans,1,0,1,19,22,0.75,4
403,Banditos 9U Texas,1,1,0,16,17,0.5,5
403,Katy Bombers 9U,1,1,0,20,16,0.5,6
403,LC Legends,0,1,1,18,14,0.25,7
403,Marucci Elite Texas - Holden,0,2,0,21,14,0.0,8
403,Texas Elite Lobos - Gold,0,2,0,24,16,0.0,9
404,Banditos 9U Texas,2,0,0,9,17,1.0,1
404,SOUTH COAST CREAM X.,2,0,0,12,24,1.0,2
404,Houston Bandits 9u,1,0,1,19,22,0.75,3
404,LC Legends,1,1,0,15,15,0.5,4
404,Katy Bombers 9U,1,1,0,20,16,0.5,5
404,Lamar Elite - 9U - Red,1,1,0,23,23,0.5,6
404,Marucci Elite Texas - Holden,0,1,1,22,19,0.25,7
404,Texans,0,2,0,20,12,0.0,8
404,Texas Elite Lobos - Gold,0,2,0,24,16,0.0,9
405,SOUTH COAST CREAM X.,2,0,0,12,24,1.0,1
405,Lamar Elite - 9U - Red,2,0,0,12,19,1.0,2
405,Banditos 9U Texas,2,0,0,15,20,1.0,3
405,Texans,1,1,0,17,22,0.5,4
405,Houston Bandits 9u,1,1,0,17,17,0.5,5
405,Katy Bombers 9U,1,1,0,20,16,0.5,6
405,Marucci Elite Texas - Holden,0,2,0,19,12,0.0,7
405,LC Legends,0,2,0,19,9,0.0,8
405,Texas Elite Lobos - Gold,0,2,0,24,16,0.0,9
406,SOUTH COAST CREAM X.,2,0,0,12,24,1.0,1
406,Banditos 9U Texas,1,0,1,9,13,0.75,2
406,Marucci Elite Texas - Holden,1,0,1,20,26,0.75,3
406,LC Legends,1,1,0,14,11,0.5,4
406,Katy Bombers 9U,1,1,0,20,16,0.5,5
406,Lamar Elite - 9U - Red,1,1,0,25,22,0.5,6
406,Texans,0,1,1,12,11,0.25,7
406,Houston Bandits 9u,0,1,1,24,21,0.25,8
406,Texas Elite Lobos - Gold,0,2,0,24,16,0.0,9
407,Banditos 9U Texas,2,0,0,11,16,1.0,1
407,SOUTH COAST CREAM X.,2,0,0,12,24,1.0,2
407,LC Legends,1,1,0,16,13,0.5,3
407,Lamar Elite - 9U - Red,1,1,0,19,20,0.5,4
407,Katy Bombers 9U,1,1,0,20,16,0.5,5
407,Houston Bandits 9u,1,1,0,21,19,0.5,6
407,Marucci Elite Texas - Holden,1,1,0,23,24,0.5,7
407,Texans,0,2,0,17,15,0.0,8
407,Texas Elite Lobos - Gold,0,2,0,24,16,0.0,9
408,Banditos 9U Texas,2,0,0,10,22,1.0,1
408,SOUTH COAST CREAM X.,2,0,0,12,24,1.0,2
408,Houston Bandits 9u,2,0,0,15,22,1.0,3
408,LC Legends,1,1,0,16,17,0.5,4
408,Lamar Elite - 9U - Red,1,1,0,17,17,0.5,5
408,Katy Bombers 9U,1,1,0,20,16,0.5,6
408,Marucci Elite Texas - Holden,0,2,0,19,12,0.0,7
408,Texas Elite Lobos - Gold,0,2,0,24,16,0.0,8
408,Texans,0,2,0,27,14,0.0,9
409,Houston Bandits 9u,2,0,0,10,17,1.0,1
409,SOUTH COAST CREAM X.,2,0,0,12,24,1.0,2
409,LC Legends,1,1,0,15,12,0.5,3
409,Texans,1,1,0,16,19,0.5,4
409,Banditos 9U Texas,1,1,0,16,16,0.5,5
409,Lamar Elite - 9U - Red,1,1,0,16,16,0.5,6
409,Katy Bombers 9U,1,1,0,20,16,0.5,7
409,Marucci Elite Texas - Holden,0,2,0,19,12,0.0,8
409,Texas Elite Lobos - Gold,0,2,0,24,16,0.0,9
410,SOUTH COAST CREAM X.,2,0,0,12,24,1.0,1
410,Marucci Elite Texas - Holden,2,0,0,16,19,1.0,2
410,LC Legends,1,1,0,13,15,0.5,3
410,Banditos 9U Texas,1,1,0,13,14,0.5,4
410,Houston Bandits 9u,1,1,0,15,21,0.5,5
410,Texans,1,1,0,17,14,0.5,6
410,Katy Bombers 9U,1,1,0,20,16,0.5,7
410,Lamar Elite - 9U - Red,0,2,0,16,7,0.0,8
410,Texas Elite Lobos - Gold,0,2,0,24,16,0.0,9
411,SOUTH COAST CREAM X.,2,0,0,12,24,1.0,1
411,Banditos 9U Texas,1,0,1,13,17,0.75,2
411,Texans,1,0,1,13,14,0.75,3
411,Marucci Elite Texas - Holden,1,1,0,15,20,0.5,4
411,Lamar Elite - 9U - Red,1,1,0,16,17,0.5,5
411,Katy Bombers 9U,1,1,0,20,16,0.5,6
411,Houston Bandits 9u,1,1,0,23,17,0.5,7
411,LC Legends,0,2,0,13,8,0.0,8
411,Texas Elite Lobos - Gold,0,2,0,24,16,0.0,9
412,SOUTH COAST CREAM X.,2,0,0,12,24,1.0,1
412,Texans,2,0,0,16,30,1.0,2
412,Marucci Elite Texas - Holden,1,0,1,18,27,0.75,3
412,Lamar Elite - 9U - Red,1,0,1,19,20,0.75,4
412,Katy Bombers 9U,1,1,0,20,16,0.5,5
412,Banditos 9U Texas,1,1,0,21,17,0.5,6
412,LC Legends,0,2,0,21,11,0.0,7
412,Texas Elite Lobos - Gold,0,2,0,24,16,0.0,8
412,Houston Bandits 9u,0,2,0,29,19,0.0,9
413,SOUTH COAST CREAM X.,2,0,0,12,24,1.0,1
413,Lamar Elite - 9U - Red,1,1,0,11,16,0.5,2
413,LC Legends,1,1,0,15,19,0.5,3
413,Banditos 9U Texas,1,1,0,16,18,0.5,4
413,Houston Bandits 9u,1,1,0,16,11,0.5,5
413,Marucci Elite Texas - Holden,1,1,0,17,17,0.5,6
413,Katy Bombers 9U,1,1,0,20,16,0.5,7
413,Texans,1,1,0,25,19,0.5,8
413,Texas Elite Lobos - Gold,0,2,0,24,16,0.0,9
414,SOUTH COAST CREAM X.,2,0,0,12,24,1.0,1
414,Houston Bandits 9u,2,0,0,14,21,1.0,2
414,LC Legends,1,1,0,13,13,0.5,3
414,Banditos 9U Texas,1,1,0,14,15,0.5,4
414,Texans,1,1,0,16,15,0.5,5
414,Lamar Elite - 9U - Red,1,1,0,18,19,0.5,6
414,Katy Bombers 9U,1,1,0,20,16,0.5,7
414,Marucci Elite Texas - Holden,0,2,0,23,15,0.0,8
414,Texas Elite Lobos - Gold,0,2,0,24,16,0.0,9
415,SOUTH COAST CREAM X.,2,0,0,12,24,1.0,1
415,Lamar Elite - 9U - Red,2,0,0,12,19,1.0,2
415,LC Legends,1,1,0,14,16,0.5,3
415,Houston Bandits 9u,1,1,0,15,22,0.5,4
415,Banditos 9U Texas,1,1,0,15,16,0.5,5
415,Texans,1,1,0,20,17,0.5,6
415,Katy Bombers 9U,1,1,0,20,16,0.5,7
415,Texas Elite Lobos - Gold,0,2,0,24,16,0.0,8
415,Marucci Elite Texas - Holden,0,2,0,25,11,0.0,9
416,SOUTH COAST CREAM X.,2,0,0,12,24,1.0,1
416,Banditos 9U Texas,2,0,0,14,19,1.0,2
416,Lamar Elite - 9U - Red,2,0,0,14,18,1.0,3
416,Marucci Elite Texas - Holden,1,1,0,15,22,0.5,4
416,LC Legends,1,1,0,16,16,0.5,5
416,Katy Bombers 9U,1,1,0,20,16,0.5,6
416,Texans,0,2,0,23,18,0.0,7
416,Texas Elite Lobos - Gold,0,2,0,24,16,0.0,8
416,Houston Bandits 9u,0,2,0,25,14,0.0,9
417,SOUTH COAST CREAM X.,2,0,0,12,24,1.0,1
417,Banditos 9U Texas,2,0,0,13,19,1.0,2
417,LC Legends,1,1,0,13,11,0.5,3
417,Lamar Elite - 9U - Red,1,1,0,15,22,0.5,4
417,Marucci Elite Texas - Holden,1,1,0,20,19,0.5,5
417,Katy Bombers 9U,1,1,0,20,16,0.5,6
417,Houston Bandits 9u,1,1,0,21,15,0.5,7
417,Texans,0,2,0,18,14,0.0,8
417,Texas Elite Lobos - Gold,0,2,0,24,16,0.0,9
418,SOUTH COAST CREAM X.,2,0,0,12,24,1.0,1
418,Banditos 9U Texas,1,1,0,13,13,0.5,2
418,Houston Bandits 9u,1,1,0,14,18,0.5,3
418,Marucci Elite Texas - Holden,1,1,0,14,14,0.5,4
418,Lamar Elite - 9U - Red,1,1,0,17,13,0.5,5
418,Texans,1,1,0,20,22,0.5,6
418,Katy Bombers 9U,1,1,0,20,16,0.5,7
418,LC Legends,1,1,0,21,19,0.5,8
418,Texas Elite Lobos - Gold,0,2,0,24,16,0.0,9
419,Marucci Elite Texas - Holden,2,0,0,11,18,1.0,1
419,SOUTH COAST CREAM X.,2,0,0,12,24,1.0,2
419,Texans,2,0,0,22,26,1.0,3
419,Houston Bandits 9u,1,1,0,16,18,0.5,4
419,Banditos 9U Texas,1,1,0,20,21,0.5,5
419,Katy Bombers 9U,1,1,0,20,16,0.5,6
419,LC Legends,0,2,0,18,13,0.0,7
419,Texas Elite Lobos - Gold,0,2,0,24,16,0.0,8
419,Lamar Elite - 9U - Red,0,2,0,24,15,0.0,9
420,SOUTH COAST CREAM X.,2,0,0,12,24,1.0,1
420,Lamar Elite - 9U - Red,2,0,0,14,21,1.0,2
420,LC Legends,1,1,0,13,20,0.5,3
420,Banditos 9U Texas,1,1,0,13,12,0.5,4
420,Katy Bombers 9U,1,1,0,20,16,0.5,5
420,Texans,1,1,0,20,14,0.5,6
420,Marucci Elite Texas - Holden,1,1,0,22,18,0.5,7
420,Houston Bandits 9u,0,2,0,20,17,0.0,8
420,Texas Elite Lobos - Gold,0,2,0,24,16,0.0,9
421,Texans,2,0,0,8,28,1.0,1
421,SOUTH COAST CREAM X.,2,0,0,12,24,1.0,2
421,Houston Bandits 9u,2,0,0,16,23,1.0,3
421,Banditos 9U Texas,1,1,0,18,9,0.5,4
421,Lamar Elite - 9U - Red,1,1,0,19,18,0.5,5
421,Katy Bombers 9U,1,1,0,20,16,0.5,6
421,LC Legends,0,2,0,22,11,0.0,7
421,Marucci Elite Texas - Holden,0,2,0,23,17,0.0,8
421,Texas Elite Lobos - Gold,0,2,0,24,16,0.0,9
422,SOUTH COAST CREAM X.,2,0,0,12,24,1.0,1
422,Marucci Elite Texas - Holden,2,0,0,15,18,1.0,2
422,LC Legends,1,1,0,15,20,0.5,3
422,Houston Bandits 9u,1,1,0,16,21,0.5,4
422,Banditos 9U Texas,1,1,0,17,20,0.5,5
422,Katy Bombers 9U,1,1,0,20,16,0.5,6
422,Texans,1,1,0,28,20,0.5,7
422,Texas Elite Lobos - Gold,0,2,0,24,16,0.0,8
422,Lamar Elite - 9U - Red,0,2,0,26,18,0.0,9
423,SOUTH COAST CREAM X.,2,0,0,12,24,1.0,1
423,Banditos 9U Texas,1,0,1,10,14,0.75,2
423,Texans,1,0,1,12,18,0.75,3
423,Marucci Elite Texas - Holden,1,1,0,20,21,0.5,4
423,Katy Bombers 9U,1,1,0,20,16,0.5,5
423,Lamar Elite - 9U - Red,1,1,0,22,20,0.5,6
423,Houston Bandits 9u,1,1,0,26,27,0.5,7
423,LC Legends,0,2,0,20,10,0.0,8
423,Texas Elite Lobos - Gold,0,2,0,24,16,0.0,9
424,SOUTH COAST CREAM X.,2,0,0,12,24,1.0,1
424,Marucci Elite Texas - Holden,1,0,1,15,18,0.75,2
424,Houston Bandits 9u,1,1,0,13,13,0.5,3
424,Banditos 9U Texas,1,1,0,18,17,0.5,4
424,LC Legends,1,1,0,20,18,0.5,5
424,Katy Bombers 9U,1,1,0,20,16,0.5,6
424,Texans,1,1,0,23,26,0.5,7
424,Lamar Elite - 9U - Red,0,1,1,22,19,0.25,8
424,Texas Elite Lobos - Gold,0,2,0,24,16,0.0,9
425,Lamar Elite - 9U - Red,2,0,0,11,34,1.0,1
425,SOUTH COAST CREAM X.,2,0,0,12,24,1.0,2
425,Banditos 9U Texas,2,0,0,16,21,1.0,3
425,LC Legends,1,1,0,15,15,0.5,4
425,Katy Bombers 9U,1,1,0,20,16,0.5,5
425,Houston Bandits 9u,1,1,0,29,21,0.5,6
425,Texans,0,2,0,24,19,0.0,7
425,Texas Elite Lobos - Gold,0,2,0,24,16,0.0,8
425,Marucci Elite Texas - Holden,0,2,0,30,15,0.0,9
426,Banditos 9U Texas,2,0,0,11,24,1.0,1
426,SOUTH COAST CREAM X.,2,0,0,12,24,1.0,2
426,Lamar Elite - 9U - Red,2,0,0,17,25,1.0,3
426,LC Legends,1,1,0,14,14,0.5,4
426,Marucci Elite Texas - Holden,1,1,0,18,14,0.5,5
426,Katy Bombers 9U,1,1,0,20,16,0.5,6
426,Houston Bandits 9u,0,2,0,24,20,0.0,7
426,Texas Elite Lobos - Gold,0,2,0,24,16,0.0,8
426,Texans,0,2,0,26,13,0.0,9
427,SOUTH COAST CREAM X.,2,0,0,12,24,1.0,1
427,Houston Bandits 9u,2,0,0,19,23,1.0,2
427,Marucci Elite Texas - Holden,1,1,0,17,23,0.5,3
427,Texans,1,1,0,18,29,0.5,4
427,LC Legends,1,1,0,19,16,0.5,5
427,Katy Bombers 9U,1,1,0,20,16,0.5,6
427,Banditos 9U Texas,1,1,0,22,14,0.5,7
427,Texas Elite Lobos - Gold,0,2,0,24,16,0.0,8
427,Lamar Elite - 9U - Red,0,2,0,26,16,0.0,9
428,SOUTH COAST CREAM X.,2,0,0,12,24,1.0,1
428,Lamar Elite - 9U - Red,1,0,1,15,20,0.75,2
428,Banditos 9U Texas,1,0,1,17,21,0.75,3
428,Houston Bandits 9u,1,0,1,18,20,0.75,4
428,LC Legends,1,1,0,15,12,0.5,5
428,Katy Bombers 9U,1,1,0,20,16,0.5,6
428,Texans,0,1,1,21,20,0.25,7
428,Marucci Elite Texas - Holden,0,2,0,22,15,0.0,8
428,Texas Elite Lobos - Gold,0,2,0,24,16,0.0,9
429,Marucci Elite Texas - Holden,2,0,0,11,17,1.0,1
429,SOUTH COAST CREAM X.,2,0,0,12,24,1.0,2
429,Texans,2,0,0,13,16,1.0,3
429,Banditos 9U Texas,1,1,0,12,15,0.5,4
429,Houston Bandits 9u,1,1,0,12,11,0.5,5
429,Katy Bombers 9U,1,1,0,20,16,0.5,6
429,Lamar Elite - 9U - Red,0,2,0,14,9,0.0,7
429,LC Legends,0,2,0,16,10,0.0,8
429,Texas Elite Lobos - Gold,0,2,0,24,16,0.0,9
430,SOUTH COAST CREAM X.,2,0,0,12,24,1.0,1
430,Houston Bandits 9u,2,0,0,17,29,1.0,2
430,LC Legends,1,1,0,15,17,0.5,3
430,Banditos 9U Texas,1,1,0,17,18,0.5,4
430,Katy Bombers 9U,1,1,0,20,16,0.5,5
430,Texans,1,1,0,23,20,0.5,6
430,Marucci Elite Texas - Holden,1,1,0,24,21,0.5,7
430,Texas Elite Lobos - Gold,0,2,0,24,16,0.0,8
430,Lamar Elite - 9U - Red,0,2,0,26,17,0.0,9
431,SOUTH COAST CREAM X.,2,0,0,12,24,1.0,1
431,Lamar Elite - 9U - Red,2,0,0,17,26,1.0,2
431,LC Legends,1,1,0,13,15,0.5,3
431,Texans,1,1,0,18,20,0.5,4
431,Houston Bandits 9u,1,1,0,19,22,0.5,5
431,Banditos 9U Texas,1,1,0,19,15,0.5,6
431,Katy Bombers 9U,1,1,0,20,16,0.5,7
431,Texas Elite Lobos - Gold,0,2,0,24,16,0.0,8
431,Marucci Elite Texas - Holden,0,2,0,27,15,0.0,9
432,Texans,2,0,0,9,18,1.0,1
432,SOUTH COAST CREAM X.,2,0,0,12,24,1.0,2
432,Banditos 9U Texas,1,1,0,9,12,0.5,3
432,Lamar Elite - 9U - Red,1,1,0,20,23,0.5,4
432,Katy Bombers 9U,1,1,0,20,16,0.5,5
432,Houston Bandits 9u,1,1,0,21,21,0.5,6
432,Marucci Elite Texas - Holden,1,1,0,21,18,0.5,7
432,LC Legends,0,2,0,21,9,0.0,8
432,Texas Elite Lobos - Gold,0,2,0,24,16,0.0,9
433,Houston Bandits 9u,2,0,0,7,18,1.0,1
433,SOUTH COAST CREAM X.,2,0,0,12,24,1.0,2
433,Texans,2,0,0,17,21,1.0,3
433,Marucci Elite Texas - Holden,1,1,0,15,12,0.5,4
433,Banditos 9U Texas,1,1,0,17,18,0.5,5
433,Katy Bombers 9U,1,1,0,20,16,0.5,6
433,LC Legends,0,2,0,16,11,0.0,7
433,Lamar Elite - 9U - Red,0,2,0,18,10,0.0,8
433,Texas Elite Lobos - Gold,0,2,0,24,16,0.0,9
434,SOUTH COAST CREAM X.,2,0,0,12,24,1.0,1
434,Banditos 9U Texas,1,1,0,14,16,0.5,2
434,LC Legends,1,1,0,14,11,0.5,3
434,Texans,1,1,0,15,16,0.5,4
434,Houston Bandits 9u,1,1,0,16,20,0.5,5
434,Katy Bombers 9U,1,1,0,20,16,0.5,6
434,Lamar Elite - 9U - Red,1,1,0,24,22,0.5,7
434,Marucci Elite Texas - Holden,1,1,0,25,23,0.5,8
434,Texas Elite Lobos - Gold,0,2,0,24,16,0.0,9
435,SOUTH COAST CREAM X.,2,0,0,12,24,1.0,1
435,Banditos 9U Texas,1,1,0,15,17,0.5,2
435,LC Legends,1,1,0,17,15,0.5,3
435,Marucci Elite Texas - Holden,1,1,0,20,22,0.5,4
435,Texans,1,1,0,20,20,0.5,5
435,Katy Bombers 9U,1,1,0,20,16,0.5,6
435,Lamar Elite - 9U - Red,1,1,0,23,23,0.5,7
435,Houston Bandits 9u,1,1,0,29,27,0.5,8
435,Texas Elite Lobos - Gold,0,2,0,24,16,0.0,9
436,Banditos 9U Texas,2,0,0,8,24,1.0,1
436,SOUTH COAST CREAM X.,2,0,0,12,24,1.0,2
436,Marucci Elite Texas - Holden,2,0,0,13,22,1.0,3
436,Houston Bandits 9u,1,1,0,17,17,0.5,4
436,LC Legends,1,1,0,20,17,0.5,5
436,Katy Bombers 9U,1,1,0,20,16,0.5,6
436,Lamar Elite - 9U - Red,0,2,0,21,12,0.0,7
436,Texas Elite Lobos - Gold,0,2,0,24,16,0.0,8
436,Texans,0,2,0,29,16,0.0,9
437,SOUTH COAST CREAM X.,2,0,0,12,24,1.0,1
437,Marucci Elite Texas - Holden,2,0,0,12,18,1.0,2
437,Texans,1,1,0,13,17,0.5,3
437,LC Legends,1,1,0,13,13,0.5,4
437,Lamar Elite - 9U - Red,1,1,0,14,17,0.5,5
437,Banditos 9U Texas,1,1,0,16,12,0.5,6
437,Katy Bombers 9U,1,1,0,20,16,0.5,7
437,Houston Bandits 9u,0,2,0,18,9,0.0,8
437,Texas Elite Lobos - Gold,0,2,0,24,16,0.0,9
438,Banditos 9U Texas,2,0,0,11,16,1.0,1
438,SOUTH COAST CREAM X.,2,0,0,12,24,1.0,2
438,Marucci Elite Texas - Holden,1,0,1,15,21,0.75,3
438,LC Legends,1,1,0,10,18,0.5,4
438,Houston Bandits 9u,0,0,2,14,14,0.5,5
438,Katy Bombers 9U,1,1,0,20,16,0.5,6
438,Lamar Elite - 9U - Red,0,1,1,23,17,0.25,7
438,Texans,0,2,0,22,9,0.0,8
438,Texas Elite Lobos - Gold,0,2,0,24,16,0.0,9
439,SOUTH COAST CREAM X.,2,0,0,12,24,1.0,1
439,Marucci Elite Texas - Holden,2,0,0,14,24,1.0,2
439,Texans,2,0,0,19,26,1.0,3
439,Banditos 9U Texas,1,1,0,16,16,0.5,4
439,Katy Bombers 9U,1,1,0,20,16,0.5,5
439,Lamar Elite - 9U - Red,0,1,1,18,15,0.25,6
439,Houston Bandits 9u,0,1,1,22,15,0.25,7
439,LC Legends,0,2,0,22,15,0.0,8
439,Texas Elite Lobos - Gold,0,2,0,24,16,0.0,9
440,SOUTH COAST CREAM X.,2,0,0,12,24,1.0,1
440,Texans,2,0,0,18,21,1.0,2
440,Lamar Elite - 9U - Red,2,0,0,22,25,1.0,3
440,Marucci Elite Texas - Holden,1,1,0,15,20,0.5,4
440,Banditos 9U Texas,1,1,0,17,19,0.5,5
440,Katy Bombers 9U,1,1,0,20,16,0.5,6
440,LC Legends,0,2,0,16,11,0.0,7
440,Texas Elite Lobos - Gold,0,2,0,24,16,0.0,8
440,Houston Bandits 9u,0,2,0,25,17,0.0,9
441,SOUTH COAST CREAM X.,2,0,0,12,24,1.0,1
441,Banditos 9U Texas,2,0,0,12,21,1.0,2
441,Lamar Elite - 9U - Red,2,0,0,18,28,1.0,3
441,LC Legends,1,1,0,12,10,0.5,4
441,Katy Bombers 9U,1,1,0,20,16,0.5,5
441,Marucci Elite Texas - Holden,1,1,0,23,22,0.5,6
441,Texans,0,2,0,19,12,0.0,7
441,Texas Elite Lobos - Gold,0,2,0,24,16,0.0,8
441,Houston Bandits 9u,0,2,0,26,17,0.0,9
442,Banditos 9U Texas,2,0,0,11,17,1.0,1
442,SOUTH COAST CREAM X.,2,0,0,12,24,1.0,2
442,LC Legends,1,1,0,16,18,0.5,3
442,Houston Bandits 9u,1,1,0,20,20,0.5,4
442,Katy Bombers 9U,1,1,0,20,16,0.5,5
442,Marucci Elite Texas - Holden,1,1,0,21,25,0.5,6
442,Lamar Elite - 9U - Red,1,1,0,24,20,0.5,7
442,Texans,0,2,0,23,15,0.0,8
442,Texas Elite Lobos - Gold,0,2,0,24,16,0.0,9
443,Banditos 9U Texas,2,0,0,11,18,1.0,1
443,SOUTH COAST CREAM X.,2,0,0,12,24,1.0,2
443,Lamar Elite - 9U - Red,2,0,0,18,22,1.0,3
443,Katy Bombers 9U,1,1,0,20,16,0.5,4
443,Marucci Elite Texas - Holden,0,1,1,19,16,0.25,5
443,LC Legends,0,1,1,19,15,0.25,6
443,Houston Bandits 9u,0,1,1,21,20,0.25,7
443,Texans,0,1,1,21,18,0.25,8
443,Texas Elite Lobos - Gold,0,2,0,24,16,0.0,9
444,SOUTH COAST CREAM X.,2,0,0,12,24,1.0,1
444,Marucci Elite Texas - Holden,2,0,0,17,30,1.0,2
444,Banditos 9U Texas,1,1,0,13,16,0.5,3
444,LC Legends,1,1,0,15,12,0.5,4
444,Texans,1,1,0,16,16,0.5,5
444,Katy Bombers 9U,1,1,0,20,16,0.5,6
444,Houston Bandits 9u,1,1,0,21,21,0.5,7
444,Texas Elite Lobos - Gold,0,2,0,24,16,0.0,8
444,Lamar Elite - 9U - Red,0,2,0,24,11,0.0,9
445,SOUTH COAST CREAM X.,2,0,0,12,24,1.0,1
445,Banditos 9U Texas,2,0,0,13,21,1.0,2
445,Lamar Elite - 9U - Red,1,0,1,14,19,0.75,3
445,Marucci Elite Texas - Holden,1,1,0,17,19,0.5,4
445,Katy Bombers 9U,1,1,0,20,16,0.5,5
445,LC Legends,1,1,0,21,19,0.5,6
445,Houston Bandits 9u,0,1,1,21,14,0.25,7
445,Texas Elite Lobos - Gold,0,2,0,24,16,0.0,8
445,Texans,0,2,0,28,22,0.0,9
446,SOUTH COAST CREAM X.,2,0,0,12,24,1.0,1
446,Banditos 9U Texas,2,0,0,15,20,1.0,2
446,Lamar Elite - 9U - Red,2,0,0,19,26,1.0,3
446,Houston Bandits 9u,1,1,0,19,22,0.5,4
446,Katy Bombers 9U,1,1,0,20,16,0.5,5
446,Texans,1,1,0,26,26,0.5,6
446,LC Legends,0,2,0,23,18,0.0,7
446,Texas Elite Lobos - Gold,0,2,0,24,16,0.0,8
446,Marucci Elite Texas - Holden,0,2,0,29,19,0.0,9
447,SOUTH COAST CREAM X.,2,0,0,12,24,1.0,1
447,Marucci Elite Texas - Holden,1,0,1,18,25,0.75,2
447,LC Legends,1,1,0,13,11,0.5,3
447,Banditos 9U Texas,1,1,0,14,16,0.5,4
447,Texans,1,1,0,15,15,0.5,5
447,Katy Bombers 9U,1,1,0,20,16,0.5,6
447,Houston Bandits 9u,1,1,0,22,17,0.5,7
447,Lamar Elite - 9U - Red,0,1,1,23,21,0.25,8
447,Texas Elite Lobos - Gold,0,2,0,24,16,0.0,9
448,SOUTH COAST CREAM X.,2,0,0,12,24,1.0,1
448,Banditos 9U Texas,1,1,0,14,15,0.5,2
448,LC Legends,1,1,0,15,14,0.5,3
448,Marucci Elite Texas - Holden,1,1,0,16,15,0.5,4
448,Texans,1,1,0,17,17,0.5,5
448,Lamar Elite - 9U - Red,1,1,0,19,22,0.5,6
448,Katy Bombers 9U,1,1,0,20,16,0.5,7
448,Houston Bandits 9u,1,1,0,21,19,0.5,8
448,Texas Elite Lobos - Gold,0,2,0,24,16,0.0,9
449,SOUTH COAST CREAM X.,2,0,0,12,24,1.0,1
449,Lamar Elite - 9U - Red,2,0,0,13,22,1.0,2
449,LC Legends,1,1,0,15,17,0.5,3
449,Banditos 9U Texas,1,1,0,17,13,0.5,4
449,Texans,1,1,0,18,20,0.5,5
449,Houston Bandits 9u,1,1,0,19,21,0.5,6
449,Katy Bombers 9U,1,1,0,20,16,0.5,7
449,Texas Elite Lobos - Gold,0,2,0,24,16,0.0,8
449,Marucci Elite Texas - Holden,0,2,0,25,14,0.0,9
450,SOUTH COAST CREAM X.,2,0,0,12,24,1.0,1
450,Marucci Elite Texas - Holden,1,0,1,27,30,0.75,2
450,Texans,1,1,0,15,20,0.5,3
450,LC Legends,1,1,0,15,13,0.5,4
450,Banditos 9U Texas,1,1,0,17,14,0.5,5
450,Katy Bombers 9U,1,1,0,20,16,0.5,6
450,Houston Bandits 9u,0,0,2,23,23,0.5,7
450,Lamar Elite - 9U - Red,0,1,1,27,24,0.25,8
450,Texas Elite Lobos - Gold,0,2,0,24,16,0.0,9
451,SOUTH COAST CREAM X.,2,0,0,12,24,1.0,1
451,Texans,2,0,0,15,24,1.0,2
451,Houston Bandits 9u,2,0,0,15,22,1.0,3
451,Lamar Elite - 9U - Red,1,1,0,14,22,0.5,4
451,Banditos 9U Texas,1,1,0,15,15,0.5,5
451,Katy Bombers 9U,1,1,0,20,16,0.5,6
451,LC Legends,0,2,0,21,12,0.0,7
451,Texas Elite Lobos - Gold,0,2,0,24,16,0.0,8
451,Marucci Elite Texas - Holden,0,2,0,27,12,0.0,9
452,Banditos 9U Texas,2,0,0,11,16,1.0,1
452,SOUTH COAST CREAM X.,2,0,0,12,24,1.0,2
452,Houston Bandits 9u,2,0,0,18,22,1.0,3
452,LC Legends,1,1,0,15,12,0.5,4
452,Lamar Elite - 9U - Red,1,1,0,18,19,0.5,5
452,Katy Bombers 9U,1,1,0,20,16,0.5,6
452,Texans,0,2,0,16,14,0.0,7
452,Marucci Elite Texas - Holden,0,2,0,22,17,0.0,8
452,Texas Elite Lobos - Gold,0,2,0,24,16,0.0,9
453,SOUTH COAST CREAM X.,2,0,0,12,24,1.0,1
453,Lamar Elite - 9U - Red,2,0,0,14,20,1.0,2
453,Banditos 9U Texas,1,1,0,17,20,0.5,3
453,LC Legends,1,1,0,18,15,0.5,4
453,Houston Bandits 9u,1,1,0,19,24,0.5,5
453,Katy Bombers 9U,1,1,0,20,16,0.5,6
453,Texans,1,1,0,23,23,0.5,7
453,Texas Elite Lobos - Gold,0,2,0,24,16,0.0,8
453,Marucci Elite Texas - Holden,0,2,0,27,16,0.0,9
454,SOUTH COAST CREAM X.,2,0,0,12,24,1.0,1
454,Lamar Elite - 9U - Red,1,0,1,20,21,0.75,2
454,Marucci Elite Texas - Holden,1,1,0,13,16,0.5,3
454,LC Legends,1,1,0,15,15,0.5,4
454,Banditos 9U Texas,1,1,0,17,16,0.5,5
454,Texans,1,1,0,19,20,0.5,6
454,Katy Bombers 9U,1,1,0,20,16,0.5,7
454,Houston Bandits 9u,0,1,1,20,16,0.25,8
454,Texas Elite Lobos - Gold,0,2,0,24,16,0.0,9
455,Banditos 9U Texas,2,0,0,9,18,1.0,1
455,SOUTH COAST CREAM X.,2,0,0,12,24,1.0,2
455,Marucci Elite Texas - Holden,1,0,1,17,21,0.75,3
455,Lamar Elite - 9U - Red,1,0,1,19,21,0.75,4
455,Texans,1,1,0,17,14,0.5,5
455,Katy Bombers 9U,1,1,0,20,16,0.5,6
455,LC Legends,0,2,0,17,11,0.0,7
455,Houston Bandits 9u,0,2,0,22,16,0.0,8
455,Texas Elite Lobos - Gold,0,2,0,24,16,0.0,9
456,Houston Bandits 9u,2,0,0,9,27,1.0,1
456,Banditos 9U Texas,2,0,0,9,17,1.0,2
456,SOUTH COAST CREAM X.,2,0,0,12,24,1.0,3
456,LC Legends,1,1,0,14,12,0.5,4
456,Marucci Elite Texas - Holden,1,1,0,17,15,0.5,5
456,Katy Bombers 9U,1,1,0,20,16,0.5,6
456,Texans,0,2,0,17,11,0.0,7
456,Texas Elite Lobos - Gold,0,2,0,24,16,0.0,8
456,Lamar Elite - 9U - Red,0,2,0,26,10,0.0,9
457,SOUTH COAST CREAM X.,2,0,0,12,24,1.0,1
457,Houston Bandits 9u,2,0,0,15,30,1.0,2
457,Banditos 9U Texas,1,0,1,13,17,0.75,3
457,LC Legends,1,1,0,14,20,0.5,4
457,Katy Bombers 9U,1,1,0,20,16,0.5,5
457,Lamar Elite - 9U - Red,1,1,0,20,16,0.5,6
457,Texans,0,1,1,25,15,0.25,7
457,Texas Elite Lobos - Gold,0,2,0,24,16,0.0,8
457,Marucci Elite Texas - Holden,0,2,0,28,17,0.0,9
458,Banditos 9U Texas,2,0,0,7,16,1.0,1
458,SOUTH COAST CREAM X.,2,0,0,12,24,1.0,2
458,Marucci Elite Texas - Holden,2,0,0,18,27,1.0,3
458,Texans,1,1,0,16,14,0.5,4
458,Katy Bombers 9U,1,1,0,20,16,0.5,5
458,Lamar Elite - 9U - Red,1,1,0,22,16,0.5,6
458,LC Legends,0,2,0,19,12,0.0,7
458,Houston Bandits 9u,0,2,0,20,17,0.0,8
458,Texas Elite Lobos - Gold,0,2,0,24,16,0.0,9
459,SOUTH COAST CREAM X.,2,0,0,12,24,1.0,1
459,Marucci Elite Texas - Holden,2,0,0,13,27,1.0,2
459,Lamar Elite - 9U - Red,1,1,0,15,17,0.5,3
459,LC Legends,1,1,0,16,17,0.5,4
459,Katy Bombers 9U,1,1,0,20,16,0.5,5
459,Texans,1,1,0,21,25,0.5,6
459,Banditos 9U Texas,1,1,0,21,16,0.5,7
459,Texas Elite Lobos - Gold,0,2,0,24,16,0.0,8
459,Houston Bandits 9u,0,2,0,28,12,0.0,9
460,SOUTH COAST CREAM X.,2,0,0,12,24,1.0,1
460,Houston Bandits 9u,1,0,1,18,23,0.75,2
460,Marucci Elite Texas - Holden,1,0,1,22,27,0.75,3
460,LC Legends,1,1,0,13,18,0.5,4
460,Banditos 9U Texas,1,1,0,16,16,0.5,5
460,Katy Bombers 9U,1,1,0,20,16,0.5,6
460,Texans,1,1,0,22,17,0.5,7
460,Lamar Elite - 9U - Red,0,2,0,22,12,0.0,8
460,Texas Elite Lobos - Gold,0,2,0,24,16,0.0,9
461,Banditos 9U Texas,2,0,0,11,17,1.0,1
461,SOUTH COAST CREAM X.,2,0,0,12,24,1.0,2
461,Houston Bandits 9u,2,0,0,13,25,1.0,3
461,Texans,1,1,0,18,18,0.5,4
461,Lamar Elite - 9U - Red,1,1,0,19,18,0.5,5
461,Katy Bombers 9U,1,1,0,20,16,0.5,6
461,LC Legends,0,2,0,19,13,0.0,7
461,Marucci Elite Texas - Holden,0,2,0,21,10,0.0,8
461,Texas Elite Lobos - Gold,0,2,0,24,16,0.0,9
462,SOUTH COAST CREAM X.,2,0,0,12,24,1.0,1
462,Banditos 9U Texas,2,0,0,12,22,1.0,2
462,Houston Bandits 9u,2,0,0,21,26,1.0,3
462,LC Legends,1,1,0,16,16,0.5,4
462,Katy Bombers 9U,1,1,0,20,16,0.5,5
462,Lamar Elite - 9U - Red,1,1,0,23,24,0.5,6
462,Texas Elite Lobos - Gold,0,2,0,24,16,0.0,7
462,Marucci Elite Texas - Holden,0,2,0,25,19,0.0,8
462,Texans,0,2,0,26,16,0.0,9
463,Banditos 9U Texas,2,0,0,11,20,1.0,1
463,SOUTH COAST CREAM X.,2,0,0,12,24,1.0,2
463,Marucci Elite Texas - Holden,2,0,0,16,18,1.0,3
463,Houston Bandits 9u,1,1,0,14,19,0.5,4
463,LC Legends,1,1,0,14,14,0.5,5
463,Katy Bombers 9U,1,1,0,20,16,0.5,6
463,Lamar Elite - 9U - Red,0,2,0,18,11,0.0,7
463,Texans,0,2,0,22,13,0.0,8
463,Texas Elite Lobos - Gold,0,2,0,24,16,0.0,9
464,SOUTH COAST CREAM X.,2,0,0,12,24,1.0,1
464,Marucci Elite Texas - Holden,2,0,0,12,15,1.0,2
464,Banditos 9U Texas,2,0,0,14,19,1.0,3
464,Houston Bandits 9u,1,1,0,14,24,0.5,4
464,Texans,1,1,0,19,21,0.5,5
464,Katy Bombers 9U,1,1,0,20,16,0.5,6
464,LC Legends,0,2,0,19,12,0.0,7
464,Texas Elite Lobos - Gold,0,2,0,24,16,0.0,8
464,Lamar Elite - 9U - Red,0,2,0,26,13,0.0,9
465,SOUTH COAST CREAM X.,2,0,0,12,24,1.0,1
465,Houston Bandits 9u,2,0,0,16,20,1.0,2
465,Texans,2,0,0,18,28,1.0,3
465,Banditos 9U Texas,1,1,0,18,13,0.5,4
465,Marucci Elite Texas - Holden,1,1,0,19,17,0.5,5
465,Katy Bombers 9U,1,1,0,20,16,0.5,6
465,Lamar Elite - 9U - Red,0,2,0,20,18,0.0,7
465,LC Legends,0,2,0,22,17,0.0,8
465,Texas Elite Lobos - Gold,0,2,0,24,16,0.0,9
466,SOUTH COAST CREAM X.,2,0,0,12,24,1.0,1
466,Lamar Elite - 9U - Red,2,0,0,16,24,1.0,2
466,Banditos 9U Texas,1,0,1,14,18,0.75,3
466,Marucci Elite Texas - Holden,1,1,0,15,16,0.5,4
466,Texans,0,0,2,17,17,0.5,5
466,Katy Bombers 9U,1,1,0,20,16,0.5,6
466,LC Legends,0,1,1,15,11,0.25,7
466,Texas Elite Lobos - Gold,0,2,0,24,16,0.0,8
466,Houston Bandits 9u,0,2,0,24,15,0.0,9
467,Houston Bandits 9u,2,0,0,8,25,1.0,1
467,SOUTH COAST CREAM X.,2,0,0,12,24,1.0,2
467,Texans,2,0,0,17,23,1.0,3
467,Banditos 9U Texas,1,1,0,14,15,0.5,4
467,Marucci Elite Texas - Holden,1,1,0,17,15,0.5,5
467,Katy Bombers 9U,1,1,0,20,16,0.5,6
467,LC Legends,0,2,0,21,14,0.0,7
467,Lamar Elite - 9U - Red,0,2,0,23,8,0.0,8
467,Texas Elite Lobos - Gold,0,2,0,24,16,0.0,9
468,SOUTH COAST CREAM X.,2,0,0,12,24,1.0,1
468,Houston Bandits 9u,2,0,0,12,23,1.0,2
468,Texans,2,0,0,14,23,1.0,3
468,Banditos 9U Texas,1,1,0,19,16,0.5,4
468,Katy Bombers 9U,1,1,0,20,16,0.5,5
468,Lamar Elite - 9U - Red,0,1,1,20,14,0.25,6
468,Marucci Elite Texas - Holden,0,1,1,21,16,0.25,7
468,LC Legends,0,2,0,16,10,0.0,8
468,Texas Elite Lobos - Gold,0,2,0,24,16,0.0,9
469,SOUTH COAST CREAM X.,2,0,0,12,24,1.0,1
469,Marucci Elite Texas - Holden,2,0,0,14,25,1.0,2
469,Banditos 9U Texas,1,1,0,13,15,0.5,3
469,LC Legends,1,1,0,17,15,0.5,4
469,Texans,1,1,0,18,18,0.5,5
469,Lamar Elite - 9U - Red,1,1,0,19,16,0.5,6
469,Katy Bombers 9U,1,1,0,20,16,0.5,7
469,Houston Bandits 9u,0,2,0,21,13,0.0,8
469,Texas Elite Lobos - Gold,0,2,0,24,16,0.0,9
470,SOUTH COAST CREAM X.,2,0,0,12,24,1.0,1
470,Houston Bandits 9u,2,0,0,15,23,1.0,2
470,Banditos 9U Texas,1,1,0,14,16,0.5,3
470,LC Legends,1,1,0,15,15,0.5,4
470,Texans,1,1,0,19,17,0.5,5
470,Katy Bombers 9U,1,1,0,20,16,0.5,6
470,Lamar Elite - 9U - Red,1,1,0,21,20,0.5,7
470,Texas Elite Lobos - Gold,0,2,0,24,16,0.0,8
470,Marucci Elite Texas - Holden,0,2,0,27,20,0.0,9
471,SOUTH COAST CREAM X.,2,0,0,12,24,1.0,1
471,Marucci Elite Texas - Holden,2,0,0,27,35,1.0,2
471,Banditos 9U Texas,1,1,0,10,12,0.5,3
471,LC Legends,1,1,0,16,16,0.5,4
471,Texans,1,1,0,16,14,0.5,5
471,Katy Bombers 9U,1,1,0,20,16,0.5,6
471,Houston Bandits 9u,1,1,0,26,29,0.5,7
471,Texas Elite Lobos - Gold,0,2,0,24,16,0.0,8
471,Lamar Elite - 9U - Red,0,2,0,27,16,0.0,9
472,SOUTH COAST CREAM X.,2,0,0,12,24,1.0,1
472,Banditos 9U Texas,1,0,1,13,17,0.75,2
472,Texans,1,0,1,16,17,0.75,3
472,Marucci Elite Texas - Holden,1,1,0,14,15,0.5,4
472,Houston Bandits 9u,1,1,0,16,18,0.5,5
472,Lamar Elite - 9U - Red,1,1,0,16,13,0.5,6
472,Katy Bombers 9U,1,1,0,20,16,0.5,7
472,LC Legends,0,2,0,16,11,0.0,8
472,Texas Elite Lobos - Gold,0,2,0,24,16,0.0,9
473,SOUTH COAST CREAM X.,2,0,0,12,24,1.0,1
473,Texans,2,0,0,16,22,1.0,2
473,Banditos 9U Texas,1,1,0,14,13,0.5,3
473,Lamar Elite - 9U - Red,1,1,0,17,24,0.5,4
473,Katy Bombers 9U,1,1,0,20,16,0.5,5
473,Houston Bandits 9u,1,1,0,21,21,0.5,6
473,Marucci Elite Texas - Holden,1,1,0,26,19,0.5,7
473,LC Legends,0,2,0,20,15,0.0,8
473,Texas Elite Lobos - Gold,0,2,0,24,16,0.0,9
474,SOUTH COAST CREAM X.,2,0,0,12,24,1.0,1
474,Banditos 9U Texas,1,1,0,14,13,0.5,2
474,Texans,1,1,0,16,19,0.5,3
474,LC Legends,1,1,0,17,15,0.5,4
474,Marucci Elite Texas - Holden,1,1,0,19,18,0.5,5
474,Houston Bandits 9u,1,1,0,20,23,0.5,6
474,Katy Bombers 9U,1,1,0,20,16,0.5,7
474,Lamar Elite - 9U - Red,1,1,0,21,19,0.5,8
474,Texas Elite Lobos - Gold,0,2,0,24,16,0.0,9
475,SOUTH COAST CREAM X.,2,0,0,12,24,1.0,1
475,Marucci Elite Texas - Holden,2,0,0,13,22,1.0,2
475,Houston Bandits 9u,1,1,0,16,19,0.5,3
475,LC Legends,1,1,0,16,13,0.5,4
475,Texans,1,1,0,18,22,0.5,5
475,Banditos 9U Texas,1,1,0,18,17,0.5,6
475,Katy Bombers 9U,1,1,0,20,16,0.5,7
475,Texas Elite Lobos - Gold,0,2,0,24,16,0.0,8
475,Lamar Elite - 9U - Red,0,2,0,26,14,0.0,9
476,SOUTH COAST CREAM X.,2,0,0,12,24,1.0,1
476,Texans,2,0,0,12,19,1.0,2
476,Lamar Elite - 9U - Red,2,0,0,20,27,1.0,3
476,Banditos 9U Texas,1,1,0,14,13,0.5,4
476,Katy Bombers 9U,1,1,0,20,16,0.5,5
476,Marucci Elite Texas - Holden,1,1,0,23,21,0.5,6
476,LC Legends,0,2,0,17,11,0.0,7
476,Texas Elite Lobos - Gold,0,2,0,24,16,0.0,8
476,Houston Bandits 9u,0,2,0,27,22,0.0,9
477,SOUTH COAST CREAM X.,2,0,0,12,24,1.0,1
477,Banditos 9U Texas,1,0,1,11,15,0.75,2
477,Lamar Elite - 9U - Red,1,0,1,14,15,0.75,3
477,Marucci Elite Texas - Holden,1,1,0,15,16,0.5,4
477,LC Legends,1,1,0,20,17,0.5,5
477,Katy Bombers 9U,1,1,0,20,16,0.5,6
477,Texans,0,1,1,20,19,0.25,7
477,Houston Bandits 9u,0,1,1,20,18,0.25,8
477,Texas Elite Lobos - Gold,0,2,0,24,16,0.0,9
478,SOUTH COAST CREAM X.,2,0,0,12,24,1.0,1
478,Banditos 9U Texas,2,0,0,13,22,1.0,2
478,Marucci Elite Texas - Holden,2,0,0,15,19,1.0,3
478,LC Legends,1,1,0,11,12,0.5,4
478,Houston Bandits 9u,1,1,0,19,20,0.5,5
478,Katy Bombers 9U,1,1,0,20,16,0.5,6
478,Lamar Elite - 9U - Red,0,2,0,20,15,0.0,7
478,Texans,0,2,0,22,12,0.0,8
478,Texas Elite Lobos - Gold,0,2,0,24,16,0.0,9
479,SOUTH COAST CREAM X.,2,0,0,12,24,1.0,1
479,Banditos 9U Texas,2,0,0,14,19,1.0,2
479,Houston Bandits 9u,1,0,1,18,20,0.75,3
479,Lamar Elite - 9U - Red,1,1,0,19,20,0.5,4
479,Katy Bombers 9U,1,1,0,20,16,0.5,5
479,Texans,1,1,0,22,22,0.5,6
479,Marucci Elite Texas - Holden,0,1,1,22,19,0.25,7
479,LC Legends,0,2,0,20,15,0.0,8
479,Texas Elite Lobos - Gold,0,2,0,24,16,0.0,9
480,SOUTH COAST CREAM X.,2,0,0,12,24,1.0,1
480,Marucci Elite Texas - Holden,2,0,0,13,27,1.0,2
480,Texans,2,0,0,13,27,1.0,3
480,Lamar Elite - 9U - Red,1,1,0,16,17,0.5,4
480,Banditos 9U Texas,1,1,0,17,16,0.5,5
480,Katy Bombers 9U,1,1,0,20,16,0.5,6
480,LC Legends,0,2,0,22,9,0.0,7
480,Texas Elite Lobos - Gold,0,2,0,24,16,0.0,8
480,Houston Bandits 9u,0,2,0,28,13,0.0,9
481,SOUTH COAST CREAM X.,2,0,0,12,24,1.0,1
481,Texans,2,0,0,14,19,1.0,2
481,Banditos 9U Texas,1,1,0,14,16,0.5,3
481,Lamar Elite - 9U - Red,1,1,0,18,19,0.5,4
481,Katy Bombers 9U,1,1,0,20,16,0.5,5
481,Houston Bandits 9u,1,1,0,21,22,0.5,6
481,Marucci Elite Texas - Holden,1,1,0,23,21,0.5,7
481,LC Legends,0,2,0,17,10,0.0,8
481,Texas Elite Lobos - Gold,0,2,0,24,16,0.0,9
482,SOUTH COAST CREAM X.,2,0,0,12,24,1.0,1
482,Banditos 9U Texas,2,0,0,12,18,1.0,2
482,Marucci Elite Texas - Holden,2,0,0,13,27,1.0,3
482,Lamar Elite - 9U - Red,1,1,0,20,23,0.5,4
482,Katy Bombers 9U,1,1,0,20,16,0.5,5
482,Texans,1,1,0,21,20,0.5,6
482,LC Legends,0,2,0,20,15,0.0,7
482,Texas Elite Lobos - Gold,0,2,0,24,16,0.0,8
482,Houston Bandits 9u,0,2,0,26,9,0.0,9
483,SOUTH COAST CREAM X.,2,0,0,12,24,1.0,1
483,Marucci Elite Texas - Holden,2,0,0,13,22,1.0,2
483,Banditos 9U Texas,1,1,0,14,16,0.5,3
483,Houston Bandits 9u,1,1,0,14,14,0.5,4
483,LC Legends,1,1,0,16,14,0.5,5
483,Texans,1,1,0,18,18,0.5,6
483,Katy Bombers 9U,1,1,0,20,16,0.5,7
483,Lamar Elite - 9U - Red,0,2,0,20,11,0.0,8
483,Texas Elite Lobos - Gold,0,2,0,24,16,0.0,9
484,SOUTH COAST CREAM X.,2,0,0,12,24,1.0,1
484,Banditos 9U Texas,1,1,0,16,16,0.5,2
484,LC Legends,1,1,0,18,15,0.5,3
484,Texans,1,1,0,19,22,0.5,4
484,Lamar Elite - 9U - Red,1,1,0,19,15,0.5,5
484,Houston Bandits 9u,1,1,0,20,26,0.5,6
484,Katy Bombers 9U,1,1,0,20,16,0.5,7
484,Marucci Elite Texas - Holden,1,1,0,22,20,0.5,8
484,Texas Elite Lobos - Gold,0,2,0,24,16,0.0,9
485,SOUTH COAST CREAM X.,2,0,0,12,24,1.0,1
485,Marucci Elite Texas - Holden,2,0,0,12,20,1.0,2
485,Banditos 9U Texas,2,0,0,12,17,1.0,3
485,Lamar Elite - 9U - Red,1,1,0,17,15,0.5,4
485,LC Legends,1,1,0,19,16,0.5,5
485,Katy Bombers 9U,1,1,0,20,16,0.5,6
485,Houston Bandits 9u,0,2,0,18,12,0.0,7
485,Texans,0,2,0,21,19,0.0,8
485,Texas Elite Lobos - Gold,0,2,0,24,16,0.0,9
486,Banditos 9U Texas,2,0,0,9,16,1.0,1
486,SOUTH COAST CREAM X.,2,0,0,12,24,1.0,2
486,Lamar Elite - 9U - Red,2,0,0,13,20,1.0,3
486,LC Legends,1,1,0,13,10,0.5,4
486,Marucci Elite Texas - Holden,1,1,0,16,15,0.5,5
486,Katy Bombers 9U,1,1,0,20,16,0.5,6
486,Texans,0,2,0,14,10,0.0,7
486,Houston Bandits 9u,0,2,0,23,17,0.0,8
486,Texas Elite Lobos - Gold,0,2,0,24,16,0.0,9
487,Banditos 9U Texas,2,0,0,8,16,1.0,1
487,SOUTH COAST CREAM X.,2,0,0,12,24,1.0,2
487,Houston Bandits 9u,2,0,0,21,26,1.0,3
487,Lamar Elite - 9U - Red,1,1,0,19,25,0.5,4
487,Katy Bombers 9U,1,1,0,20,16,0.5,5
487,Texans,0,1,1,16,12,0.25,6
487,LC Legends,0,1,1,16,12,0.25,7
487,Texas Elite Lobos - Gold,0,2,0,24,16,0.0,8
487,Marucci Elite Texas - Holden,0,2,0,28,17,0.0,9
488,SOUTH COAST CREAM X.,2,0,0,12,24,1.0,1
488,Houston Bandits 9u,1,1,0,11,12,0.5,2
488,LC Legends,1,1,0,12,19,0.5,3
488,Lamar Elite - 9U - Red,1,1,0,14,14,0.5,4
488,Marucci Elite Texas - Holden,1,1,0,14,13,0.5,5
488,Banditos 9U Texas,1,1,0,15,15,0.5,6
488,Katy Bombers 9U,1,1,0,20,16,0.5,7
488,Texans,1,1,0,22,15,0.5,8
488,Texas Elite Lobos - Gold,0,2,0,24,16,0.0,9
489,SOUTH COAST CREAM X.,2,0,0,12,24,1.0,1
489,Houston Bandits 9u,2,0,0,15,18,1.0,2
489,Banditos 9U Texas,1,1,0,13,14,0.5,3
489,Texans,1,1,0,15,16,0.5,4
489,LC Legends,1,1,0,15,13,0.5,5
489,Marucci Elite Texas - Holden,1,1,0,17,24,0.5,6
489,Katy Bombers 9U,1,1,0,20,16,0.5,7
489,Lamar Elite - 9U - Red,0,2,0,21,11,0.0,8
489,Texas Elite Lobos - Gold,0,2,0,24,16,0.0,9
490,Banditos 9U Texas,2,0,0,10,16,1.0,1
490,SOUTH COAST CREAM X.,2,0,0,12,24,1.0,2
490,Lamar Elite - 9U - Red,2,0,0,15,21,1.0,3
490,Houston Bandits 9u,1,1,0,18,22,0.5,4
490,Texans,1,1,0,19,20,0.5,5
490,Katy Bombers 9U,1,1,0,20,16,0.5,6
490,LC Legends,0,2,0,22,15,0.0,7
490,Texas Elite Lobos - Gold,0,2,0,24,16,0.0,8
490,Marucci Elite Texas - Holden,0,2,0,26,16,0.0,9
491,SOUTH COAST CREAM X.,2,0,0,12,24,1.0,1
491,Marucci Elite Texas - Holden,2,0,0,14,22,1.0,2
491,Banditos 9U Texas,1,0,1,15,19,0.75,3
491,LC Legends,1,1,0,15,19,0.5,4
491,Katy Bombers 9U,1,1,0,20,16,0.5,5
491,Houston Bandits 9u,1,1,0,22,19,0.5,6
491,Texans,0,1,1,26,18,0.25,7
491,Lamar Elite - 9U - Red,0,2,0,19,14,0.0,8
491,Texas Elite Lobos - Gold,0,2,0,24,16,0.0,9
492,Banditos 9U Texas,2,0,0,10,17,1.0,1
492,SOUTH COAST CREAM X.,2,0,0,12,24,1.0,2
492,Houston Bandits 9u,2,0,0,18,30,1.0,3
492,LC Legends,1,1,0,15,18,0.5,4
492,Marucci Elite Texas - Holden,1,1,0,20,19,0.5,5
492,Katy Bombers 9U,1,1,0,20,16,0.5,6
492,Texans,0,2,0,23,13,0.0,7
492,Texas Elite Lobos - Gold,0,2,0,24,16,0.0,8
492,Lamar Elite - 9U - Red,0,2,0,30,19,0.0,9
493,SOUTH COAST CREAM X.,2,0,0,12,24,1.0,1
493,Houston Bandits 9u,2,0,0,22,27,1.0,2
493,Banditos 9U Texas,1,0,1,14,18,0.75,3
493,Lamar Elite - 9U - Red,1,1,0,17,21,0.5,4
493,LC Legends,1,1,0,17,18,0.5,5
493,Katy Bombers 9U,1,1,0,20,16,0.5,6
493,Texans,0,1,1,24,19,0.25,7
493,Texas Elite Lobos - Gold,0,2,0,24,16,0.0,8
493,Marucci Elite Texas - Holden,0,2,0,25,16,0.0,9
494,SOUTH COAST CREAM X.,2,0,0,12,24,1.0,1
494,Houston Bandits 9u,2,0,0,17,26,1.0,2
494,Banditos 9U Texas,1,1,0,12,14,0.5,3
494,LC Legends,1,1,0,18,25,0.5,4
494,Lamar Elite - 9U - Red,1,1,0,20,25,0.5,5
494,Katy Bombers 9U,1,1,0,20,16,0.5,6
494,Texans,1,1,0,27,18,0.5,7
494,Texas Elite Lobos - Gold,0,2,0,24,16,0.0,8
494,Marucci Elite Texas - Holden,0,2,0,31,17,0.0,9
495,SOUTH COAST CREAM X.,2,0,0,12,24,1.0,1
495,Texans,1,0,1,18,24,0.75,2
495,Lamar Elite - 9U - Red,1,0,1,18,19,0.75,3
495,Marucci Elite Texas - Holden,1,1,0,15,24,0.5,4
495,Banditos 9U Texas,1,1,0,17,15,0.5,5
495,Katy Bombers 9U,1,1,0,20,16,0.5,6
495,LC Legends,0,1,1,19,15,0.25,7
495,Houston Bandits 9u,0,1,1,24,14,0.25,8
495,Texas Elite Lobos - Gold,0,2,0,24,16,0.0,9
496,SOUTH COAST CREAM X.,2,0,0,12,24,1.0,1
496,Texans,2,0,0,18,29,1.0,2
496,Lamar Elite - 9U - Red,1,1,0,17,22,0.5,3
496,Houston Bandits 9u,1,1,0,20,19,0.5,4
496,Katy Bombers 9U,1,1,0,20,16,0.5,5
496,Banditos 9U Texas,1,1,0,22,19,0.5,6
496,Marucci Elite Texas - Holden,1,1,0,24,20,0.5,7
496,LC Legends,0,2,0,19,11,0.0,8
496,Texas Elite Lobos - Gold,0,2,0,24,16,0.0,9
497,SOUTH COAST CREAM X.,2,0,0,12,24,1.0,1
497,Houston Bandits 9u,2,0,0,13,21,1.0,2
497,Texans,1,0,1,17,21,0.75,3
497,Banditos 9U Texas,1,1,0,15,15,0.5,4
497,Lamar Elite - 9U - Red,1,1,0,15,14,0.5,5
497,Katy Bombers 9U,1,1,0,20,16,0.5,6
497,LC Legends,0,1,1,18,14,0.25,7
497,Marucci Elite Texas - Holden,0,2,0,18,11,0.0,8
497,Texas Elite Lobos - Gold,0,2,0,24,16,0.0,9
498,Texans,2,0,0,10,22,1.0,1
498,SOUTH COAST CREAM X.,2,0,0,12,24,1.0,2
498,Lamar Elite - 9U - Red,2,0,0,14,22,1.0,3
498,Marucci Elite Texas - Holden,1,1,0,19,23,0.5,4
498,Banditos 9U Texas,1,1,0,19,14,0.5,5
498,Katy Bombers 9U,1,1,0,20,16,0.5,6
498,LC Legends,0,2,0,15,8,0.0,7
498,Texas Elite Lobos - Gold,0,2,0,24,16,0.0,8
498,Houston Bandits 9u,0,2,0,28,16,0.0,9
499,SOUTH COAST CREAM X.,2,0,0,12,24,1.0,1
499,Houston Bandits 9u,2,0,0,12,19,1.0,2
499,Texans,2,0,0,13,21,1.0,3
499,Banditos 9U Texas,1,1,0,11,12,0.5,4
499,Katy Bombers 9U,1,1,0,20,16,0.5,5
499,Lamar Elite - 9U - Red,0,1,1,14,13,0.25,6
499,Marucci Elite Texas - Holden,0,1,1,17,11,0.25,7
499,LC Legends,0,2,0,22,13,0.0,8
499,Texas Elite Lobos - Gold,0,2,0,24,16,0.0,9
500,Banditos 9U Texas,2,0,0,11,21,1.0,1
500,SOUTH COAST CREAM X.,2,0,0,12,24,1.0,2
500,LC Legends,1,1,0,17,14,0.5,3
500,Houston Bandits 9u,1,1,0,19,20,0.5,4
500,Katy Bombers 9U,1,1,0,20,16,0.5,5
500,Lamar Elite - 9U - Red,1,1,0,21,20,0.5,6
500,Marucci Elite Texas - Holden,1,1,0,22,22,0.5,7
500,Texans,0,2,0,23,16,0.0,8
500,Texas Elite Lobos - Gold,0,2,0,24,16,0.0,9
501,SOUTH COAST CREAM X.,2,0,0,12,24,1.0,1
501,Houston Bandits 9u,2,0,0,15,26,1.0,2
501,Banditos 9U Texas,2,0,0,18,23,1.0,3
501,Katy Bombers 9U,1,1,0,20,16,0.5,4
501,Marucci Elite Texas - Holden,1,1,0,25,19,0.5,5
501,LC Legends,0,1,1,17,13,0.25,6
501,Texans,0,1,1,24,23,0.25,7
501,Lamar Elite - 9U - Red,0,2,0,23,18,0.0,8
501,Texas Elite Lobos - Gold,0,2,0,24,16,0.0,9
502,SOUTH COAST CREAM X.,2,0,0,12,24,1.0,1
502,Banditos 9U Texas,1,1,0,14,16,0.5,2
502,Houston Bandits 9u,1,1,0,16,22,0.5,3
502,LC Legends,1,1,0,18,18,0.5,4
502,Katy Bombers 9U,1,1,0,20,16,0.5,5
502,Lamar Elite - 9U - Red,1,1,0,21,19,0.5,6
502,Texans,1,1,0,22,20,0.5,7
502,Marucci Elite Texas - Holden,1,1,0,28,24,0.5,8
502,Texas Elite Lobos - Gold,0,2,0,24,16,0.0,9
503,SOUTH COAST CREAM X.,2,0,0,12,24,1.0,1
503,Lamar Elite - 9U - Red,2,0,0,14,18,1.0,2
503,LC Legends,1,1,0,9,14,0.5,3
503,Texans,1,1,0,18,17,0.5,4
503,Houston Bandits 9u,1,1,0,19,18,0.5,5
503,Banditos 9U Texas,1,1,0,20,16,0.5,6
503,Katy Bombers 9U,1,1,0,20,16,0.5,7
503,Marucci Elite Texas - Holden,0,2,0,20,17,0.0,8
503,Texas Elite Lobos - Gold,0,2,0,24,16,0.0,9
504,SOUTH COAST CREAM X.,2,0,0,12,24,1.0,1
504,Banditos 9U Texas,2,0,0,12,17,1.0,2
504,Houston Bandits 9u,1,0,1,18,23,0.75,3
504,Lamar Elite - 9U - Red,1,1,0,17,13,0.5,4
504,Katy Bombers 9U,1,1,0,20,16,0.5,5
504,LC Legends,0,1,1,14,10,0.25,6
504,Texans,0,1,1,15,14,0.25,7
504,Marucci Elite Texas - Holden,0,1,1,21,20,0.25,8
504,Texas Elite Lobos - Gold,0,2,0,24,16,0.0,9
505,SOUTH COAST CREAM X.,2,0,0,12,24,1.0,1
505,Marucci Elite Texas - Holden,1,0,1,18,22,0.75,2
505,Lamar Elite - 9U - Red,1,0,1,19,24,0.75,3
505,Banditos 9U Texas,1,1,0,11,11,0.5,4
505,Texans,1,1,0,15,16,0.5,5
505,LC Legends,1,1,0,17,16,0.5,6
505,Katy Bombers 9U,1,1,0,20,16,0.5,7
505,Texas Elite Lobos - Gold,0,2,0,24,16,0.0,8
505,Houston Bandits 9u,0,2,0,24,15,0.0,9
506,SOUTH COAST CREAM X.,2,0,0,12,24,1.0,1
506,Banditos 9U Texas,2,0,0,12,20,1.0,2
506,Houston Bandits 9u,1,0,1,24,27,0.75,3
506,LC Legends,1,1,0,18,17,0.5,4
506,Katy Bombers 9U,1,1,0,20,16,0.5,5
506,Lamar Elite - 9U - Red,1,1,0,27,29,0.5,6
506,Marucci Elite Texas - Holden,0,1,1,27,22,0.25,7
506,Texas Elite Lobos - Gold,0,2,0,24,16,0.0,8
506,Texans,0,2,0,25,18,0.0,9
507,Houston Bandits 9u,2,0,0,10,24,1.0,1
507,SOUTH COAST CREAM X.,2,0,0,12,24,1.0,2
507,Banditos 9U Texas,2,0,0,14,22,1.0,3
507,Lamar Elite - 9U - Red,1,1,0,13,11,0.5,4
507,Katy Bombers 9U,1,1,0,20,16,0.5,5
507,Texans,1,1,0,23,20,0.5,6
507,LC Legends,0,2,0,18,13,0.0,7
507,Texas Elite Lobos - Gold,0,2,0,24,16,0.0,8
507,Marucci Elite Texas - Holden,0,2,0,24,12,0.0,9
508,SOUTH COAST CREAM X.,2,0,0,12,24,1.0,1
508,Texans,2,0,0,13,17,1.0,2
508,Marucci Elite Texas - Holden,1,1,0,14,21,0.5,3
508,Banditos 9U Texas,1,1,0,14,16,0.5,4
508,Houston Bandits 9u,1,1,0,15,11,0.5,5
508,Lamar Elite - 9U - Red,1,1,0,18,15,0.5,6
508,Katy Bombers 9U,1,1,0,20,16,0.5,7
508,LC Legends,0,2,0,15,9,0.0,8
508,Texas Elite Lobos - Gold,0,2,0,24,16,0.0,9
509,Houston Bandits 9u,2,0,0,9,21,1.0,1
509,Banditos 9U Texas,2,0,0,11,21,1.0,2
509,SOUTH COAST CREAM X.,2,0,0,12,24,1.0,3
509,Katy Bombers 9U,1,1,0,20,16,0.5,4
509,Marucci Elite Texas - Holden,1,1,0,21,18,0.5,5
509,LC Legends,0,1,1,21,17,0.25,6
509,Texans,0,1,1,26,20,0.25,7
509,Lamar Elite - 9U - Red,0,2,0,18,9,0.0,8
509,Texas Elite Lobos - Gold,0,2,0,24,16,0.0,9
510,SOUTH COAST CREAM X.,2,0,0,12,24,1.0,1
510,Texans,2,0,0,12,17,1.0,2
510,Lamar Elite - 9U - Red,1,1,0,15,17,0.5,3
510,Banditos 9U Texas,1,1,0,15,16,0.5,4
510,Marucci Elite Texas - Holden,1,1,0,17,18,0.5,5
510,Houston Bandits 9u,1,1,0,20,17,0.5,6
510,Katy Bombers 9U,1,1,0,20,16,0.5,7
510,LC Legends,0,2,0,14,8,0.0,8
510,Texas Elite Lobos - Gold,0,2,0,24,16,0.0,9
511,SOUTH COAST CREAM X.,2,0,0,12,24,1.0,1
511,LC Legends,1,1,0,14,16,0.5,2
511,Texans,1,1,0,18,20,0.5,3
511,Banditos 9U Texas,1,1,0,18,14,0.5,4
511,Marucci Elite Texas - Holden,1,1,0,20,23,0.5,5
511,Lamar Elite - 9U - Red,1,1,0,20,18,0.5,6
511,Katy Bombers 9U,1,1,0,20,16,0.5,7
511,Houston Bandits 9u,1,1,0,21,20,0.5,8
511,Texas Elite Lobos - Gold,0,2,0,24,16,0.0,9
512,SOUTH COAST CREAM X.,2,0,0,12,24,1.0,1
512,Texans,2,0,0,17,20,1.0,2
512,Houston Bandits 9u,2,0,0,20,25,1.0,3
512,Banditos 9U Texas,1,1,0,14,16,0.5,4
512,Marucci Elite Texas - Holden,1,1,0,20,20,0.5,5
512,Katy Bombers 9U,1,1,0,20,16,0.5,6
512,LC Legends,0,2,0,18,13,0.0,7
512,Lamar Elite - 9U - Red,0,2,0,22,17,0.0,8
512,Texas Elite Lobos - Gold,0,2,0,24,16,0.0,9
513,SOUTH COAST CREAM X.,2,0,0,12,24,1.0,1
513,Banditos 9U Texas,2,0,0,12,19,1.0,2
513,Lamar Elite - 9U - Red,2,0,0,17,21,1.0,3
513,LC Legends,1,1,0,19,17,0.5,4
513,Katy Bombers 9U,1,1,0,20,16,0.5,5
513,Houston Bandits 9u,0,1,1,19,16,0.25,6
513,Marucci Elite Texas - Holden,0,1,1,20,19,0.25,7
513,Texans,0,2,0,24,19,0.0,8
513,Texas Elite Lobos - Gold,0,2,0,24,16,0.0,9
514,SOUTH COAST CREAM X.,2,0,0,12,24,1.0,1
514,Banditos 9U Texas,2,0,0,14,19,1.0,2
514,Houston Bandits 9u,1,1,0,14,20,0.5,3
514,LC Legends,1,1,0,14,14,0.5,4
514,Katy Bombers 9U,1,1,0,20,16,0.5,5
514,Marucci Elite Texas - Holden,1,1,0,21,18,0.5,6
514,Lamar Elite - 9U - Red,1,1,0,22,19,0.5,7
514,Texans,0,2,0,21,16,0.0,8
514,Texas Elite Lobos - Gold,0,2,0,24,16,0.0,9
515,SOUTH COAST CREAM X.,2,0,0,12,24,1.0,1
515,Banditos 9U Texas,1,0,1,14,18,0.75,2
515,Texans,1,0,1,21,22,0.75,3
515,Houston Bandits 9u,1,1,0,16,18,0.5,4
515,Marucci Elite Texas - Holden,1,1,0,16,15,0.5,5
515,Lamar Elite - 9U - Red,1,1,0,19,18,0.5,6
515,Katy Bombers 9U,1,1,0,20,16,0.5,7
515,LC Legends,0,2,0,20,15,0.0,8
515,Texas Elite Lobos - Gold,0,2,0,24,16,0.0,9
516,Banditos 9U Texas,2,0,0,11,19,1.0,1
516,SOUTH COAST CREAM X.,2,0,0,12,24,1.0,2
516,LC Legends,1,1,0,15,13,0.5,3
516,Katy Bombers 9U,1,1,0,20,16,0.5,4
516,Marucci Elite Texas - Holden,1,1,0,22,19,0.5,5
516,Lamar Elite - 9U - Red,1,1,0,24,27,0.5,6
516,Houston Bandits 9u,1,1,0,24,24,0.5,7
516,Texans,0,2,0,20,14,0.0,8
516,Texas Elite Lobos - Gold,0,2,0,24,16,0.0,9
517,SOUTH COAST CREAM X.,2,0,0,12,24,1.0,1
517,Banditos 9U Texas,2,0,0,14,20,1.0,2
517,Marucci Elite Texas - Holden,2,0,0,16,19,1.0,3
517,Houston Bandits 9u,1,1,0,16,15,0.5,4
517,Texans,1,1,0,20,20,0.5,5
517,Katy Bombers 9U,1,1,0,20,16,0.5,6
517,Lamar Elite - 9U - Red,0,2,0,16,14,0.0,7
517,LC Legends,0,2,0,18,12,0.0,8
517,Texas Elite Lobos - Gold,0,2,0,24,16,0.0,9
518,SOUTH COAST CREAM X.,2,0,0,12,24,1.0,1
518,Banditos 9U Texas,2,0,0,12,21,1.0,2
518,Lamar Elite - 9U - Red,2,0,0,17,22,1.0,3
518,LC Legends,1,1,0,14,18,0.5,4
518,Houston Bandits 9u,1,1,0,19,17,0.5,5
518,Katy Bombers 9U,1,1,0,20,16,0.5,6
518,Marucci Elite Texas - Holden,0,2,0,14,11,0.0,7
518,Texas Elite Lobos - Gold,0,2,0,24,16,0.0,8
518,Texans,0,2,0,27,14,0.0,9
519,SOUTH COAST CREAM X.,2,0,0,12,24,1.0,1
519,Marucci Elite Texas - Holden,2,0,0,14,28,1.0,2
519,Banditos 9U Texas,2,0,0,14,20,1.0,3
519,LC Legends,1,1,0,13,17,0.5,4
519,Katy Bombers 9U,1,1,0,20,16,0.5,5
519,Lamar Elite - 9U - Red,1,1,0,21,19,0.5,6
519,Texas Elite Lobos - Gold,0,2,0,24,16,0.0,7
519,Texans,0,2,0,25,15,0.0,8
519,Houston Bandits 9u,0,2,0,28,16,0.0,9
520,Banditos 9U Texas,2,0,0,10,16,1.0,1
520,SOUTH COAST CREAM X.,2,0,0,12,24,1.0,2
520,Houston Bandits 9u,2,0,0,17,24,1.0,3
520,Texans,1,1,0,13,16,0.5,4
520,Katy Bombers 9U,1,1,0,20,16,0.5,5
520,Lamar Elite - 9U - Red,1,1,0,22,26,0.5,6
520,LC Legends,0,2,0,18,9,0.0,7
520,Texas Elite Lobos - Gold,0,2,0,24,16,0.0,8
520,Marucci Elite Texas - Holden,0,2,0,28,17,0.0,9
521,Texans,2,0,0,7,13,1.0,1
521,SOUTH COAST CREAM X.,2,0,0,12,24,1.0,2
521,Banditos 9U Texas,1,1,0,11,11,0.5,3
521,Marucci Elite Texas - Holden,1,1,0,15,22,0.5,4
521,Katy Bombers 9U,1,1,0,20,16,0.5,5
521,Lamar Elite - 9U - Red,1,1,0,21,20,0.5,6
521,Houston Bandits 9u,1,1,0,27,21,0.5,7
521,LC Legends,0,2,0,14,8,0.0,8
521,Texas Elite Lobos - Gold,0,2,0,24,16,0.0,9
522,SOUTH COAST CREAM X.,2,0,0,12,24,1.0,1
522,Banditos 9U Texas,2,0,0,12,20,1.0,2
522,Lamar Elite - 9U - Red,2,0,0,20,23,1.0,3
522,Texans,1,1,0,16,23,0.5,4
522,Marucci Elite Texas - Holden,1,1,0,20,27,0.5,5
522,Katy Bombers 9U,1,1,0,20,16,0.5,6
522,LC Legends,0,2,0,23,8,0.0,7
522,Texas Elite Lobos - Gold,0,2,0,24,16,0.0,8
522,Houston Bandits 9u,0,2,0,29,19,0.0,9
523,SOUTH COAST CREAM X.,2,0,0,12,24,1.0,1
523,Texans,2,0,0,14,24,1.0,2
523,Marucci Elite Texas - Holden,2,0,0,17,26,1.0,3
523,Lamar Elite - 9U - Red,1,1,0,14,16,0.5,4
523,Banditos 9U Texas,1,1,0,18,15,0.5,5
523,Katy Bombers 9U,1,1,0,20,16,0.5,6
523,LC Legends,0,2,0,18,11,0.0,7
523,Texas Elite Lobos - Gold,0,2,0,24,16,0.0,8
523,Houston Bandits 9u,0,2,0,26,15,0.0,9
524,Banditos 9U Texas,2,0,0,11,16,1.0,1
524,SOUTH COAST CREAM X.,2,0,0,12,24,1.0,2
524,Lamar Elite - 9U - Red,2,0,0,15,25,1.0,3
524,Texans,1,1,0,12,17,0.5,4
524,Houston Bandits 9u,1,1,0,17,21,0.5,5
524,Katy Bombers 9U,1,1,0,20,16,0.5,6
524,LC Legends,0,2,0,18,8,0.0,7
524,Texas Elite Lobos - Gold,0,2,0,24,16,0.0,8
524,Marucci Elite Texas - Holden,0,2,0,24,10,0.0,9
525,SOUTH COAST CREAM X.,2,0,0,12,24,1.0,1
525,Texans,2,0,0,13,15,1.0,2
525,Lamar Elite - 9U - Red,2,0,0,17,24,1.0,3
525,Banditos 9U Texas,1,1,0,12,15,0.5,4
525,Katy Bombers 9U,1,1,0,20,16,0.5,5
525,Marucci Elite Texas - Holden,1,1,0,23,22,0.5,6
525,LC Legends,0,2,0,15,10,0.0,7
525,Houston Bandits 9u,0,2,0,24,18,0.0,8
525,Texas Elite Lobos - Gold,0,2,0,24,16,0.0,9
526,SOUTH COAST CREAM X.,2,0,0,12,24,1.0,1
526,Banditos 9U Texas,2,0,0,12,19,1.0,2
526,Marucci Elite Texas - Holden,1,0,1,14,21,0.75,3
526,Lamar Elite - 9U - Red,1,0,1,19,26,0.75,4
526,Katy Bombers 9U,1,1,0,20,16,0.5,5
526,Texans,1,1,0,22,22,0.5,6
526,LC Legends,0,2,0,22,15,0.0,7
526,Texas Elite Lobos - Gold,0,2,0,24,16,0.0,8
526,Houston Bandits 9u,0,2,0,27,13,0.0,9
527,SOUTH COAST CREAM X.,2,0,0,12,24,1.0,1
527,Marucci Elite Texas - Holden,2,0,0,12,18,1.0,2
527,Texans,1,1,0,15,20,0.5,3
527,Banditos 9U Texas,1,1,0,15,13,0.5,4
527,LC Legends,1,1,0,17,14,0.5,5
527,Katy Bombers 9U,1,1,0,20,16,0.5,6
527,Houston Bandits 9u,1,1,0,22,18,0.5,7
527,Lamar Elite - 9U - Red,0,2,0,19,17,0.0,8
527,Texas Elite Lobos - Gold,0,2,0,24,16,0.0,9
528,Banditos 9U Texas,2,0,0,11,19,1.0,1
528,SOUTH COAST CREAM X.,2,0,0,12,24,1.0,2
528,Lamar Elite - 9U - Red,2,0,0,15,22,1.0,3
528,Houston Bandits 9u,1,1,0,14,19,0.5,4
528,Katy Bombers 9U,1,1,0,20,16,0.5,5
528,LC Legends,0,1,1,20,16,0.25,6
528,Texans,0,1,1,23,19,0.25,7
528,Texas Elite Lobos - Gold,0,2,0,24,16,0.0,8
528,Marucci Elite Texas - Holden,0,2,0,26,14,0.0,9
529,SOUTH COAST CREAM X.,2,0,0,12,24,1.0,1
529,Texans,2,0,0,12,19,1.0,2
529,Lamar Elite - 9U - Red,2,0,0,14,24,1.0,3
529,Banditos 9U Texas,1,1,0,10,13,0.5,4
529,Marucci Elite Texas - Holden,1,1,0,16,21,0.5,5
529,Katy Bombers 9U,1,1,0,20,16,0.5,6
529,LC Legends,0,2,0,21,11,0.0,7
529,Texas Elite Lobos - Gold,0,2,0,24,16,0.0,8
529,Houston Bandits 9u,0,2,0,27,12,0.0,9
530,SOUTH COAST CREAM X.,2,0,0,12,24,1.0,1
530,Lamar Elite - 9U - Red,2,0,0,20,27,1.0,2
530,Texans,1,1,0,16,24,0.5,3
530,Banditos 9U Texas,1,1,0,17,11,0.5,4
530,LC Legends,1,1,0,19,17,0.5,5
530,Katy Bombers 9U,1,1,0,20,16,0.5,6
530,Marucci Elite Texas - Holden,0,1,1,22,16,0.25,7
530,Houston Bandits 9u,0,1,1,25,24,0.25,8
530,Texas Elite Lobos - Gold,0,2,0,24,16,0.0,9
531,SOUTH COAST CREAM X.,2,0,0,12,24,1.0,1
531,Marucci Elite Texas - Holden,2,0,0,19,22,1.0,2
531,LC Legends,1,1,0,14,17,0.5,3
531,Banditos 9U Texas,1,1,0,15,15,0.5,4
531,Houston Bandits 9u,1,1,0,19,19,0.5,5
531,Texans,1,1,0,20,17,0.5,6
531,Katy Bombers 9U,1,1,0,20,16,0.5,7
531,Lamar Elite - 9U - Red,0,2,0,23,20,0.0,8
531,Texas Elite Lobos - Gold,0,2,0,24,16,0.0,9
532,Houston Bandits 9u,2,0,0,10,16,1.0,1
532,SOUTH COAST CREAM X.,2,0,0,12,24,1.0,2
532,Texans,2,0,0,19,25,1.0,3
532,Lamar Elite - 9U - Red,1,1,0,15,17,0.5,4
532,Banditos 9U Texas,1,1,0,19,22,0.5,5
532,Katy Bombers 9U,1,1,0,20,16,0.5,6
532,Marucci Elite Texas - Holden,0,2,0,18,10,0.0,7
532,LC Legends,0,2,0,18,9,0.0,8
532,Texas Elite Lobos - Gold,0,2,0,24,16,0.0,9
533,SOUTH COAST CREAM X.,2,0,0,12,24,1.0,1
533,Texans,2,0,0,16,21,1.0,2
533,Lamar Elite - 9U - Red,2,0,0,18,34,1.0,3
533,Banditos 9U Texas,1,1,0,14,15,0.5,4
533,Katy Bombers 9U,1,1,0,20,16,0.5,5
533,Houston Bandits 9u,1,1,0,26,20,0.5,6
533,LC Legends,0,2,0,19,13,0.0,7
533,Texas Elite Lobos - Gold,0,2,0,24,16,0.0,8
533,Marucci Elite Texas - Holden,0,2,0,31,21,0.0,9
534,SOUTH COAST CREAM X.,2,0,0,12,24,1.0,1
534,Marucci Elite Texas - Holden,2,0,0,16,23,1.0,2
534,LC Legends,1,1,0,12,15,0.5,3
534,Banditos 9U Texas,1,1,0,16,14,0.5,4
534,Texans,1,1,0,17,16,0.5,5
534,Katy Bombers 9U,1,1,0,20,16,0.5,6
534,Lamar Elite - 9U - Red,1,1,0,21,19,0.5,7
534,Houston Bandits 9u,0,2,0,20,15,0.0,8
534,Texas Elite Lobos - Gold,0,2,0,24,16,0.0,9
535,SOUTH COAST CREAM X.,2,0,0,12,24,1.0,1
535,Houston Bandits 9u,2,0,0,19,21,1.0,2
535,Banditos 9U Texas,1,0,1,9,13,0.75,3
535,Marucci Elite Texas - Holden,1,1,0,15,21,0.5,4
535,Texans,0,0,2,16,16,0.5,5
535,Katy Bombers 9U,1,1,0,20,16,0.5,6
535,LC Legends,0,1,1,19,15,0.25,7
535,Lamar Elite - 9U - Red,0,2,0,21,13,0.0,8
535,Texas Elite Lobos - Gold,0,2,0,24,16,0.0,9
536,SOUTH COAST CREAM X.,2,0,0,12,24,1.0,1
536,Texans,2,0,0,18,21,1.0,2
536,Banditos 9U Texas,1,1,0,12,15,0.5,3
536,Houston Bandits 9u,1,1,0,18,19,0.5,4
536,Lamar Elite - 9U - Red,1,1,0,19,20,0.5,5
536,Katy Bombers 9U,1,1,0,20,16,0.5,6
536,Marucci Elite Texas - Holden,1,1,0,22,20,0.5,7
536,LC Legends,0,2,0,21,15,0.0,8
536,Texas Elite Lobos - Gold,0,2,0,24,16,0.0,9
537,Lamar Elite - 9U - Red,2,0,0,10,27,1.0,1
537,SOUTH COAST CREAM X.,2,0,0,12,24,1.0,2
537,Banditos 9U Texas,1,1,0,17,14,0.5,3
537,LC Legends,1,1,0,19,18,0.5,4
537,Texans,1,1,0,20,24,0.5,5
537,Katy Bombers 9U,1,1,0,20,16,0.5,6
537,Marucci Elite Texas - Holden,1,1,0,25,15,0.5,7
537,Houston Bandits 9u,0,2,0,22,15,0.0,8
537,Texas Elite Lobos - Gold,0,2,0,24,16,0.0,9
538,SOUTH COAST CREAM X.,2,0,0,12,24,1.0,1
538,Banditos 9U Texas,1,0,1,13,17,0.75,2
538,Lamar Elite - 9U - Red,1,0,1,15,17,0.75,3
538,Marucci Elite Texas - Holden,1,1,0,13,21,0.5,4
538,LC Legends,1,1,0,13,10,0.5,5
538,Katy Bombers 9U,1,1,0,20,16,0.5,6
538,Texans,0,1,1,15,14,0.25,7
538,Houston Bandits 9u,0,1,1,22,12,0.25,8
538,Texas Elite Lobos - Gold,0,2,0,24,16,0.0,9
539,Lamar Elite - 9U - Red,2,0,0,10,21,1.0,1
539,SOUTH COAST CREAM X.,2,0,0,12,24,1.0,2
539,Texans,2,0,0,13,16,1.0,3
539,Banditos 9U Texas,1,1,0,12,15,0.5,4
539,Houston Bandits 9u,1,1,0,16,15,0.5,5
539,Katy Bombers 9U,1,1,0,20,16,0.5,6
539,LC Legends,0,2,0,16,10,0.0,7
539,Marucci Elite Texas - Holden,0,2,0,18,8,0.0,8
539,Texas Elite Lobos - Gold,0,2,0,24,16,0.0,9
540,SOUTH COAST CREAM X.,2,0,0,12,24,1.0,1
540,Texans,1,1,0,11,13,0.5,2
540,Banditos 9U Texas,1,1,0,11,11,0.5,3
540,LC Legends,1,1,0,14,12,0.5,4
540,Marucci Elite Texas - Holden,1,1,0,17,18,0.5,5
540,Lamar Elite - 9U - Red,1,1,0,19,22,0.5,6
540,Katy Bombers 9U,1,1,0,20,16,0.5,7
540,Houston Bandits 9u,1,1,0,25,21,0.5,8
540,Texas Elite Lobos - Gold,0,2,0,24,16,0.0,9
541,SOUTH COAST CREAM X.,2,0,0,12,24,1.0,1
541,Texans,2,0,0,15,19,1.0,2
541,Houston Bandits 9u,2,0,0,18,25,1.0,3
541,Banditos 9U Texas,1,1,0,12,14,0.5,4
541,Katy Bombers 9U,1,1,0,20,16,0.5,5
541,Lamar Elite - 9U - Red,1,1,0,23,25,0.5,6
541,LC Legends,0,2,0,19,13,0.0,7
541,Texas Elite Lobos - Gold,0,2,0,24,16,0.0,8
541,Marucci Elite Texas - Holden,0,2,0,25,16,0.0,9
542,SOUTH COAST CREAM X.,2,0,0,12,24,1.0,1
542,Banditos 9U Texas,2,0,0,13,19,1.0,2
542,Houston Bandits 9u,2,0,0,18,20,1.0,3
542,LC Legends,1,1,0,14,13,0.5,4
542,Marucci Elite Texas - Holden,1,1,0,19,20,0.5,5
542,Katy Bombers 9U,1,1,0,20,16,0.5,6
542,Lamar Elite - 9U - Red,0,2,0,19,16,0.0,7
542,Texans,0,2,0,20,15,0.0,8
542,Texas Elite Lobos - Gold,0,2,0,24,16,0.0,9
543,SOUTH COAST CREAM X.,2,0,0,12,24,1.0,1
543,Texans,2,0,0,15,22,1.0,2
543,Houston Bandits 9u,1,1,0,10,16,0.5,3
543,Banditos 9U Texas,1,1,0,17,16,0.5,4
543,Lamar Elite - 9U - Red,1,1,0,20,17,0.5,5
543,Katy Bombers 9U,1,1,0,20,16,0.5,6
543,Marucci Elite Texas - Holden,1,1,0,21,18,0.5,7
543,LC Legends,0,2,0,17,11,0.0,8
543,Texas Elite Lobos - Gold,0,2,0,24,16,0.0,9
544,SOUTH COAST CREAM X.,2,0,0,12,24,1.0,1
544,Banditos 9U Texas,1,0,1,15,19,0.75,2
544,Texans,1,0,1,19,20,0.75,3
544,Houston Bandits 9u,1,1,0,16,19,0.5,4
544,Marucci Elite Texas - Holden,1,1,0,17,18,0.5,5
544,Katy Bombers 9U,1,1,0,20,16,0.5,6
544,Lamar Elite - 9U - Red,1,1,0,21,17,0.5,7
544,LC Legends,0,2,0,17,12,0.0,8
544,Texas Elite Lobos - Gold,0,2,0,24,16,0.0,9
545,SOUTH COAST CREAM X.,2,0,0,12,24,1.0,1
545,Texans,2,0,0,13,16,1.0,2
545,Marucci Elite Texas - Holden,1,0,1,16,19,0.75,3
545,Banditos 9U Texas,1,1,0,12,14,0.5,4
545,Houston Bandits 9u,1,1,0,16,24,0.5,5
545,Katy Bombers 9U,1,1,0,20,16,0.5,6
545,Lamar Elite - 9U - Red,0,1,1,24,13,0.25,7
545,LC Legends,0,2,0,16,11,0.0,8
545,Texas Elite Lobos - Gold,0,2,0,24,16,0.0,9
546,SOUTH COAST CREAM X.,2,0,0,12,24,1.0,1
546,Lamar Elite - 9U - Red,2,0,0,20,30,1.0,2
546,Banditos 9U Texas,1,1,0,12,13,0.5,3
546,Texans,1,1,0,15,15,0.5,4
546,LC Legends,1,1,0,15,14,0.5,5
546,Houston Bandits 9u,1,1,0,20,21,0.5,6
546,Katy Bombers 9U,1,1,0,20,16,0.5,7
546,Texas Elite Lobos - Gold,0,2,0,24,16,0.0,8
546,Marucci Elite Texas - Holden,0,2,0,31,20,0.0,9
547,SOUTH COAST CREAM X.,2,0,0,12,24,1.0,1
547,Houston Bandits 9u,1,0,1,16,17,0.75,2
547,Marucci Elite Texas - Holden,1,0,1,17,18,0.75,3
547,Banditos 9U Texas,1,1,0,10,13,0.5,4
547,LC Legends,1,1,0,16,17,0.5,5
547,Texans,1,1,0,18,14,0.5,6
547,Katy Bombers 9U,1,1,0,20,16,0.5,7
547,Lamar Elite - 9U - Red,0,2,0,19,17,0.0,8
547,Texas Elite Lobos - Gold,0,2,0,24,16,0.0,9
548,Banditos 9U Texas,2,0,0,11,20,1.0,1
548,SOUTH COAST CREAM X.,2,0,0,12,24,1.0,2
548,Lamar Elite - 9U - Red,2,0,0,18,31,1.0,3
548,LC Legends,1,1,0,19,17,0.5,4
548,Katy Bombers 9U,1,1,0,20,16,0.5,5
548,Houston Bandits 9u,1,1,0,26,17,0.5,6
548,Marucci Elite Texas - Holden,0,2,0,20,16,0.0,7
548,Texas Elite Lobos - Gold,0,2,0,24,16,0.0,8
548,Texans,0,2,0,25,18,0.0,9
549,SOUTH COAST CREAM X.,2,0,0,12,24,1.0,1
549,Lamar Elite - 9U - Red,2,0,0,19,23,1.0,2
549,Texans,1,1,0,14,18,0.5,3
549,Banditos 9U Texas,1,1,0,14,12,0.5,4
549,LC Legends,1,1,0,16,14,0.5,5
549,Houston Bandits 9u,1,1,0,17,21,0.5,6
549,Katy Bombers 9U,1,1,0,20,16,0.5,7
549,Marucci Elite Texas - Holden,0,2,0,23,15,0.0,8
549,Texas Elite Lobos - Gold,0,2,0,24,16,0.0,9
550,Banditos 9U Texas,2,0,0,11,21,1.0,1
550,SOUTH COAST CREAM X.,2,0,0,12,24,1.0,2
550,Houston Bandits 9u,2,0,0,15,18,1.0,3
550,Lamar Elite - 9U - Red,1,1,0,16,17,0.5,4
550,Texans,1,1,0,17,17,0.5,5
550,Katy Bombers 9U,1,1,0,20,16,0.5,6
550,Marucci Elite Texas - Holden,0,2,0,18,14,0.0,7
550,LC Legends,0,2,0,18,8,0.0,8
550,Texas Elite Lobos - Gold,0,2,0,24,16,0.0,9
551,SOUTH COAST CREAM X.,2,0,0,12,24,1.0,1
551,Banditos 9U Texas,2,0,0,12,23,1.0,2
551,Marucci Elite Texas - Holden,1,0,1,20,22,0.75,3
551,LC Legends,1,1,0,18,17,0.5,4
551,Houston Bandits 9u,1,1,0,19,24,0.5,5
551,Katy Bombers 9U,1,1,0,20,16,0.5,6
551,Lamar Elite - 9U - Red,0,1,1,22,15,0.25,7
551,Texas Elite Lobos - Gold,0,2,0,24,16,0.0,8
551,Texans,0,2,0,28,18,0.0,9
552,Texans,2,0,0,12,24,1.0,1
552,SOUTH COAST CREAM X.,2,0,0,12,24,1.0,2
552,Marucci Elite Texas - Holden,1,0,1,13,18,0.75,3
552,Houston Bandits 9u,0,0,2,13,13,0.5,4
552,Banditos 9U Texas,1,1,0,16,15,0.5,5
552,Katy Bombers 9U,1,1,0,20,16,0.5,6
552,Lamar Elite - 9U - Red,0,1,1,19,14,0.25,7
552,LC Legends,0,2,0,20,9,0.0,8
552,Texas Elite Lobos - Gold,0,2,0,24,16,0.0,9
553,Texans,2,0,0,12,27,1.0,1
553,SOUTH COAST CREAM X.,2,0,0,12,24,1.0,2
553,Houston Bandits 9u,2,0,0,14,24,1.0,3
553,Banditos 9U Texas,1,1,0,17,11,0.5,4
553,Katy Bombers 9U,1,1,0,20,16,0.5,5
553,Lamar Elite - 9U - Red,0,1,1,16,13,0.25,6
553,Marucci Elite Texas - Holden,0,1,1,24,17,0.25,7
553,LC Legends,0,2,0,22,13,0.0,8
553,Texas Elite Lobos - Gold,0,2,0,24,16,0.0,9
554,SOUTH COAST CREAM X.,2,0,0,12,24,1.0,1
554,Lamar Elite - 9U - Red,2,0,0,15,24,1.0,2
554,Banditos 9U Texas,2,0,0,16,22,1.0,3
554,LC Legends,1,1,0,14,13,0.5,4
554,Katy Bombers 9U,1,1,0,20,16,0.5,5
554,Marucci Elite Texas - Holden,1,1,0,23,21,0.5,6
554,Texans,0,2,0,23,18,0.0,7
554,Houston Bandits 9u,0,2,0,23,16,0.0,8
554,Texas Elite Lobos - Gold,0,2,0,24,16,0.0,9
555,SOUTH COAST CREAM X.,2,0,0,12,24,1.0,1
555,Houston Bandits 9u,2,0,0,15,23,1.0,2
555,Banditos 9U Texas,1,1,0,12,15,0.5,3
555,Lamar Elite - 9U - Red,1,1,0,17,16,0.5,4
555,Katy Bombers 9U,1,1,0,20,16,0.5,5
555,LC Legends,1,1,0,21,19,0.5,6
555,Texans,1,1,0,22,21,0.5,7
555,Marucci Elite Texas - Holden,0,2,0,21,14,0.0,8
555,Texas Elite Lobos - Gold,0,2,0,24,16,0.0,9
556,SOUTH COAST CREAM X.,2,0,0,12,24,1.0,1
556,Marucci Elite Texas - Holden,2,0,0,17,25,1.0,2
556,LC Legends,1,1,0,15,17,0.5,3
556,Banditos 9U Texas,1,1,0,15,16,0.5,4
556,Lamar Elite - 9U - Red,1,1,0,16,13,0.5,5
556,Katy Bombers 9U,1,1,0,20,16,0.5,6
556,Texans,1,1,0,21,18,0.5,7
556,Houston Bandits 9u,0,2,0,21,16,0.0,8
556,Texas Elite Lobos - Gold,0,2,0,24,16,0.0,9
557,SOUTH COAST CREAM X.,2,0,0,12,24,1.0,1
557,Banditos 9U Texas,1,0,1,15,19,0.75,2
557,Texans,1,0,1,21,24,0.75,3
557,Lamar Elite - 9U - Red,1,1,0,13,20,0.5,4
557,Marucci Elite Texas - Holden,1,1,0,19,22,0.5,5
557,Katy Bombers 9U,1,1,0,20,16,0.5,6
557,Houston Bandits 9u,1,1,0,26,16,0.5,7
557,LC Legends,0,2,0,21,14,0.0,8
557,Texas Elite Lobos - Gold,0,2,0,24,16,0.0,9
558,SOUTH COAST CREAM X.,2,0,0,12,24,1.0,1
558,Texans,2,0,0,14,28,1.0,2
558,Houston Bandits 9u,2,0,0,15,22,1.0,3
558,Banditos 9U Texas,1,1,0,18,13,0.5,4
558,Lamar Elite - 9U - Red,1,1,0,20,20,0.5,5
558,Katy Bombers 9U,1,1,0,20,16,0.5,6
558,LC Legends,0,2,0,22,13,0.0,7
558,Marucci Elite Texas - Holden,0,2,0,23,16,0.0,8
558,Texas Elite Lobos - Gold,0,2,0,24,16,0.0,9
559,SOUTH COAST CREAM X.,2,0,0,12,24,1.0,1
559,Marucci Elite Texas - Holden,2,0,0,13,26,1.0,2
559,Banditos 9U Texas,1,1,0,15,15,0.5,3
559,LC Legends,1,1,0,16,15,0.5,4
559,Texans,1,1,0,18,19,0.5,5
559,Katy Bombers 9U,1,1,0,20,16,0.5,6
559,Houston Bandits 9u,1,1,0,21,15,0.5,7
559,Texas Elite Lobos - Gold,0,2,0,24,16,0.0,8
559,Lamar Elite - 9U - Red,0,2,0,25,18,0.0,9
560,SOUTH COAST CREAM X.,2,0,0,12,24,1.0,1
560,Houston Bandits 9u,2,0,0,14,28,1.0,2
560,Banditos 9U Texas,1,0,1,10,14,0.75,3
560,Katy Bombers 9U,1,1,0,20,16,0.5,4
560,LC Legends,1,1,0,21,19,0.5,5
560,Texans,0,1,1,21,19,0.25,6
560,Marucci Elite Texas - Holden,0,1,1,22,20,0.25,7
560,Lamar Elite - 9U - Red,0,1,1,26,14,0.25,8
560,Texas Elite Lobos - Gold,0,2,0,24,16,0.0,9
561,SOUTH COAST CREAM X.,2,0,0,12,24,1.0,1
561,Texans,2,0,0,13,20,1.0,2
561,Banditos 9U Texas,1,1,0,14,13,0.5,3
561,Katy Bombers 9U,1,1,0,20,16,0.5,4
561,Houston Bandits 9u,1,1,0,22,24,0.5,5
561,Marucci Elite Texas - Holden,1,1,0,22,21,0.5,6
561,Lamar Elite - 9U - Red,1,1,0,24,23,0.5,7
561,LC Legends,0,2,0,18,12,0.0,8
561,Texas Elite Lobos - Gold,0,2,0,24,16,0.0,9
562,Marucci Elite Texas - Holden,2,0,0,10,22,1.0,1
562,Texans,2,0,0,11,18,1.0,2
562,SOUTH COAST CREAM X.,2,0,0,12,24,1.0,3
562,Banditos 9U Texas,1,1,0,13,14,0.5,4
562,Houston Bandits 9u,1,1,0,20,16,0.5,5
562,Katy Bombers 9U,1,1,0,20,16,0.5,6
562,Lamar Elite - 9U - Red,0,2,0,17,9,0.0,7
562,LC Legends,0,2,0,17,9,0.0,8
562,Texas Elite Lobos - Gold,0,2,0,24,16,0.0,9
563,SOUTH COAST CREAM X.,2,0,0,12,24,1.0,1
563,Lamar Elite - 9U - Red,2,0,0,13,17,1.0,2
563,Texans,2,0,0,15,21,1.0,3
563,Banditos 9U Texas,1,1,0,16,15,0.5,4
563,Marucci Elite Texas - Holden,1,1,0,19,19,0.5,5
563,Katy Bombers 9U,1,1,0,20,16,0.5,6
563,LC Legends,0,2,0,17,12,0.0,7
563,Houston Bandits 9u,0,2,0,21,17,0.0,8
563,Texas Elite Lobos - Gold,0,2,0,24,16,0.0,9
564,SOUTH COAST CREAM X.,2,0,0,12,24,1.0,1
564,Banditos 9U Texas,1,1,0,10,11,0.5,2
564,Houston Bandits 9u,1,1,0,12,15,0.5,3
564,Lamar Elite - 9U - Red,1,1,0,13,13,0.5,4
564,Marucci Elite Texas - Holden,1,1,0,16,13,0.5,5
564,Texans,1,1,0,17,18,0.5,6
564,LC Legends,1,1,0,20,18,0.5,7
564,Katy Bombers 9U,1,1,0,20,16,0.5,8
564,Texas Elite Lobos - Gold,0,2,0,24,16,0.0,9
565,SOUTH COAST CREAM X.,2,0,0,12,24,1.0,1
565,Marucci Elite Texas - Holden,2,0,0,18,28,1.0,2
565,Texans,1,0,1,16,19,0.75,3
565,Banditos 9U Texas,1,1,0,13,14,0.5,4
565,Katy Bombers 9U,1,1,0,20,16,0.5,5
565,Houston Bandits 9u,1,1,0,28,23,0.5,6
565,LC Legends,0,1,1,18,14,0.25,7
565,Lamar Elite - 9U - Red,0,2,0,21,16,0.0,8
565,Texas Elite Lobos - Gold,0,2,0,24,16,0.0,9
566,Banditos 9U Texas,2,0,0,9,24,1.0,1
566,SOUTH COAST CREAM X.,2,0,0,12,24,1.0,2
566,Marucci Elite Texas - Holden,1,0,1,18,19,0.75,3
566,LC Legends,1,1,0,15,15,0.5,4
566,Lamar Elite - 9U - Red,1,1,0,17,19,0.5,5
566,Katy Bombers 9U,1,1,0,20,16,0.5,6
566,Houston Bandits 9u,0,1,1,15,12,0.25,7
566,Texas Elite Lobos - Gold,0,2,0,24,16,0.0,8
566,Texans,0,2,0,27,12,0.0,9
567,Banditos 9U Texas,2,0,0,9,16,1.0,1
567,SOUTH COAST CREAM X.,2,0,0,12,24,1.0,2
567,Marucci Elite Texas - Holden,2,0,0,14,21,1.0,3
567,LC Legends,1,1,0,20,22,0.5,4
567,Katy Bombers 9U,1,1,0,20,16,0.5,5
567,Lamar Elite - 9U - Red,0,1,1,15,12,0.25,6
567,Houston Bandits 9u,0,1,1,16,12,0.25,7
567,Texas Elite Lobos - Gold,0,2,0,24,16,0.0,8
567,Texans,0,2,0,26,17,0.0,9
568,SOUTH COAST CREAM X.,2,0,0,12,24,1.0,1
568,Banditos 9U Texas,2,0,0,13,18,1.0,2
568,Marucci Elite Texas - Holden,2,0,0,15,26,1.0,3
568,LC Legends,1,1,0,14,17,0.5,4
568,Houston Bandits 9u,1,1,0,17,17,0.5,5
568,Katy Bombers 9U,1,1,0,20,16,0.5,6
568,Texans,0,2,0,23,15,0.0,7
568,Texas Elite Lobos - Gold,0,2,0,24,16,0.0,8
568,Lamar Elite - 9U - Red,0,2,0,25,14,0.0,9
569,Banditos 9U Texas,2,0,0,11,17,1.0,1
569,SOUTH COAST CREAM X.,2,0,0,12,24,1.0,2
569,Marucci Elite Texas - Holden,2,0,0,28,32,1.0,3
569,Texans,1,1,0,18,17,0.5,4
569,Katy Bombers 9U,1,1,0,20,16,0.5,5
569,Lamar Elite - 9U - Red,1,1,0,27,28,0.5,6
569,LC Legends,0,2,0,18,13,0.0,7
569,Texas Elite Lobos - Gold,0,2,0,24,16,0.0,8
569,Houston Bandits 9u,0,2,0,31,26,0.0,9
570,SOUTH COAST CREAM X.,2,0,0,12,24,1.0,1
570,LC Legends,1,1,0,14,15,0.5,2
570,Houston Bandits 9u,1,1,0,17,15,0.5,3
570,Marucci Elite Texas - Holden,1,1,0,18,19,0.5,4
570,Banditos 9U Texas,1,1,0,18,18,0.5,5
570,Katy Bombers 9U,1,1,0,20,16,0.5,6
570,Lamar Elite - 9U - Red,1,1,0,21,22,0.5,7
570,Texans,1,1,0,21,20,0.5,8
570,Texas Elite Lobos - Gold,0,2,0,24,16,0.0,9
571,SOUTH COAST CREAM X.,2,0,0,12,24,1.0,1
571,Houston Bandits 9u,2,0,0,13,19,1.0,2
571,Texans,2,0,0,13,19,1.0,3
571,Banditos 9U Texas,1,1,0,15,15,0.5,4
571,Marucci Elite Texas - Holden,1,1,0,19,18,0.5,5
571,Katy Bombers 9U,1,1,0,20,16,0.5,6
571,LC Legends,0,2,0,16,10,0.0,7
571,Lamar Elite - 9U - Red,0,2,0,17,12,0.0,8
571,Texas Elite Lobos - Gold,0,2,0,24,16,0.0,9
572,SOUTH COAST CREAM X.,2,0,0,12,24,1.0,1
572,Texans,2,0,0,16,25,1.0,2
572,Houston Bandits 9u,1,0,1,23,26,0.75,3
572,Banditos 9U Texas,1,1,0,19,17,0.5,4
572,Katy Bombers 9U,1,1,0,20,16,0.5,5
572,Lamar Elite - 9U - Red,1,1,0,24,23,0.5,6
572,Marucci Elite Texas - Holden,0,1,1,20,18,0.25,7
572,LC Legends,0,2,0,18,11,0.0,8
572,Texas Elite Lobos - Gold,0,2,0,24,16,0.0,9
573,Lamar Elite - 9U - Red,2,0,0,12,27,1.0,1
573,SOUTH COAST CREAM X.,2,0,0,12,24,1.0,2
573,Banditos 9U Texas,1,0,1,13,17,0.75,3
573,Katy Bombers 9U,1,1,0,20,16,0.5,4
573,LC Legends,1,1,0,21,19,0.5,5
573,Marucci Elite Texas - Holden,1,1,0,23,12,0.5,6
573,Texans,0,1,1,24,22,0.25,7
573,Houston Bandits 9u,0,2,0,19,15,0.0,8
573,Texas Elite Lobos - Gold,0,2,0,24,16,0.0,9
574,SOUTH COAST CREAM X.,2,0,0,12,24,1.0,1
574,Banditos 9U Texas,2,0,0,12,21,1.0,2
574,Marucci Elite Texas - Holden,1,0,1,19,26,0.75,3
574,Houston Bandits 9u,1,1,0,19,21,0.5,4
574,Katy Bombers 9U,1,1,0,20,16,0.5,5
574,LC Legends,0,1,1,15,11,0.25,6
574,Texans,0,1,1,20,15,0.25,7
574,Lamar Elite - 9U - Red,0,1,1,24,15,0.25,8
574,Texas Elite Lobos - Gold,0,2,0,24,16,0.0,9
575,Marucci Elite Texas - Holden,2,0,0,8,24,1.0,1
575,SOUTH COAST CREAM X.,2,0,0,12,24,1.0,2
575,Banditos 9U Texas,1,0,1,12,16,0.75,3
575,LC Legends,1,1,0,14,13,0.5,4
575,Houston Bandits 9u,1,1,0,17,18,0.5,5
575,Katy Bombers 9U,1,1,0,20,16,0.5,6
575,Texans,0,1,1,17,14,0.25,7
575,Lamar Elite - 9U - Red,0,2,0,22,5,0.0,8
575,Texas Elite Lobos - Gold,0,2,0,24,16,0.0,9
576,SOUTH COAST CREAM X.,2,0,0,12,24,1.0,1
576,Houston Bandits 9u,2,0,0,14,18,1.0,2
576,Texans,2,0,0,18,22,1.0,3
576,Banditos 9U Texas,1,1,0,15,18,0.5,4
576,Katy Bombers 9U,1,1,0,20,16,0.5,5
576,Marucci Elite Texas - Holden,0,1,1,20,18,0.25,6
576,Lamar Elite - 9U - Red,0,1,1,20,18,0.25,7
576,LC Legends,0,2,0,19,12,0.0,8
576,Texas Elite Lobos - Gold,0,2,0,24,16,0.0,9
577,SOUTH COAST CREAM X.,2,0,0,12,24,1.0,1
577,Banditos 9U Texas,1,0,1,7,11,0.75,2
577,Lamar Elite - 9U - Red,1,0,1,13,15,0.75,3
577,LC Legends,1,1,0,16,23,0.5,4
577,Marucci Elite Texas - Holden,1,1,0,16,18,0.5,5
577,Katy Bombers 9U,1,1,0,20,16,0.5,6
577,Houston Bandits 9u,0,1,1,21,17,0.25,7
577,Texans,0,1,1,22,11,0.25,8
577,Texas Elite Lobos - Gold,0,2,0,24,16,0.0,9
578,SOUTH COAST CREAM X.,2,0,0,12,24,1.0,1
578,Marucci Elite Texas - Holden,1,0,1,18,26,0.75,2
578,LC Legends,1,1,0,14,20,0.5,3
578,Banditos 9U Texas,1,1,0,18,19,0.5,4
578,Katy Bombers 9U,1,1,0,20,16,0.5,5
578,Houston Bandits 9u,1,1,0,23,21,0.5,6
578,Texans,1,1,0,27,20,0.5,7
578,Lamar Elite - 9U - Red,0,1,1,27,21,0.25,8
578,Texas Elite Lobos - Gold,0,2,0,24,16,0.0,9
579,Banditos 9U Texas,2,0,0,11,18,1.0,1
579,SOUTH COAST CREAM X.,2,0,0,12,24,1.0,2
579,Marucci Elite Texas - Holden,2,0,0,13,21,1.0,3
579,LC Legends,1,1,0,11,17,0.5,4
579,Lamar Elite - 9U - Red,1,1,0,19,20,0.5,5
579,Katy Bombers 9U,1,1,0,20,16,0.5,6
579,Houston Bandits 9u,0,2,0,22,13,0.0,7
579,Texans,0,2,0,23,10,0.0,8
579,Texas Elite Lobos - Gold,0,2,0,24,16,0.0,9
580,SOUTH COAST CREAM X.,2,0,0,12,24,1.0,1
580,Houston Bandits 9u,2,0,0,14,26,1.0,2
580,Texans,2,0,0,15,19,1.0,3
580,Banditos 9U Texas,1,1,0,14,15,0.5,4
580,Lamar Elite - 9U - Red,1,1,0,19,15,0.5,5
580,Katy Bombers 9U,1,1,0,20,16,0.5,6
580,LC Legends,0,2,0,17,12,0.0,7
580,Texas Elite Lobos - Gold,0,2,0,24,16,0.0,8
580,Marucci Elite Texas - Holden,0,2,0,26,18,0.0,9
581,SOUTH COAST CREAM X.,2,0,0,12,24,1.0,1
581,Banditos 9U Texas,2,0,0,13,18,1.0,2
581,Houston Bandits 9u,2,0,0,17,19,1.0,3
581,Texans,1,1,0,17,18,0.5,4
581,Lamar Elite - 9U - Red,1,1,0,18,18,0.5,5
581,Katy Bombers 9U,1,1,0,20,16,0.5,6
581,LC Legends,0,2,0,17,11,0.0,7
581,Marucci Elite Texas - Holden,0,2,0,22,20,0.0,8
581,Texas Elite Lobos - Gold,0,2,0,24,16,0.0,9
582,SOUTH COAST CREAM X.,2,0,0,12,24,1.0,1
582,Banditos 9U Texas,2,0,0,14,19,1.0,2
582,Lamar Elite - 9U - Red,2,0,0,15,19,1.0,3
582,LC Legends,1,1,0,15,17,0.5,4
582,Katy Bombers 9U,1,1,0,20,16,0.5,5
582,Houston Bandits 9u,0,1,1,17,15,0.25,6
582,Marucci Elite Texas - Holden,0,1,1,20,18,0.25,7
582,Texans,0,2,0,24,17,0.0,8
582,Texas Elite Lobos - Gold,0,2,0,24,16,0.0,9
583,SOUTH COAST CREAM X.,2,0,0,12,24,1.0,1
583,Banditos 9U Texas,1,0,1,13,17,0.75,2
583,Texans,1,0,1,15,17,0.75,3
583,Houston Bandits 9u,1,0,1,17,22,0.75,4
583,Marucci Elite Texas - Holden,1,1,0,18,16,0.5,5
583,Katy Bombers 9U,1,1,0,20,16,0.5,6
583,Lamar Elite - 9U - Red,0,1,1,23,20,0.25,7
583,LC Legends,0,2,0,16,10,0.0,8
583,Texas Elite Lobos - Gold,0,2,0,24,16,0.0,9
584,SOUTH COAST CREAM X.,2,0,0,12,24,1.0,1
584,Texans,2,0,0,15,20,1.0,2
584,Lamar Elite - 9U - Red,2,0,0,20,24,1.0,3
584,Banditos 9U Texas,1,1,0,14,14,0.5,4
584,Marucci Elite Texas - Holden,1,1,0,19,18,0.5,5
584,Katy Bombers 9U,1,1,0,20,16,0.5,6
584,LC Legends,0,2,0,18,13,0.0,7
584,Houston Bandits 9u,0,2,0,21,18,0.0,8
584,Texas Elite Lobos - Gold,0,2,0,24,16,0.0,9
585,Houston Bandits 9u,2,0,0,9,21,1.0,1
585,SOUTH COAST CREAM X.,2,0,0,12,24,1.0,2
585,Banditos 9U Texas,1,1,0,16,12,0.5,3
585,Texans,1,1,0,17,21,0.5,4
585,LC Legends,1,1,0,17,17,0.5,5
585,Lamar Elite - 9U - Red,1,1,0,18,16,0.5,6
585,Katy Bombers 9U,1,1,0,20,16,0.5,7
585,Marucci Elite Texas - Holden,0,2,0,18,8,0.0,8
585,Texas Elite Lobos - Gold,0,2,0,24,16,0.0,9
586,SOUTH COAST CREAM X.,2,0,0,12,24,1.0,1
586,Marucci Elite Texas - Holden,1,0,1,12,20,0.75,2
586,Lamar Elite - 9U - Red,1,0,1,14,15,0.75,3
586,LC Legends,1,1,0,16,17,0.5,4
586,Banditos 9U Texas,1,1,0,18,16,0.5,5
586,Katy Bombers 9U,1,1,0,20,16,0.5,6
586,Texans,1,1,0,21,22,0.5,7
586,Houston Bandits 9u,0,2,0,23,14,0.0,8
586,Texas Elite Lobos - Gold,0,2,0,24,16,0.0,9
587,SOUTH COAST CREAM X.,2,0,0,12,24,1.0,1
587,Marucci Elite Texas - Holden,2,0,0,13,19,1.0,2
587,Texans,2,0,0,14,20,1.0,3
587,Banditos 9U Texas,1,1,0,14,15,0.5,4
587,Katy Bombers 9U,1,1,0,20,16,0.5,5
587,Houston Bandits 9u,1,1,0,22,19,0.5,6
587,LC Legends,0,2,0,18,11,0.0,7
587,Lamar Elite - 9U - Red,0,2,0,19,16,0.0,8
587,Texas Elite Lobos - Gold,0,2,0,24,16,0.0,9
588,SOUTH COAST CREAM X.,2,0,0,12,24,1.0,1
588,Banditos 9U Texas,2,0,0,12,17,1.0,2
588,Lamar Elite - 9U - Red,2,0,0,20,25,1.0,3
588,Texans,1,1,0,15,17,0.5,4
588,Katy Bombers 9U,1,1,0,20,16,0.5,5
588,Marucci Elite Texas - Holden,0,1,1,18,16,0.25,6
588,Houston Bandits 9u,0,1,1,25,22,0.25,7
588,LC Legends,0,2,0,17,10,0.0,8
588,Texas Elite Lobos - Gold,0,2,0,24,16,0.0,9
589,SOUTH COAST CREAM X.,2,0,0,12,24,1.0,1
589,Banditos 9U Texas,1,1,0,13,14,0.5,2
589,LC Legends,1,1,0,13,12,0.5,3
589,Texans,1,1,0,14,14,0.5,4
589,Houston Bandits 9u,1,1,0,20,21,0.5,5
589,Katy Bombers 9U,1,1,0,20,16,0.5,6
589,Lamar Elite - 9U - Red,1,1,0,23,24,0.5,7
589,Marucci Elite Texas - Holden,1,1,0,23,21,0.5,8
589,Texas Elite Lobos - Gold,0,2,0,24,16,0.0,9
590,SOUTH COAST CREAM X.,2,0,0,12,24,1.0,1
590,Lamar Elite - 9U - Red,2,0,0,15,19,1.0,2
590,Texans,2,0,0,18,21,1.0,3
590,Marucci Elite Texas - Holden,1,1,0,13,18,0.5,4
590,Banditos 9U Texas,1,1,0,15,17,0.5,5
590,Katy Bombers 9U,1,1,0,20,16,0.5,6
590,Houston Bandits 9u,0,2,0,16,7,0.0,7
590,LC Legends,0,2,0,18,13,0.0,8
590,Texas Elite Lobos - Gold,0,2,0,24,16,0.0,9
591,SOUTH COAST CREAM X.,2,0,0,12,24,1.0,1
591,Banditos 9U Texas,2,0,0,13,19,1.0,2
591,Marucci Elite Texas - Holden,2,0,0,17,23,1.0,3
591,LC Legends,1,1,0,17,16,0.5,4
591,Houston Bandits 9u,1,1,0,19,18,0.5,5
591,Katy Bombers 9U,1,1,0,20,16,0.5,6
591,Texans,0,2,0,23,18,0.0,7
591,Lamar Elite - 9U - Red,0,2,0,24,19,0.0,8
591,Texas Elite Lobos - Gold,0,2,0,24,16,0.0,9
592,SOUTH COAST CREAM X.,2,0,0,12,24,1.0,1
592,Banditos 9U Texas,2,0,0,14,19,1.0,2
592,Houston Bandits 9u,2,0,0,22,25,1.0,3
592,Lamar Elite - 9U - Red,1,1,0,15,18,0.5,4
592,Texans,1,1,0,17,24,0.5,5
592,Katy Bombers 9U,1,1,0,20,16,0.5,6
592,Marucci Elite Texas - Holden,0,2,0,19,13,0.0,7
592,LC Legends,0,2,0,22,10,0.0,8
592,Texas Elite Lobos - Gold,0,2,0,24,16,0.0,9
593,SOUTH COAST CREAM X.,2,0,0,12,24,1.0,1
593,Banditos 9U Texas,2,0,0,13,19,1.0,2
593,LC Legends,1,1,0,11,9,0.5,3
593,Lamar Elite - 9U - Red,1,1,0,16,18,0.5,4
593,Marucci Elite Texas - Holden,1,1,0,19,19,0.5,5
593,Houston Bandits 9u,1,1,0,19,17,0.5,6
593,Katy Bombers 9U,1,1,0,20,16,0.5,7
593,Texans,0,2,0,16,12,0.0,8
593,Texas Elite Lobos - Gold,0,2,0,24,16,0.0,9
594,Lamar Elite - 9U - Red,2,0,0,10,26,1.0,1
594,SOUTH COAST CREAM X.,2,0,0,12,24,1.0,2
594,Texans,2,0,0,23,25,1.0,3
594,Banditos 9U Texas,1,1,0,16,19,0.5,4
594,Katy Bombers 9U,1,1,0,20,16,0.5,5
594,Houston Bandits 9u,1,1,0,21,19,0.5,6
594,LC Legends,0,2,0,21,16,0.0,7
594,Texas Elite Lobos - Gold,0,2,0,24,16,0.0,8
594,Marucci Elite Texas - Holden,0,2,0,29,15,0.0,9
595,SOUTH COAST CREAM X.,2,0,0,12,24,1.0,1
595,Lamar Elite - 9U - Red,2,0,0,20,30,1.0,2
595,Banditos 9U Texas,1,0,1,10,14,0.75,3
595,Houston Bandits 9u,1,1,0,15,26,0.5,4
595,Texans,0,0,2,17,17,0.5,5
595,Katy Bombers 9U,1,1,0,20,16,0.5,6
595,LC Legends,0,1,1,19,15,0.25,7
595,Texas Elite Lobos - Gold,0,2,0,24,16,0.0,8
595,Marucci Elite Texas - Holden,0,2,0,35,14,0.0,9
596,SOUTH COAST CREAM X.,2,0,0,12,24,1.0,1
596,Banditos 9U Texas,2,0,0,13,19,1.0,2
596,Lamar Elite - 9U - Red,2,0,0,17,26,1.0,3
596,LC Legends,1,1,0,19,17,0.5,4
596,Katy Bombers 9U,1,1,0,20,16,0.5,5
596,Houston Bandits 9u,0,1,1,16,13,0.25,6
596,Marucci Elite Texas - Holden,0,1,1,24,18,0.25,7
596,Texans,0,2,0,24,20,0.0,8
596,Texas Elite Lobos - Gold,0,2,0,24,16,0.0,9
597,Texans,2,0,0,8,20,1.0,1
597,SOUTH COAST CREAM X.,2,0,0,12,24,1.0,2
597,Lamar Elite - 9U - Red,2,0,0,15,27,1.0,3
597,Banditos 9U Texas,1,1,0,13,11,0.5,4
597,Katy Bombers 9U,1,1,0,20,16,0.5,5
597,Marucci Elite Texas - Holden,1,1,0,28,19,0.5,6
597,LC Legends,0,2,0,19,9,0.0,7
597,Texas Elite Lobos - Gold,0,2,0,24,16,0.0,8
597,Houston Bandits 9u,0,2,0,27,24,0.0,9
598,SOUTH COAST CREAM X.,2,0,0,12,24,1.0,1
598,Banditos 9U Texas,1,0,1,13,17,0.75,2
598,Texans,1,0,1,19,25,0.75,3
598,Houston Bandits 9u,1,1,0,13,17,0.5,4
598,Lamar Elite - 9U - Red,1,1,0,16,17,0.5,5
598,Marucci Elite Texas - Holden,1,1,0,18,13,0.5,6
598,Katy Bombers 9U,1,1,0,20,16,0.5,7
598,Texas Elite Lobos - Gold,0,2,0,24,16,0.0,8
598,LC Legends,0,2,0,24,14,0.0,9
599,SOUTH COAST CREAM X.,2,0,0,12,24,1.0,1
599,Houston Bandits 9u,2,0,0,16,22,1.0,2
599,Banditos 9U Texas,1,1,0,12,15,0.5,3
599,Marucci Elite Texas - Holden,1,1,0,13,14,0.5,4
599,LC Legends,1,1,0,15,15,0.5,5
599,Texans,1,1,0,18,15,0.5,6
599,Katy Bombers 9U,1,1,0,20,16,0.5,7
599,Lamar Elite - 9U - Red,0,2,0,21,14,0.0,8
599,Texas Elite Lobos - Gold,0,2,0,24,16,0.0,9
600,SOUTH COAST CREAM X.,2,0,0,12,24,1.0,1
600,Lamar Elite - 9U - Red,2,0,0,21,28,1.0,2
600,Texans,1,1,0,12,20,0.5,3
600,LC Legends,1,1,0,16,13,0.5,4
600,Banditos 9U Texas,1,1,0,16,11,0.5,5
600,Marucci Elite Texas - Holden,1,1,0,19,18,0.5,6
600,Katy Bombers 9U,1,1,0,20,16,0.5,7
600,Houston Bandits 9u,0,2,0,24,18,0.0,8
600,Texas Elite Lobos - Gold,0,2,0,24,16,0.0,9
601,SOUTH COAST CREAM X.,2,0,0,12,24,1.0,1
601,Houston Bandits 9u,2,0,0,12,17,1.0,2
601,Banditos 9U Texas,1,1,0,13,14,0.5,3
601,Marucci Elite Texas - Holden,1,1,0,14,20,0.5,4
601,Texans,1,1,0,15,16,0.5,5
601,LC Legends,1,1,0,15,13,0.5,6
601,Katy Bombers 9U,1,1,0,20,16,0.5,7
601,Texas Elite Lobos - Gold,0,2,0,24,16,0.0,8
601,Lamar Elite - 9U - Red,0,2,0,24,13,0.0,9
602,SOUTH COAST CREAM X.,2,0,0,12,24,1.0,1
602,LC Legends,1,1,0,12,12,0.5,2
602,Houston Bandits 9u,1,1,0,15,20,0.5,3
602,Banditos 9U Texas,1,1,0,17,18,0.5,4
602,Texans,1,1,0,18,17,0.5,5
602,Marucci Elite Texas - Holden,1,1,0,20,19,0.5,6
602,Katy Bombers 9U,1,1,0,20,16,0.5,7
602,Lamar Elite - 9U - Red,1,1,0,22,18,0.5,8
602,Texas Elite Lobos - Gold,0,2,0,24,16,0.0,9
603,SOUTH COAST CREAM X.,2,0,0,12,24,1.0,1
603,Marucci Elite Texas - Holden,1,0,1,11,18,0.75,2
603,Houston Bandits 9u,1,0,1,12,13,0.75,3
603,Banditos 9U Texas,1,0,1,13,17,0.75,4
603,LC Legends,1,1,0,15,14,0.5,5
603,Katy Bombers 9U,1,1,0,20,16,0.5,6
603,Texans,0,1,1,19,16,0.25,7
603,Lamar Elite - 9U - Red,0,2,0,17,9,0.0,8
603,Texas Elite Lobos - Gold,0,2,0,24,16,0.0,9
604,Banditos 9U Texas,2,0,0,9,23,1.0,1
604,SOUTH COAST CREAM X.,2,0,0,12,24,1.0,2
604,Lamar Elite - 9U - Red,2,0,0,12,18,1.0,3
604,Marucci Elite Texas - Holden,1,1,0,12,16,0.5,4
604,Katy Bombers 9U,1,1,0,20,16,0.5,5
604,LC Legends,0,1,1,17,13,0.25,6
604,Texans,0,1,1,24,14,0.25,7
604,Houston Bandits 9u,0,2,0,23,13,0.0,8
604,Texas Elite Lobos - Gold,0,2,0,24,16,0.0,9
605,Banditos 9U Texas,2,0,0,11,18,1.0,1
605,SOUTH COAST CREAM X.,2,0,0,12,24,1.0,2
605,Lamar Elite - 9U - Red,2,0,0,13,19,1.0,3
605,Marucci Elite Texas - Holden,1,1,0,17,18,0.5,4
605,Texans,1,1,0,17,17,0.5,5
605,Katy Bombers 9U,1,1,0,20,16,0.5,6
605,LC Legends,0,2,0,18,11,0.0,7
605,Houston Bandits 9u,0,2,0,22,15,0.0,8
605,Texas Elite Lobos - Gold,0,2,0,24,16,0.0,9
606,SOUTH COAST CREAM X.,2,0,0,12,24,1.0,1
606,Houston Bandits 9u,2,0,0,17,24,1.0,2
606,Texans,1,0,1,24,25,0.75,3
606,Banditos 9U Texas,1,1,0,17,20,0.5,4
606,Lamar Elite - 9U - Red,1,1,0,17,18,0.5,5
606,Katy Bombers 9U,1,1,0,20,16,0.5,6
606,LC Legends,0,1,1,20,16,0.25,7
606,Marucci Elite Texas - Holden,0,2,0,17,9,0.0,8
606,Texas Elite Lobos - Gold,0,2,0,24,16,0.0,9
607,SOUTH COAST CREAM X.,2,0,0,12,24,1.0,1
607,Marucci Elite Texas - Holden,2,0,0,16,22,1.0,2
607,Lamar Elite - 9U - Red,1,1,0,16,17,0.5,3
607,LC Legends,1,1,0,16,15,0.5,4
607,Katy Bombers 9U,1,1,0,20,16,0.5,5
607,Banditos 9U Texas,1,1,0,23,22,0.5,6
607,Texans,1,1,0,25,27,0.5,7
607,Houston Bandits 9u,0,2,0,24,17,0.0,8
607,Texas Elite Lobos - Gold,0,2,0,24,16,0.0,9
608,SOUTH COAST CREAM X.,2,0,0,12,24,1.0,1
608,Texans,2,0,0,15,23,1.0,2
608,Houston Bandits 9u,2,0,0,19,26,1.0,3
608,Lamar Elite - 9U - Red,1,1,0,17,16,0.5,4
608,Banditos 9U Texas,1,1,0,20,17,0.5,5
608,Katy Bombers 9U,1,1,0,20,16,0.5,6
608,LC Legends,0,2,0,15,10,0.0,7
608,Texas Elite Lobos - Gold,0,2,0,24,16,0.0,8
608,Marucci Elite Texas - Holden,0,2,0,26,20,0.0,9
609,Texans,2,0,0,9,20,1.0,1
609,SOUTH COAST CREAM X.,2,0,0,12,24,1.0,2
609,Houston Bandits 9u,1,0,1,17,20,0.75,3
609,Banditos 9U Texas,1,1,0,18,13,0.5,4
609,Marucci Elite Texas - Holden,0,0,2,20,20,0.5,5
609,Katy Bombers 9U,1,1,0,20,16,0.5,6
609,Lamar Elite - 9U - Red,0,1,1,12,9,0.25,7
609,LC Legends,0,2,0,14,8,0.0,8
609,Texas Elite Lobos - Gold,0,2,0,24,16,0.0,9
610,SOUTH COAST CREAM X.,2,0,0,12,24,1.0,1
610,Texans,2,0,0,16,23,1.0,2
610,Lamar Elite - 9U - Red,1,0,1,18,22,0.75,3
610,Banditos 9U Texas,1,1,0,20,19,0.5,4
610,Katy Bombers 9U,1,1,0,20,16,0.5,5
610,Marucci Elite Texas - Holden,1,1,0,21,18,0.5,6
610,Houston Bandits 9u,0,1,1,20,19,0.25,7
610,LC Legends,0,2,0,15,9,0.0,8
610,Texas Elite Lobos - Gold,0,2,0,24,16,0.0,9
611,SOUTH COAST CREAM X.,2,0,0,12,24,1.0,1
611,Texans,2,0,0,17,21,1.0,2
611,Banditos 9U Texas,1,1,0,12,15,0.5,3
611,Lamar Elite - 9U - Red,1,1,0,13,16,0.5,4
611,Marucci Elite Texas - Holden,1,1,0,15,12,0.5,5
611,Houston Bandits 9u,1,1,0,17,17,0.5,6
611,Katy Bombers 9U,1,1,0,20,16,0.5,7
611,LC Legends,0,2,0,21,14,0.0,8
611,Texas Elite Lobos - Gold,0,2,0,24,16,0.0,9
612,SOUTH COAST CREAM X.,2,0,0,12,24,1.0,1
612,Banditos 9U Texas,2,0,0,14,21,1.0,2
612,Houston Bandits 9u,2,0,0,20,23,1.0,3
612,LC Legends,1,1,0,13,16,0.5,4
612,Lamar Elite - 9U - Red,1,1,0,19,22,0.5,5
612,Katy Bombers 9U,1,1,0,20,16,0.5,6
612,Texas Elite Lobos - Gold,0,2,0,24,16,0.0,7
612,Texans,0,2,0,25,15,0.0,8
612,Marucci Elite Texas - Holden,0,2,0,28,22,0.0,9
613,Texans,2,0,0,10,13,1.0,1
613,SOUTH COAST CREAM X.,2,0,0,12,24,1.0,2
613,Lamar Elite - 9U - Red,2,0,0,22,25,1.0,3
613,Banditos 9U Texas,1,1,0,10,12,0.5,4
613,Katy Bombers 9U,1,1,0,20,16,0.5,5
613,Marucci Elite Texas - Holden,1,1,0,26,26,0.5,6
613,LC Legends,0,2,0,15,10,0.0,7
613,Houston Bandits 9u,0,2,0,22,19,0.0,8
613,Texas Elite Lobos - Gold,0,2,0,24,16,0.0,9
614,SOUTH COAST CREAM X.,2,0,0,12,24,1.0,1
614,Lamar Elite - 9U - Red,2,0,0,15,21,1.0,2
614,Texans,2,0,0,19,29,1.0,3
614,Katy Bombers 9U,1,1,0,20,16,0.5,4
614,Banditos 9U Texas,1,1,0,21,23,0.5,5
614,Houston Bandits 9u,1,1,0,22,21,0.5,6
614,LC Legends,0,2,0,20,8,0.0,7
614,Marucci Elite Texas - Holden,0,2,0,23,18,0.0,8
614,Texas Elite Lobos - Gold,0,2,0,24,16,0.0,9
615,SOUTH COAST CREAM X.,2,0,0,12,24,1.0,1
615,Banditos 9U Texas,2,0,0,12,20,1.0,2
615,Lamar Elite - 9U - Red,2,0,0,14,24,1.0,3
615,Texans,1,1,0,19,19,0.5,4
615,Katy Bombers 9U,1,1,0,20,16,0.5,5
615,Marucci Elite Texas - Holden,1,1,0,21,17,0.5,6
615,LC Legends,0,2,0,19,11,0.0,7
615,Houston Bandits 9u,0,2,0,23,17,0.0,8
615,Texas Elite Lobos - Gold,0,2,0,24,16,0.0,9
616,SOUTH COAST CREAM X.,2,0,0,12,24,1.0,1
616,Texans,1,1,0,14,20,0.5,2
616,Banditos 9U Texas,1,1,0,15,11,0.5,3
616,LC Legends,1,1,0,17,15,0.5,4
616,Marucci Elite Texas - Holden,1,1,0,18,18,0.5,5
616,Houston Bandits 9u,1,1,0,20,21,0.5,6
616,Katy Bombers 9U,1,1,0,20,16,0.5,7
616,Lamar Elite - 9U - Red,1,1,0,23,22,0.5,8
616,Texas Elite Lobos - Gold,0,2,0,24,16,0.0,9
617,SOUTH COAST CREAM X.,2,0,0,12,24,1.0,1
617,Banditos 9U Texas,2,0,0,13,23,1.0,2
617,Lamar Elite - 9U - Red,1,0,1,13,14,0.75,3
617,LC Legends,1,1,0,16,18,0.5,4
617,Marucci Elite Texas - Holden,1,1,0,19,19,0.5,5
617,Katy Bombers 9U,1,1,0,20,16,0.5,6
617,Houston Bandits 9u,0,1,1,18,17,0.25,7
617,Texas Elite Lobos - Gold,0,2,0,24,16,0.0,8
617,Texans,0,2,0,29,17,0.0,9
618,Banditos 9U Texas,2,0,0,11,20,1.0,1
618,SOUTH COAST CREAM X.,2,0,0,12,24,1.0,2
618,LC Legends,1,1,0,14,12,0.5,3
618,Houston Bandits 9u,1,1,0,19,22,0.5,4
618,Marucci Elite Texas - Holden,1,1,0,19,21,0.5,5
618,Katy Bombers 9U,1,1,0,20,16,0.5,6
618,Lamar Elite - 9U - Red,1,1,0,26,21,0.5,7
618,Texans,0,2,0,20,13,0.0,8
618,Texas Elite Lobos - Gold,0,2,0,24,16,0.0,9
619,SOUTH COAST CREAM X.,2,0,0,12,24,1.0,1
619,Banditos 9U Texas,2,0,0,16,25,1.0,2
619,Houston Bandits 9u,1,1,0,17,17,0.5,3
619,Katy Bombers 9U,1,1,0,20,16,0.5,4
619,Lamar Elite - 9U - Red,1,1,0,21,21,0.5,5
619,Marucci Elite Texas - Holden,1,1,0,23,23,0.5,6
619,Texans,1,1,0,27,23,0.5,7
619,LC Legends,0,2,0,19,14,0.0,8
619,Texas Elite Lobos - Gold,0,2,0,24,16,0.0,9
620,SOUTH COAST CREAM X.,2,0,0,12,24,1.0,1
620,Banditos 9U Texas,2,0,0,12,22,1.0,2
620,Houston Bandits 9u,1,0,1,17,18,0.75,3
620,Marucci Elite Texas - Holden,1,1,0,15,16,0.5,4
620,Katy Bombers 9U,1,1,0,20,16,0.5,5
620,Texans,1,1,0,21,19,0.5,6
620,Lamar Elite - 9U - Red,0,1,1,17,15,0.25,7
620,LC Legends,0,2,0,19,11,0.0,8
620,Texas Elite Lobos - Gold,0,2,0,24,16,0.0,9
621,SOUTH COAST CREAM X.,2,0,0,12,24,1.0,1
621,Houston Bandits 9u,1,0,1,25,27,0.75,2
621,LC Legends,1,1,0,13,10,0.5,3
621,Banditos 9U Texas,1,1,0,16,19,0.5,4
621,Texans,1,1,0,17,17,0.5,5
621,Katy Bombers 9U,1,1,0,20,16,0.5,6
621,Marucci Elite Texas - Holden,1,1,0,23,25,0.5,7
621,Lamar Elite - 9U - Red,0,1,1,28,24,0.25,8
621,Texas Elite Lobos - Gold,0,2,0,24,16,0.0,9
622,SOUTH COAST CREAM X.,2,0,0,12,24,1.0,1
622,Marucci Elite Texas - Holden,2,0,0,13,22,1.0,2
622,Texans,2,0,0,17,25,1.0,3
622,Banditos 9U Texas,1,1,0,16,15,0.5,4
622,Lamar Elite - 9U - Red,1,1,0,20,18,0.5,5
622,Katy Bombers 9U,1,1,0,20,16,0.5,6
622,Houston Bandits 9u,0,2,0,19,12,0.0,7
622,LC Legends,0,2,0,21,14,0.0,8
622,Texas Elite Lobos - Gold,0,2,0,24,16,0.0,9
623,Banditos 9U Texas,2,0,0,11,18,1.0,1
623,SOUTH COAST CREAM X.,2,0,0,12,24,1.0,2
623,Lamar Elite - 9U - Red,2,0,0,15,19,1.0,3
623,Marucci Elite Texas - Holden,1,1,0,14,14,0.5,4
623,Texans,1,1,0,18,16,0.5,5
623,Katy Bombers 9U,1,1,0,20,16,0.5,6
623,LC Legends,0,2,0,17,12,0.0,7
623,Houston Bandits 9u,0,2,0,18,14,0.0,8
623,Texas Elite Lobos - Gold,0,2,0,24,16,0.0,9
624,SOUTH COAST CREAM X.,2,0,0,12,24,1.0,1
624,Texans,2,0,0,18,25,1.0,2
624,Lamar Elite - 9U - Red,2,0,0,19,22,1.0,3
624,Banditos 9U Texas,1,1,0,19,17,0.5,4
624,Houston Bandits 9u,1,1,0,20,22,0.5,5
624,Katy Bombers 9U,1,1,0,20,16,0.5,6
624,LC Legends,0,2,0,18,13,0.0,7
624,Marucci Elite Texas - Holden,0,2,0,20,15,0.0,8
624,Texas Elite Lobos - Gold,0,2,0,24,16,0.0,9
625,Banditos 9U Texas,2,0,0,11,17,1.0,1
625,SOUTH COAST CREAM X.,2,0,0,12,24,1.0,2
625,Marucci Elite Texas - Holden,2,0,0,21,25,1.0,3
625,Texans,1,1,0,14,15,0.5,4
625,Katy Bombers 9U,1,1,0,20,16,0.5,5
625,Lamar Elite - 9U - Red,1,1,0,26,26,0.5,6
625,LC Legends,0,2,0,16,9,0.0,7
625,Houston Bandits 9u,0,2,0,23,19,0.0,8
625,Texas Elite Lobos - Gold,0,2,0,24,16,0.0,9
626,SOUTH COAST CREAM X.,2,0,0,12,24,1.0,1
626,Houston Bandits 9u,2,0,0,14,19,1.0,2
626,LC Legends,1,1,0,12,15,0.5,3
626,Marucci Elite Texas - Holden,1,1,0,13,16,0.5,4
626,Texans,1,1,0,19,21,0.5,5
626,Katy Bombers 9U,1,1,0,20,16,0.5,6
626,Banditos 9U Texas,1,1,0,21,16,0.5,7
626,Lamar Elite - 9U - Red,0,2,0,22,14,0.0,8
626,Texas Elite Lobos - Gold,0,2,0,24,16,0.0,9
627,SOUTH COAST CREAM X.,2,0,0,12,24,1.0,1
627,Banditos 9U Texas,2,0,0,12,17,1.0,2
627,Lamar Elite - 9U - Red,1,1,0,14,16,0.5,3
627,Houston Bandits 9u,1,1,0,19,22,0.5,4
627,Marucci Elite Texas - Holden,1,1,0,19,14,0.5,5
627,Katy Bombers 9U,1,1,0,20,16,0.5,6
627,LC Legends,0,1,1,16,12,0.25,7
627,Texans,0,1,1,17,16,0.25,8
627,Texas Elite Lobos - Gold,0,2,0,24,16,0.0,9
628,Lamar Elite - 9U - Red,2,0,0,11,19,1.0,1
628,SOUTH COAST CREAM X.,2,0,0,12,24,1.0,2
628,Marucci Elite Texas - Holden,1,1,0,11,17,0.5,3
628,LC Legends,1,1,0,12,10,0.5,4
628,Texans,1,1,0,14,18,0.5,5
628,Banditos 9U Texas,1,1,0,18,16,0.5,6
628,Katy Bombers 9U,1,1,0,20,16,0.5,7
628,Texas Elite Lobos - Gold,0,2,0,24,16,0.0,8
628,Houston Bandits 9u,0,2,0,25,11,0.0,9
629,SOUTH COAST CREAM X.,2,0,0,12,24,1.0,1
629,Texans,2,0,0,14,25,1.0,2
629,Marucci Elite Texas - Holden,1,0,1,17,18,0.75,3
629,Lamar Elite - 9U - Red,1,0,1,18,19,0.75,4
629,Banditos 9U Texas,1,1,0,17,15,0.5,5
629,Katy Bombers 9U,1,1,0,20,16,0.5,6
629,Houston Bandits 9u,0,2,0,15,13,0.0,7
629,LC Legends,0,2,0,20,11,0.0,8
629,Texas Elite Lobos - Gold,0,2,0,24,16,0.0,9
630,SOUTH COAST CREAM X.,2,0,0,12,24,1.0,1
630,Marucci Elite Texas - Holden,2,0,0,13,22,1.0,2
630,Banditos 9U Texas,2,0,0,13,21,1.0,3
630,Lamar Elite - 9U - Red,1,1,0,19,19,0.5,4
630,Katy Bombers 9U,1,1,0,20,16,0.5,5
630,Texans,1,1,0,22,22,0.5,6
630,LC Legends,0,2,0,21,13,0.0,7
630,Texas Elite Lobos - Gold,0,2,0,24,16,0.0,8
630,Houston Bandits 9u,0,2,0,25,16,0.0,9
631,SOUTH COAST CREAM X.,2,0,0,12,24,1.0,1
631,Banditos 9U Texas,2,0,0,12,23,1.0,2
631,Houston Bandits 9u,2,0,0,17,20,1.0,3
631,Marucci Elite Texas - Holden,1,1,0,16,22,0.5,4
631,LC Legends,1,1,0,18,18,0.5,5
631,Katy Bombers 9U,1,1,0,20,16,0.5,6
631,Texas Elite Lobos - Gold,0,2,0,24,16,0.0,7
631,Lamar Elite - 9U - Red,0,2,0,27,18,0.0,8
631,Texans,0,2,0,29,18,0.0,9
632,SOUTH COAST CREAM X.,2,0,0,12,24,1.0,1
632,Lamar Elite - 9U - Red,2,0,0,18,25,1.0,2
632,LC Legends,1,1,0,16,18,0.5,3
632,Houston Bandits 9u,1,1,0,18,21,0.5,4
632,Banditos 9U Texas,1,1,0,18,13,0.5,5
632,Texans,1,1,0,19,22,0.5,6
632,Katy Bombers 9U,1,1,0,20,16,0.5,7
632,Texas Elite Lobos - Gold,0,2,0,24,16,0.0,8
632,Marucci Elite Texas - Holden,0,2,0,24,14,0.0,9
633,SOUTH COAST CREAM X.,2,0,0,12,24,1.0,1
633,Marucci Elite Texas - Holden,2,0,0,21,24,1.0,2
633,Texans,1,0,1,11,18,0.75,3
633,Banditos 9U Texas,1,1,0,14,11,0.5,4
633,Katy Bombers 9U,1,1,0,20,16,0.5,5
633,LC Legends,0,1,1,16,12,0.25,6
633,Houston Bandits 9u,0,1,1,19,17,0.25,7
633,Lamar Elite - 9U - Red,0,1,1,25,24,0.25,8
633,Texas Elite Lobos - Gold,0,2,0,24,16,0.0,9
634,SOUTH COAST CREAM X.,2,0,0,12,24,1.0,1
634,Texans,1,0,1,12,16,0.75,2
634,Banditos 9U Texas,1,1,0,12,12,0.5,3
634,Marucci Elite Texas - Holden,1,1,0,15,16,0.5,4
634,Lamar Elite - 9U - Red,1,1,0,19,19,0.5,5
634,Houston Bandits 9u,1,1,0,20,19,0.5,6
634,Katy Bombers 9U,1,1,0,20,16,0.5,7
634,LC Legends,0,1,1,16,12,0.25,8
634,Texas Elite Lobos - Gold,0,2,0,24,16,0.0,9
635,SOUTH COAST CREAM X.,2,0,0,12,24,1.0,1
635,Houston Bandits 9u,2,0,0,16,18,1.0,2
635,Texans,1,0,1,21,23,0.75,3
635,Banditos 9U Texas,1,1,0,19,21,0.5,4
635,Katy Bombers 9U,1,1,0,20,16,0.5,5
635,Lamar Elite - 9U - Red,1,1,0,21,24,0.5,6
635,LC Legends,0,1,1,16,12,0.25,7
635,Marucci Elite Texas - Holden,0,2,0,21,16,0.0,8
635,Texas Elite Lobos - Gold,0,2,0,24,16,0.0,9
636,SOUTH COAST CREAM X.,2,0,0,12,24,1.0,1
636,Marucci Elite Texas - Holden,2,0,0,16,23,1.0,2
636,Texans,1,1,0,13,20,0.5,3
636,LC Legends,1,1,0,15,12,0.5,4
636,Banditos 9U Texas,1,1,0,17,13,0.5,5
636,Lamar Elite - 9U - Red,1,1,0,19,15,0.5,6
636,Katy Bombers 9U,1,1,0,20,16,0.5,7
636,Houston Bandits 9u,0,2,0,19,16,0.0,8
636,Texas Elite Lobos - Gold,0,2,0,24,16,0.0,9
637,SOUTH COAST CREAM X.,2,0,0,12,24,1.0,1
637,Houston Bandits 9u,2,0,0,13,19,1.0,2
637,Texans,2,0,0,16,21,1.0,3
637,Banditos 9U Texas,1,1,0,13,14,0.5,4
637,Lamar Elite - 9U - Red,1,1,0,18,21,0.5,5
637,Katy Bombers 9U,1,1,0,20,16,0.5,6
637,LC Legends,0,2,0,20,14,0.0,7
637,Texas Elite Lobos - Gold,0,2,0,24,16,0.0,8
637,Marucci Elite Texas - Holden,0,2,0,27,18,0.0,9
638,SOUTH COAST CREAM X.,2,0,0,12,24,1.0,1
638,Texans,2,0,0,15,25,1.0,2
638,Marucci Elite Texas - Holden,2,0,0,22,28,1.0,3
638,Lamar Elite - 9U - Red,1,1,0,18,21,0.5,4
638,Katy Bombers 9U,1,1,0,20,16,0.5,5
638,Banditos 9U Texas,1,1,0,20,15,0.5,6
638,LC Legends,0,2,0,17,12,0.0,7
638,Texas Elite Lobos - Gold,0,2,0,24,16,0.0,8
638,Houston Bandits 9u,0,2,0,26,17,0.0,9
639,Banditos 9U Texas,2,0,0,9,18,1.0,1
639,SOUTH COAST CREAM X.,2,0,0,12,24,1.0,2
639,Lamar Elite - 9U - Red,2,0,0,14,18,1.0,3
639,Texans,1,1,0,17,13,0.5,4
639,Marucci Elite Texas - Holden,1,1,0,20,23,0.5,5
639,Katy Bombers 9U,1,1,0,20,16,0.5,6
639,LC Legends,0,2,0,16,11,0.0,7
639,Texas Elite Lobos - Gold,0,2,0,24,16,0.0,8
639,Houston Bandits 9u,0,2,0,26,19,0.0,9
640,SOUTH COAST CREAM X.,2,0,0,12,24,1.0,1
640,Marucci Elite Texas - Holden,1,0,1,15,17,0.75,2
640,Banditos 9U Texas,1,1,0,16,17,0.5,3
640,Lamar Elite - 9U - Red,1,1,0,18,17,0.5,4
640,LC Legends,1,1,0,18,16,0.5,5
640,Katy Bombers 9U,1,1,0,20,16,0.5,6
640,Texans,1,1,0,21,22,0.5,7
640,Houston Bandits 9u,0,1,1,20,19,0.25,8
640,Texas Elite Lobos - Gold,0,2,0,24,16,0.0,9
641,Banditos 9U Texas,2,0,0,11,16,1.0,1
641,SOUTH COAST CREAM X.,2,0,0,12,24,1.0,2
641,Texans,1,1,0,16,16,0.5,3
641,Houston Bandits 9u,1,1,0,20,22,0.5,4
641,Lamar Elite - 9U - Red,1,1,0,20,21,0.5,5
641,Katy Bombers 9U,1,1,0,20,16,0.5,6
641,Marucci Elite Texas - Holden,1,1,0,28,25,0.5,7
641,LC Legends,0,2,0,17,12,0.0,8
641,Texas Elite Lobos - Gold,0,2,0,24,16,0.0,9
642,SOUTH COAST CREAM X.,2,0,0,12,24,1.0,1
642,Banditos 9U Texas,2,0,0,12,17,1.0,2
642,LC Legends,1,1,0,16,16,0.5,3
642,Lamar Elite - 9U - Red,1,1,0,17,21,0.5,4
642,Marucci Elite Texas - Holden,1,1,0,17,15,0.5,5
642,Katy Bombers 9U,1,1,0,20,16,0.5,6
642,Houston Bandits 9u,1,1,0,21,19,0.5,7
642,Texans,0,2,0,21,16,0.0,8
642,Texas Elite Lobos - Gold,0,2,0,24,16,0.0,9
643,Marucci Elite Texas - Holden,2,0,0,10,24,1.0,1
643,SOUTH COAST CREAM X.,2,0,0,12,24,1.0,2
643,Banditos 9U Texas,1,0,1,13,17,0.75,3
643,LC Legends,1,1,0,13,14,0.5,4
643,Katy Bombers 9U,1,1,0,20,16,0.5,5
643,Houston Bandits 9u,1,1,0,21,19,0.5,6
643,Texans,0,1,1,19,14,0.25,7
643,Lamar Elite - 9U - Red,0,2,0,22,10,0.0,8
643,Texas Elite Lobos - Gold,0,2,0,24,16,0.0,9
644,SOUTH COAST CREAM X.,2,0,0,12,24,1.0,1
644,Banditos 9U Texas,2,0,0,12,21,1.0,2
644,Marucci Elite Texas - Holden,2,0,0,16,24,1.0,3
644,LC Legends,1,1,0,19,19,0.5,4
644,Houston Bandits 9u,1,1,0,20,22,0.5,5
644,Katy Bombers 9U,1,1,0,20,16,0.5,6
644,Lamar Elite - 9U - Red,0,2,0,23,13,0.0,7
644,Texas Elite Lobos - Gold,0,2,0,24,16,0.0,8
644,Texans,0,2,0,28,19,0.0,9
645,SOUTH COAST CREAM X.,2,0,0,12,24,1.0,1
645,Banditos 9U Texas,2,0,0,12,17,1.0,2
645,Marucci Elite Texas - Holden,2,0,0,16,21,1.0,3
645,Houston Bandits 9u,1,1,0,15,20,0.5,4
645,LC Legends,1,1,0,19,23,0.5,5
645,Katy Bombers 9U,1,1,0,20,16,0.5,6
645,Texas Elite Lobos - Gold,0,2,0,24,16,0.0,7
645,Lamar Elite - 9U - Red,0,2,0,26,16,0.0,8
645,Texans,0,2,0,28,19,0.0,9
646,SOUTH COAST CREAM X.,2,0,0,12,24,1.0,1
646,Houston Bandits 9u,2,0,0,13,17,1.0,2
646,Banditos 9U Texas,1,0,1,16,20,0.75,3
646,Marucci Elite Texas - Holden,1,1,0,17,21,0.5,4
646,Texans,0,0,2,20,20,0.5,5
646,Katy Bombers 9U,1,1,0,20,16,0.5,6
646,LC Legends,0,1,1,16,12,0.25,7
646,Lamar Elite - 9U - Red,0,2,0,19,11,0.0,8
646,Texas Elite Lobos - Gold,0,2,0,24,16,0.0,9
647,SOUTH COAST CREAM X.,2,0,0,12,24,1.0,1
647,Texans,2,0,0,18,24,1.0,2
647,Houston Bandits 9u,1,0,1,12,20,0.75,3
647,Marucci Elite Texas - Holden,1,0,1,14,15,0.75,4
647,Banditos 9U Texas,1,1,0,17,18,0.5,5
647,Katy Bombers 9U,1,1,0,20,16,0.5,6
647,LC Legends,0,2,0,19,12,0.0,7
647,Lamar Elite - 9U - Red,0,2,0,23,14,0.0,8
647,Texas Elite Lobos - Gold,0,2,0,24,16,0.0,9
648,SOUTH COAST CREAM X.,2,0,0,12,24,1.0,1
648,Lamar Elite - 9U - Red,2,0,0,19,28,1.0,2
648,Texans,1,1,0,15,21,0.5,3
648,LC Legends,1,1,0,16,17,0.5,4
648,Banditos 9U Texas,1,1,0,17,10,0.5,5
648,Katy Bombers 9U,1,1,0,20,16,0.5,6
648,Marucci Elite Texas - Holden,1,1,0,21,21,0.5,7
648,Texas Elite Lobos - Gold,0,2,0,24,16,0.0,8
648,Houston Bandits 9u,0,2,0,25,16,0.0,9
649,SOUTH COAST CREAM X.,2,0,0,12,24,1.0,1
649,Lamar Elite - 9U - Red,2,0,0,12,17,1.0,2
649,Texans,2,0,0,15,18,1.0,3
649,Marucci Elite Texas - Holden,1,1,0,14,19,0.5,4
649,Banditos 9U Texas,1,1,0,14,16,0.5,5
649,Katy Bombers 9U,1,1,0,20,16,0.5,6
649,LC Legends,0,2,0,16,11,0.0,7
649,Houston Bandits 9u,0,2,0,21,11,0.0,8
649,Texas Elite Lobos - Gold,0,2,0,24,16,0.0,9
650,SOUTH COAST CREAM X.,2,0,0,12,24,1.0,1
650,Banditos 9U Texas,2,0,0,12,18,1.0,2
650,Houston Bandits 9u,1,1,0,14,23,0.5,3
650,LC Legends,1,1,0,14,15,0.5,4
650,Lamar Elite - 9U - Red,1,1,0,19,19,0.5,5
650,Katy Bombers 9U,1,1,0,20,16,0.5,6
650,Marucci Elite Texas - Holden,1,1,0,26,17,0.5,7
650,Texans,0,2,0,21,14,0.0,8
650,Texas Elite Lobos - Gold,0,2,0,24,16,0.0,9
651,SOUTH COAST CREAM X.,2,0,0,12,24,1.0,1
651,Banditos 9U Texas,2,0,0,13,19,1.0,2
651,Lamar Elite - 9U - Red,2,0,0,15,21,1.0,3
651,Houston Bandits 9u,1,1,0,14,15,0.5,4
651,LC Legends,1,1,0,14,12,0.5,5
651,Katy Bombers 9U,1,1,0,20,16,0.5,6
651,Texans,0,2,0,19,15,0.0,7
651,Texas Elite Lobos - Gold,0,2,0,24,16,0.0,8
651,Marucci Elite Texas - Holden,0,2,0,25,18,0.0,9
652,SOUTH COAST CREAM X.,2,0,0,12,24,1.0,1
652,LC Legends,1,1,0,13,23,0.5,2
652,Lamar Elite - 9U - Red,1,1,0,13,15,0.5,3
652,Banditos 9U Texas,1,1,0,18,14,0.5,4
652,Houston Bandits 9u,1,1,0,19,19,0.5,5
652,Katy Bombers 9U,1,1,0,20,16,0.5,6
652,Marucci Elite Texas - Holden,1,1,0,21,19,0.5,7
652,Texans,1,1,0,25,19,0.5,8
652,Texas Elite Lobos - Gold,0,2,0,24,16,0.0,9
653,Banditos 9U Texas,2,0,0,9,16,1.0,1
653,SOUTH COAST CREAM X.,2,0,0,12,24,1.0,2
653,Lamar Elite - 9U - Red,2,0,0,12,17,1.0,3
653,Marucci Elite Texas - Holden,1,1,0,13,22,0.5,4
653,Texans,1,1,0,19,19,0.5,5
653,Katy Bombers 9U,1,1,0,20,16,0.5,6
653,LC Legends,0,2,0,22,15,0.0,7
653,Texas Elite Lobos - Gold,0,2,0,24,16,0.0,8
653,Houston Bandits 9u,0,2,0,28,14,0.0,9
654,SOUTH COAST CREAM X.,2,0,0,12,24,1.0,1
654,Banditos 9U Texas,2,0,0,12,20,1.0,2
654,Marucci Elite Texas - Holden,2,0,0,14,17,1.0,3
654,LC Legends,1,1,0,15,18,0.5,4
654,Houston Bandits 9u,1,1,0,16,18,0.5,5
654,Katy Bombers 9U,1,1,0,20,16,0.5,6
654,Lamar Elite - 9U - Red,0,2,0,19,14,0.0,7
654,Texas Elite Lobos - Gold,0,2,0,24,16,0.0,8
654,Texans,0,2,0,26,15,0.0,9
655,SOUTH COAST CREAM X.,2,0,0,12,24,1.0,1
655,Banditos 9U Texas,1,1,0,14,15,0.5,2
655,Texans,1,1,0,16,18,0.5,3
655,LC Legends,1,1,0,16,13,0.5,4
655,Marucci Elite Texas - Holden,1,1,0,17,20,0.5,5
655,Lamar Elite - 9U - Red,1,1,0,18,17,0.5,6
655,Houston Bandits 9u,1,1,0,20,18,0.5,7
655,Katy Bombers 9U,1,1,0,20,16,0.5,8
655,Texas Elite Lobos - Gold,0,2,0,24,16,0.0,9
656,SOUTH COAST CREAM X.,2,0,0,12,24,1.0,1
656,Banditos 9U Texas,2,0,0,12,20,1.0,2
656,Lamar Elite - 9U - Red,2,0,0,14,26,1.0,3
656,LC Legends,1,1,0,14,17,0.5,4
656,Katy Bombers 9U,1,1,0,20,16,0.5,5
656,Houston Bandits 9u,1,1,0,21,21,0.5,6
656,Texas Elite Lobos - Gold,0,2,0,24,16,0.0,7
656,Texans,0,2,0,25,14,0.0,8
656,Marucci Elite Texas - Holden,0,2,0,28,16,0.0,9
657,SOUTH COAST CREAM X.,2,0,0,12,24,1.0,1
657,Lamar Elite - 9U - Red,2,0,0,12,21,1.0,2
657,Banditos 9U Texas,2,0,0,13,19,1.0,3
657,LC Legends,1,1,0,12,14,0.5,4
657,Houston Bandits 9u,1,1,0,17,17,0.5,5
657,Katy Bombers 9U,1,1,0,20,16,0.5,6
657,Marucci Elite Texas - Holden,0,2,0,19,10,0.0,7
657,Texans,0,2,0,21,13,0.0,8
657,Texas Elite Lobos - Gold,0,2,0,24,16,0.0,9
658,SOUTH COAST CREAM X.,2,0,0,12,24,1.0,1
658,Texans,2,0,0,16,28,1.0,2
658,Banditos 9U Texas,1,1,0,19,14,0.5,3
658,Houston Bandits 9u,1,1,0,20,16,0.5,4
658,Katy Bombers 9U,1,1,0,20,16,0.5,5
658,Lamar Elite - 9U - Red,1,1,0,21,28,0.5,6
658,Marucci Elite Texas - Holden,1,1,0,27,24,0.5,7
658,LC Legends,0,2,0,21,14,0.0,8
658,Texas Elite Lobos - Gold,0,2,0,24,16,0.0,9
659,SOUTH COAST CREAM X.,2,0,0,12,24,1.0,1
659,Houston Bandits 9u,1,0,1,19,22,0.75,2
659,Marucci Elite Texas - Holden,0,0,2,14,14,0.5,3
659,Banditos 9U Texas,1,1,0,14,14,0.5,4
659,LC Legends,1,1,0,15,16,0.5,5
659,Texans,1,1,0,18,17,0.5,6
659,Katy Bombers 9U,1,1,0,20,16,0.5,7
659,Lamar Elite - 9U - Red,0,1,1,22,19,0.25,8
659,Texas Elite Lobos - Gold,0,2,0,24,16,0.0,9
660,SOUTH COAST CREAM X.,2,0,0,12,24,1.0,1
660,Banditos 9U Texas,2,0,0,13,20,1.0,2
660,Lamar Elite - 9U - Red,2,0,0,16,22,1.0,3
660,Houston Bandits 9u,1,1,0,16,17,0.5,4
660,Katy Bombers 9U,1,1,0,20,16,0.5,5
660,Texans,1,1,0,22,24,0.5,6
660,Marucci Elite Texas - Holden,0,2,0,20,13,0.0,7
660,LC Legends,0,2,0,23,14,0.0,8
660,Texas Elite Lobos - Gold,0,2,0,24,16,0.0,9
661,SOUTH COAST CREAM X.,2,0,0,12,24,1.0,1
661,Marucci Elite Texas - Holden,2,0,0,19,24,1.0,2
661,Banditos 9U Texas,1,0,1,11,15,0.75,3
661,Texans,1,0,1,12,15,0.75,4
661,Lamar Elite - 9U - Red,1,1,0,17,21,0.5,5
661,Katy Bombers 9U,1,1,0,20,16,0.5,6
661,LC Legends,0,2,0,16,9,0.0,7
661,Houston Bandits 9u,0,2,0,22,13,0.0,8
661,Texas Elite Lobos - Gold,0,2,0,24,16,0.0,9
662,SOUTH COAST CREAM X.,2,0,0,12,24,1.0,1
662,Banditos 9U Texas,2,0,0,17,24,1.0,2
662,LC Legends,1,1,0,11,12,0.5,3
662,Marucci Elite Texas - Holden,1,1,0,14,18,0.5,4
662,Houston Bandits 9u,1,1,0,17,19,0.5,5
662,Lamar Elite - 9U - Red,1,1,0,19,13,0.5,6
662,Katy Bombers 9U,1,1,0,20,16,0.5,7
662,Texans,0,2,0,24,16,0.0,8
662,Texas Elite Lobos - Gold,0,2,0,24,16,0.0,9
663,SOUTH COAST CREAM X.,2,0,0,12,24,1.0,1
663,Banditos 9U Texas,2,0,0,12,22,1.0,2
663,Texans,1,1,0,18,18,0.5,3
663,Katy Bombers 9U,1,1,0,20,16,0.5,4
663,Houston Bandits 9u,1,1,0,21,26,0.5,5
663,Marucci Elite Texas - Holden,1,1,0,22,24,0.5,6
663,Lamar Elite - 9U - Red,1,1,0,22,15,0.5,7
663,LC Legends,0,2,0,18,8,0.0,8
663,Texas Elite Lobos - Gold,0,2,0,24,16,0.0,9
664,SOUTH COAST CREAM X.,2,0,0,12,24,1.0,1
664,Lamar Elite - 9U - Red,2,0,0,14,25,1.0,2
664,Banditos 9U Texas,1,0,1,16,20,0.75,3
664,LC Legends,1,1,0,14,13,0.5,4
664,Katy Bombers 9U,1,1,0,20,16,0.5,5
664,Marucci Elite Texas - Holden,1,1,0,21,18,0.5,6
664,Texans,0,1,1,21,18,0.25,7
664,Houston Bandits 9u,0,2,0,23,15,0.0,8
664,Texas Elite Lobos - Gold,0,2,0,24,16,0.0,9
665,SOUTH COAST CREAM X.,2,0,0,12,24,1.0,1
665,Texans,2,0,0,12,20,1.0,2
665,Houston Bandits 9u,1,1,0,14,15,0.5,3
665,Lamar Elite - 9U - Red,1,1,0,15,18,0.5,4
665,Marucci Elite Texas - Holden,1,1,0,16,12,0.5,5
665,Banditos 9U Texas,1,1,0,17,16,0.5,6
665,Katy Bombers 9U,1,1,0,20,16,0.5,7
665,LC Legends,0,2,0,15,8,0.0,8
665,Texas Elite Lobos - Gold,0,2,0,24,16,0.0,9
666,SOUTH COAST CREAM X.,2,0,0,12,24,1.0,1
666,Banditos 9U Texas,2,0,0,15,21,1.0,2
666,Houston Bandits 9u,1,1,0,18,21,0.5,3
666,Lamar Elite - 9U - Red,1,1,0,18,17,0.5,4
666,Texans,1,1,0,20,20,0.5,5
666,Marucci Elite Texas - Holden,1,1,0,20,18,0.5,6
666,Katy Bombers 9U,1,1,0,20,16,0.5,7
666,LC Legends,0,2,0,17,11,0.0,8
666,Texas Elite Lobos - Gold,0,2,0,24,16,0.0,9
667,SOUTH COAST CREAM X.,2,0,0,12,24,1.0,1
667,Banditos 9U Texas,1,1,0,13,13,0.5,2
667,LC Legends,1,1,0,17,22,0.5,3
667,Houston Bandits 9u,1,1,0,18,21,0.5,4
667,Lamar Elite - 9U - Red,1,1,0,19,24,0.5,5
667,Katy Bombers 9U,1,1,0,20,16,0.5,6
667,Texans,1,1,0,23,18,0.5,7
667,Marucci Elite Texas - Holden,1,1,0,23,15,0.5,8
667,Texas Elite Lobos - Gold,0,2,0,24,16,0.0,9
668,SOUTH COAST CREAM X.,2,0,0,12,24,1.0,1
668,Marucci Elite Texas - Holden,1,0,1,17,24,0.75,2
668,Texans,1,0,1,18,24,0.75,3
668,Banditos 9U Texas,1,1,0,18,16,0.5,4
668,Katy Bombers 9U,1,1,0,20,16,0.5,5
668,Houston Bandits 9u,1,1,0,24,19,0.5,6
668,Lamar Elite - 9U - Red,0,1,1,16,14,0.25,7
668,LC Legends,0,1,1,18,14,0.25,8
668,Texas Elite Lobos - Gold,0,2,0,24,16,0.0,9
669,SOUTH COAST CREAM X.,2,0,0,12,24,1.0,1
669,Banditos 9U Texas,1,0,1,13,17,0.75,2
669,Marucci Elite Texas - Holden,1,1,0,16,23,0.5,3
669,Lamar Elite - 9U - Red,1,1,0,18,18,0.5,4
669,Texans,0,0,2,19,19,0.5,5
669,Katy Bombers 9U,1,1,0,20,16,0.5,6
669,Houston Bandits 9u,1,1,0,29,22,0.5,7
669,LC Legends,0,1,1,18,14,0.25,8
669,Texas Elite Lobos - Gold,0,2,0,24,16,0.0,9
670,SOUTH COAST CREAM X.,2,0,0,12,24,1.0,1
670,Houston Bandits 9u,2,0,0,16,24,1.0,2
670,Banditos 9U Texas,1,0,1,14,18,0.75,3
670,Texans,1,0,1,16,17,0.75,4
670,Katy Bombers 9U,1,1,0,20,16,0.5,5
670,Marucci Elite Texas - Holden,1,1,0,21,22,0.5,6
670,LC Legends,0,2,0,15,10,0.0,7
670,Texas Elite Lobos - Gold,0,2,0,24,16,0.0,8
670,Lamar Elite - 9U - Red,0,2,0,25,16,0.0,9
671,SOUTH COAST CREAM X.,2,0,0,12,24,1.0,1
671,Texans,2,0,0,13,16,1.0,2
671,Houston Bandits 9u,1,0,1,22,23,0.75,3
671,Lamar Elite - 9U - Red,1,0,1,26,28,0.75,4
671,Banditos 9U Texas,1,1,0,14,17,0.5,5
671,Katy Bombers 9U,1,1,0,20,16,0.5,6
671,LC Legends,0,2,0,14,8,0.0,7
671,Marucci Elite Texas - Holden,0,2,0,19,16,0.0,8
671,Texas Elite Lobos - Gold,0,2,0,24,16,0.0,9
672,SOUTH COAST CREAM X.,2,0,0,12,24,1.0,1
672,Texans,2,0,0,12,23,1.0,2
672,Houston Bandits 9u,2,0,0,15,19,1.0,3
672,Banditos 9U Texas,1,1,0,17,13,0.5,4
672,Lamar Elite - 9U - Red,1,1,0,19,21,0.5,5
672,Katy Bombers 9U,1,1,0,20,16,0.5,6
672,LC Legends,0,2,0,18,11,0.0,7
672,Marucci Elite Texas - Holden,0,2,0,22,16,0.0,8
672,Texas Elite Lobos - Gold,0,2,0,24,16,0.0,9
673,SOUTH COAST CREAM X.,2,0,0,12,24,1.0,1
673,Texans,2,0,0,15,25,1.0,2
673,Marucci Elite Texas - Holden,2,0,0,18,21,1.0,3
673,Banditos 9U Texas,1,1,0,19,16,0.5,4
673,Katy Bombers 9U,1,1,0,20,16,0.5,5
673,Houston Bandits 9u,1,1,0,22,25,0.5,6
673,LC Legends,0,2,0,18,11,0.0,7
673,Lamar Elite - 9U - Red,0,2,0,20,14,0.0,8
673,Texas Elite Lobos - Gold,0,2,0,24,16,0.0,9
674,SOUTH COAST CREAM X.,2,0,0,12,24,1.0,1
674,Texans,1,0,1,18,19,0.75,2
674,Marucci Elite Texas - Holden,1,1,0,15,19,0.5,3
674,Lamar Elite - 9U - Red,1,1,0,15,17,0.5,4
674,Banditos 9U Texas,1,1,0,16,19,0.5,5
674,Katy Bombers 9U,1,1,0,20,16,0.5,6
674,Houston Bandits 9u,1,1,0,23,17,0.5,7
674,LC Legends,0,1,1,15,11,0.25,8
674,Texas Elite Lobos - Gold,0,2,0,24,16,0.0,9
675,SOUTH COAST CREAM X.,2,0,0,12,24,1.0,1
675,Lamar Elite - 9U - Red,2,0,0,14,16,1.0,2
675,Houston Bandits 9u,1,1,0,15,17,0.5,3
675,Katy Bombers 9U,1,1,0,20,16,0.5,4
675,LC Legends,1,1,0,21,18,0.5,5
675,Banditos 9U Texas,1,1,0,23,19,0.5,6
675,Texans,1,1,0,25,32,0.5,7
675,Marucci Elite Texas - Holden,0,2,0,18,14,0.0,8
675,Texas Elite Lobos - Gold,0,2,0,24,16,0.0,9
676,Banditos 9U Texas,2,0,0,10,17,1.0,1
676,SOUTH COAST CREAM X.,2,0,0,12,24,1.0,2
676,Houston Bandits 9u,1,1,0,17,20,0.5,3
676,Texans,1,1,0,17,15,0.5,4
676,Lamar Elite - 9U - Red,1,1,0,20,21,0.5,5
676,Katy Bombers 9U,1,1,0,20,16,0.5,6
676,Marucci Elite Texas - Holden,1,1,0,20,16,0.5,7
676,LC Legends,0,2,0,17,12,0.0,8
676,Texas Elite Lobos - Gold,0,2,0,24,16,0.0,9
677,Banditos 9U Texas,2,0,0,10,25,1.0,1
677,SOUTH COAST CREAM X.,2,0,0,12,24,1.0,2
677,Marucci Elite Texas - Holden,2,0,0,17,23,1.0,3
677,Houston Bandits 9u,1,1,0,18,15,0.5,4
677,Katy Bombers 9U,1,1,0,20,16,0.5,5
677,Texans,1,1,0,21,17,0.5,6
677,Lamar Elite - 9U - Red,0,2,0,17,14,0.0,7
677,LC Legends,0,2,0,19,8,0.0,8
677,Texas Elite Lobos - Gold,0,2,0,24,16,0.0,9
678,SOUTH COAST CREAM X.,2,0,0,12,24,1.0,1
678,Banditos 9U Texas,1,0,1,14,18,0.75,2
678,Texans,1,0,1,18,26,0.75,3
678,Houston Bandits 9u,1,1,0,12,19,0.5,4
678,Katy Bombers 9U,1,1,0,20,16,0.5,5
678,Lamar Elite - 9U - Red,1,1,0,21,21,0.5,6
678,Marucci Elite Texas - Holden,1,1,0,22,15,0.5,7
678,Texas Elite Lobos - Gold,0,2,0,24,16,0.0,8
678,LC Legends,0,2,0,24,12,0.0,9
679,SOUTH COAST CREAM X.,2,0,0,12,24,1.0,1
679,Texans,2,0,0,15,21,1.0,2
679,Banditos 9U Texas,1,1,0,15,15,0.5,3
679,Marucci Elite Texas - Holden,1,1,0,18,23,0.5,4
679,Katy Bombers 9U,1,1,0,20,16,0.5,5
679,Lamar Elite - 9U - Red,1,1,0,22,22,0.5,6
679,Houston Bandits 9u,1,1,0,26,21,0.5,7
679,LC Legends,0,2,0,18,12,0.0,8
679,Texas Elite Lobos - Gold,0,2,0,24,16,0.0,9
680,Banditos 9U Texas,2,0,0,9,20,1.0,1
680,SOUTH COAST CREAM X.,2,0,0,12,24,1.0,2
680,Marucci Elite Texas - Holden,2,0,0,15,22,1.0,3
680,LC Legends,1,1,0,16,13,0.5,4
680,Katy Bombers 9U,1,1,0,20,16,0.5,5
680,Lamar Elite - 9U - Red,1,1,0,21,22,0.5,6
680,Texans,0,2,0,21,13,0.0,7
680,Texas Elite Lobos - Gold,0,2,0,24,16,0.0,8
680,Houston Bandits 9u,0,2,0,27,19,0.0,9
681,SOUTH COAST CREAM X.,2,0,0,12,24,1.0,1
681,Lamar Elite - 9U - Red,2,0,0,14,25,1.0,2
681,Banditos 9U Texas,2,0,0,14,21,1.0,3
681,LC Legends,1,1,0,18,15,0.5,4
681,Houston Bandits 9u,1,1,0,20,20,0.5,5
681,Katy Bombers 9U,1,1,0,20,16,0.5,6
681,Texans,0,2,0,24,20,0.0,7
681,Texas Elite Lobos - Gold,0,2,0,24,16,0.0,8
681,Marucci Elite Texas - Holden,0,2,0,26,15,0.0,9
682,Marucci Elite Texas - Holden,2,0,0,11,21,1.0,1
682,SOUTH COAST CREAM X.,2,0,0,12,24,1.0,2
682,Banditos 9U Texas,2,0,0,14,20,1.0,3
682,Houston Bandits 9u,1,1,0,20,16,0.5,4
682,Katy Bombers 9U,1,1,0,20,16,0.5,5
682,LC Legends,0,1,1,18,14,0.25,6
682,Texans,0,1,1,22,20,0.25,7
682,Lamar Elite - 9U - Red,0,2,0,18,12,0.0,8
682,Texas Elite Lobos - Gold,0,2,0,24,16,0.0,9
683,SOUTH COAST CREAM X.,2,0,0,12,24,1.0,1
683,Banditos 9U Texas,1,0,1,11,15,0.75,2
683,Lamar Elite - 9U - Red,1,1,0,13,25,0.5,3
683,Texans,0,0,2,14,14,0.5,4
683,Katy Bombers 9U,1,1,0,20,16,0.5,5
683,Marucci Elite Texas - Holden,1,1,0,23,16,0.5,6
683,Houston Bandits 9u,1,1,0,24,19,0.5,7
683,LC Legends,0,1,1,15,11,0.25,8
683,Texas Elite Lobos - Gold,0,2,0,24,16,0.0,9
684,SOUTH COAST CREAM X.,2,0,0,12,24,1.0,1
684,Lamar Elite - 9U - Red,2,0,0,14,20,1.0,2
684,Texans,1,0,1,21,26,0.75,3
684,Marucci Elite Texas - Holden,1,1,0,12,12,0.5,4
684,Banditos 9U Texas,1,1,0,17,16,0.5,5
684,Katy Bombers 9U,1,1,0,20,16,0.5,6
684,LC Legends,0,1,1,21,17,0.25,7
684,Houston Bandits 9u,0,2,0,17,11,0.0,8
684,Texas Elite Lobos - Gold,0,2,0,24,16,0.0,9
685,SOUTH COAST CREAM X.,2,0,0,12,24,1.0,1
685,Marucci Elite Texas - Holden,2,0,0,12,21,1.0,2
685,Banditos 9U Texas,2,0,0,14,22,1.0,3
685,Lamar Elite - 9U - Red,1,1,0,16,22,0.5,4
685,Texans,1,1,0,20,17,0.5,5
685,Katy Bombers 9U,1,1,0,20,16,0.5,6
685,LC Legends,0,2,0,15,10,0.0,7
685,Texas Elite Lobos - Gold,0,2,0,24,16,0.0,8
685,Houston Bandits 9u,0,2,0,28,13,0.0,9
686,SOUTH COAST CREAM X.,2,0,0,12,24,1.0,1
686,Banditos 9U Texas,2,0,0,12,19,1.0,2
686,Lamar Elite - 9U - Red,1,1,0,13,22,0.5,3
686,Texans,1,1,0,19,20,0.5,4
686,Katy Bombers 9U,1,1,0,20,16,0.5,5
686,Marucci Elite Texas - Holden,1,1,0,23,19,0.5,6
686,Houston Bandits 9u,1,1,0,23,18,0.5,7
686,LC Legends,0,2,0,20,12,0.0,8
686,Texas Elite Lobos - Gold,0,2,0,24,16,0.0,9
687,SOUTH COAST CREAM X.,2,0,0,12,24,1.0,1
687,Marucci Elite Texas - Holden,2,0,0,12,23,1.0,2
687,Texans,1,0,1,21,23,0.75,3
687,Houston Bandits 9u,1,1,0,17,14,0.5,4
687,Banditos 9U Texas,1,1,0,18,20,0.5,5
687,Katy Bombers 9U,1,1,0,20,16,0.5,6
687,LC Legends,0,1,1,17,13,0.25,7
687,Lamar Elite - 9U - Red,0,2,0,22,14,0.0,8
687,Texas Elite Lobos - Gold,0,2,0,24,16,0.0,9
688,Banditos 9U Texas,2,0,0,10,22,1.0,1
688,SOUTH COAST CREAM X.,2,0,0,12,24,1.0,2
688,Houston Bandits 9u,1,0,1,17,21,0.75,3
688,Lamar Elite - 9U - Red,1,0,1,18,23,0.75,4
688,LC Legends,1,1,0,19,16,0.5,5
688,Katy Bombers 9U,1,1,0,20,16,0.5,6
688,Marucci Elite Texas - Holden,0,2,0,20,11,0.0,7
688,Texas Elite Lobos - Gold,0,2,0,24,16,0.0,8
688,Texans,0,2,0,26,17,0.0,9
689,SOUTH COAST CREAM X.,2,0,0,12,24,1.0,1
689,Banditos 9U Texas,1,0,1,14,18,0.75,2
689,Marucci Elite Texas - Holden,1,1,0,15,19,0.5,3
689,Lamar Elite - 9U - Red,1,1,0,17,17,0.5,4
689,LC Legends,1,1,0,18,18,0.5,5
689,Houston Bandits 9u,1,1,0,19,15,0.5,6
689,Katy Bombers 9U,1,1,0,20,16,0.5,7
689,Texans,0,1,1,24,20,0.25,8
689,Texas Elite Lobos - Gold,0,2,0,24,16,0.0,9
690,Banditos 9U Texas,2,0,0,10,18,1.0,1
690,SOUTH COAST CREAM X.,2,0,0,12,24,1.0,2
690,Marucci Elite Texas - Holden,1,0,1,12,14,0.75,3
690,Houston Bandits 9u,1,1,0,9,13,0.5,4
690,LC Legends,1,1,0,17,17,0.5,5
690,Katy Bombers 9U,1,1,0,20,16,0.5,6
690,Lamar Elite - 9U - Red,0,1,1,19,13,0.25,7
690,Texans,0,2,0,23,15,0.0,8
690,Texas Elite Lobos - Gold,0,2,0,24,16,0.0,9
691,SOUTH COAST CREAM X.,2,0,0,12,24,1.0,1
691,Houston Bandits 9u,2,0,0,13,23,1.0,2
691,Banditos 9U Texas,1,0,1,11,15,0.75,3
691,LC Legends,1,1,0,15,14,0.5,4
691,Marucci Elite Texas - Holden,1,1,0,19,18,0.5,5
691,Katy Bombers 9U,1,1,0,20,16,0.5,6
691,Texans,0,1,1,17,14,0.25,7
691,Lamar Elite - 9U - Red,0,2,0,20,11,0.0,8
691,Texas Elite Lobos - Gold,0,2,0,24,16,0.0,9
692,SOUTH COAST CREAM X.,2,0,0,12,24,1.0,1
692,Banditos 9U Texas,2,0,0,15,21,1.0,2
692,Lamar Elite - 9U - Red,2,0,0,16,25,1.0,3
692,Katy Bombers 9U,1,1,0,20,16,0.5,4
692,Texans,1,1,0,21,20,0.5,5
692,Marucci Elite Texas - Holden,1,1,0,22,18,0.5,6
692,LC Legends,0,2,0,17,12,0.0,7
692,Houston Bandits 9u,0,2,0,22,17,0.0,8
692,Texas Elite Lobos - Gold,0,2,0,24,16,0.0,9
693,SOUTH COAST CREAM X.,2,0,0,12,24,1.0,1
693,Banditos 9U Texas,2,0,0,12,20,1.0,2
693,LC Legends,1,1,0,12,11,0.5,3
693,Marucci Elite Texas - Holden,1,1,0,16,17,0.5,4
693,Houston Bandits 9u,1,1,0,17,15,0.5,5
693,Lamar Elite - 9U - Red,1,1,0,18,19,0.5,6
693,Katy Bombers 9U,1,1,0,20,16,0.5,7
693,Texans,0,2,0,19,12,0.0,8
693,Texas Elite Lobos - Gold,0,2,0,24,16,0.0,9
694,SOUTH COAST CREAM X.,2,0,0,12,24,1.0,1
694,Lamar Elite - 9U - Red,2,0,0,12,20,1.0,2
694,Texans,2,0,0,15,27,1.0,3
694,Houston Bandits 9u,1,1,0,15,17,0.5,4
694,Katy Bombers 9U,1,1,0,20,16,0.5,5
694,Banditos 9U Texas,1,1,0,21,15,0.5,6
694,LC Legends,0,2,0,18,12,0.0,7
694,Texas Elite Lobos - Gold,0,2,0,24,16,0.0,8
694,Marucci Elite Texas - Holden,0,2,0,28,18,0.0,9
695,SOUTH COAST CREAM X.,2,0,0,12,24,1.0,1
695,Houston Bandits 9u,2,0,0,15,18,1.0,2
695,Texans,2,0,0,20,28,1.0,3
695,Lamar Elite - 9U - Red,1,1,0,17,17,0.5,4
695,Banditos 9U Texas,1,1,0,19,21,0.5,5
695,Katy Bombers 9U,1,1,0,20,16,0.5,6
695,Marucci Elite Texas - Holden,0,2,0,16,13,0.0,7
695,LC Legends,0,2,0,21,11,0.0,8
695,Texas Elite Lobos - Gold,0,2,0,24,16,0.0,9
696,SOUTH COAST CREAM X.,2,0,0,12,24,1.0,1
696,Marucci Elite Texas - Holden,2,0,0,19,25,1.0,2
696,Banditos 9U Texas,1,1,0,12,14,0.5,3
696,Texans,1,1,0,15,15,0.5,4
696,LC Legends,1,1,0,15,13,0.5,5
696,Lamar Elite - 9U - Red,1,1,0,18,19,0.5,6
696,Katy Bombers 9U,1,1,0,20,16,0.5,7
696,Texas Elite Lobos - Gold,0,2,0,24,16,0.0,8
696,Houston Bandits 9u,0,2,0,26,19,0.0,9
697,SOUTH COAST CREAM X.,2,0,0,12,24,1.0,1
697,Banditos 9U Texas,1,0,1,11,15,0.75,2
697,Texans,0,0,2,17,17,0.5,3
697,Katy Bombers 9U,1,1,0,20,16,0.5,4
697,Houston Bandits 9u,1,1,0,22,22,0.5,5
697,Lamar Elite - 9U - Red,1,1,0,25,28,0.5,6
697,Marucci Elite Texas - Holden,1,1,0,25,22,0.5,7
697,LC Legends,0,1,1,18,14,0.25,8
697,Texas Elite Lobos - Gold,0,2,0,24,16,0.0,9
698,SOUTH COAST CREAM X.,2,0,0,12,24,1.0,1
698,Houston Bandits 9u,2,0,0,13,18,1.0,2
698,Banditos 9U Texas,1,1,0,9,12,0.5,3
698,Texans,1,1,0,13,13,0.5,4
698,LC Legends,1,1,0,16,13,0.5,5
698,Katy Bombers 9U,1,1,0,20,16,0.5,6
698,Lamar Elite - 9U - Red,0,1,1,14,12,0.25,7
698,Marucci Elite Texas - Holden,0,1,1,14,11,0.25,8
698,Texas Elite Lobos - Gold,0,2,0,24,16,0.0,9
699,Marucci Elite Texas - Holden,2,0,0,11,27,1.0,1
699,SOUTH COAST CREAM X.,2,0,0,12,24,1.0,2
699,Banditos 9U Texas,1,1,0,16,16,0.5,3
699,LC Legends,1,1,0,16,13,0.5,4
699,Texans,1,1,0,17,20,0.5,5
699,Katy Bombers 9U,1,1,0,20,16,0.5,6
699,Houston Bandits 9u,0,1,1,20,17,0.25,7
699,Lamar Elite - 9U - Red,0,1,1,29,16,0.25,8
699,Texas Elite Lobos - Gold,0,2,0,24,16,0.0,9
700,Marucci Elite Texas - Holden,2,0,0,12,26,1.0,1
700,SOUTH COAST CREAM X.,2,0,0,12,24,1.0,2
700,Banditos 9U Texas,1,1,0,14,14,0.5,3
700,Texans,1,1,0,19,21,0.5,4
700,LC Legends,1,1,0,19,17,0.5,5
700,Katy Bombers 9U,1,1,0,20,16,0.5,6
700,Houston Bandits 9u,1,1,0,27,17,0.5,7
700,Lamar Elite - 9U - Red,0,2,0,23,19,0.0,8
700,Texas Elite Lobos - Gold,0,2,0,24,16,0.0,9
701,Lamar Elite - 9U - Red,2,0,0,11,22,1.0,1
701,SOUTH COAST CREAM X.,2,0,0,12,24,1.0,2
701,Banditos 9U Texas,2,0,0,13,19,1.0,3
701,Marucci Elite Texas - Holden,1,1,0,17,20,0.5,4
701,Katy Bombers 9U,1,1,0,20,16,0.5,5
701,Texans,1,1,0,22,22,0.5,6
701,LC Legends,0,2,0,21,15,0.0,7
701,Texas Elite Lobos - Gold,0,2,0,24,16,0.0,8
701,Houston Bandits 9u,0,2,0,27,13,0.0,9
702,Banditos 9U Texas,2,0,0,11,17,1.0,1
702,SOUTH COAST CREAM X.,2,0,0,12,24,1.0,2
702,Lamar Elite - 9U - Red,2,0,0,17,25,1.0,3
702,LC Legends,1,1,0,18,16,0.5,4
702,Katy Bombers 9U,1,1,0,20,16,0.5,5
702,Houston Bandits 9u,1,1,0,27,26,0.5,6
702,Texans,0,2,0,21,17,0.0,7
702,Marucci Elite Texas - Holden,0,2,0,23,16,0.0,8
702,Texas Elite Lobos - Gold,0,2,0,24,16,0.0,9
703,Banditos 9U Texas,2,0,0,11,17,1.0,1
703,SOUTH COAST CREAM X.,2,0,0,12,24,1.0,2
703,Marucci Elite Texas - Holden,1,0,1,18,25,0.75,3
703,LC Legends,1,1,0,16,15,0.5,4
703,Houston Bandits 9u,1,1,0,20,17,0.5,5
703,Katy Bombers 9U,1,1,0,20,16,0.5,6
703,Lamar Elite - 9U - Red,0,1,1,25,21,0.25,7
703,Texans,0,2,0,20,15,0.0,8
703,Texas Elite Lobos - Gold,0,2,0,24,16,0.0,9
704,SOUTH COAST CREAM X.,2,0,0,12,24,1.0,1
704,Texans,2,0,0,13,23,1.0,2
704,Marucci Elite Texas - Holden,2,0,0,16,21,1.0,3
704,Houston Bandits 9u,1,1,0,16,17,0.5,4
704,Banditos 9U Texas,1,1,0,16,15,0.5,5
704,Katy Bombers 9U,1,1,0,20,16,0.5,6
704,LC Legends,0,2,0,19,10,0.0,7
704,Lamar Elite - 9U - Red,0,2,0,21,15,0.0,8
704,Texas Elite Lobos - Gold,0,2,0,24,16,0.0,9
705,SOUTH COAST CREAM X.,2,0,0,12,24,1.0,1
705,Houston Bandits 9u,2,0,0,12,17,1.0,2
705,Banditos 9U Texas,2,0,0,14,19,1.0,3
705,Marucci Elite Texas - Holden,1,1,0,15,14,0.5,4
705,Katy Bombers 9U,1,1,0,20,16,0.5,5
705,LC Legends,0,1,1,15,11,0.25,6
705,Texans,0,1,1,18,17,0.25,7
705,Lamar Elite - 9U - Red,0,2,0,15,11,0.0,8
705,Texas Elite Lobos - Gold,0,2,0,24,16,0.0,9
706,Lamar Elite - 9U - Red,2,0,0,10,16,1.0,1
706,SOUTH COAST CREAM X.,2,0,0,12,24,1.0,2
706,Texans,2,0,0,15,21,1.0,3
706,Marucci Elite Texas - Holden,1,1,0,14,13,0.5,4
706,Banditos 9U Texas,1,1,0,18,18,0.5,5
706,Katy Bombers 9U,1,1,0,20,16,0.5,6
706,LC Legends,0,2,0,15,9,0.0,7
706,Houston Bandits 9u,0,2,0,19,14,0.0,8
706,Texas Elite Lobos - Gold,0,2,0,24,16,0.0,9
707,SOUTH COAST CREAM X.,2,0,0,12,24,1.0,1
707,Banditos 9U Texas,1,1,0,14,14,0.5,2
707,LC Legends,1,1,0,16,16,0.5,3
707,Texans,1,1,0,18,18,0.5,4
707,Katy Bombers 9U,1,1,0,20,16,0.5,5
707,Houston Bandits 9u,1,1,0,21,23,0.5,6
707,Lamar Elite - 9U - Red,1,1,0,21,17,0.5,7
707,Marucci Elite Texas - Holden,1,1,0,24,26,0.5,8
707,Texas Elite Lobos - Gold,0,2,0,24,16,0.0,9
708,SOUTH COAST CREAM X.,2,0,0,12,24,1.0,1
708,Lamar Elite - 9U - Red,2,0,0,21,26,1.0,2
708,Banditos 9U Texas,1,1,0,17,16,0.5,3
708,LC Legends,1,1,0,18,16,0.5,4
708,Texans,1,1,0,20,23,0.5,5
708,Katy Bombers 9U,1,1,0,20,16,0.5,6
708,Marucci Elite Texas - Holden,0,1,1,21,19,0.25,7
708,Houston Bandits 9u,0,1,1,21,18,0.25,8
708,Texas Elite Lobos - Gold,0,2,0,24,16,0.0,9
709,SOUTH COAST CREAM X.,2,0,0,12,24,1.0,1
709,Banditos 9U Texas,2,0,0,12,22,1.0,2
709,Marucci Elite Texas - Holden,2,0,0,17,20,1.0,3
709,Houston Bandits 9u,1,1,0,18,21,0.5,4
709,Texans,1,1,0,19,17,0.5,5
709,Katy Bombers 9U,1,1,0,20,16,0.5,6
709,LC Legends,0,2,0,17,9,0.0,7
709,Lamar Elite - 9U - Red,0,2,0,21,15,0.0,8
709,Texas Elite Lobos - Gold,0,2,0,24,16,0.0,9
710,Banditos 9U Texas,2,0,0,10,18,1.0,1
710,SOUTH COAST CREAM X.,2,0,0,12,24,1.0,2
710,Houston Bandits 9u,1,0,1,19,21,0.75,3
710,Marucci Elite Texas - Holden,1,1,0,17,23,0.5,4
710,Texans,1,1,0,18,16,0.5,5
710,Katy Bombers 9U,1,1,0,20,16,0.5,6
710,Lamar Elite - 9U - Red,0,1,1,26,18,0.25,7
710,LC Legends,0,2,0,18,12,0.0,8
710,Texas Elite Lobos - Gold,0,2,0,24,16,0.0,9
711,SOUTH COAST CREAM X.,2,0,0,12,24,1.0,1
711,Houston Bandits 9u,1,1,0,12,18,0.5,2
711,LC Legends,1,1,0,12,14,0.5,3
711,Marucci Elite Texas - Holden,1,1,0,16,14,0.5,4
711,Banditos 9U Texas,1,1,0,18,17,0.5,5
711,Texans,1,1,0,19,18,0.5,6
711,Katy Bombers 9U,1,1,0,20,16,0.5,7
711,Lamar Elite - 9U - Red,1,1,0,21,17,0.5,8
711,Texas Elite Lobos - Gold,0,2,0,24,16,0.0,9
712,SOUTH COAST CREAM X.,2,0,0,12,24,1.0,1
712,Marucci Elite Texas - Holden,2,0,0,16,27,1.0,2
712,Banditos 9U Texas,1,1,0,13,14,0.5,3
712,LC Legends,1,1,0,18,19,0.5,4
712,Katy Bombers 9U,1,1,0,20,16,0.5,5
712,Texans,1,1,0,21,19,0.5,6
712,Houston Bandits 9u,1,1,0,21,18,0.5,7
712,Lamar Elite - 9U - Red,0,2,0,21,13,0.0,8
712,Texas Elite Lobos - Gold,0,2,0,24,16,0.0,9
713,SOUTH COAST CREAM X.,2,0,0,12,24,1.0,1
713,Marucci Elite Texas - Holden,1,0,1,16,19,0.75,2
713,Banditos 9U Texas,1,1,0,13,14,0.5,3
713,Houston Bandits 9u,0,0,2,15,15,0.5,4
713,Katy Bombers 9U,1,1,0,20,16,0.5,5
713,Texans,1,1,0,21,22,0.5,6
713,LC Legends,1,1,0,21,19,0.5,7
713,Lamar Elite - 9U - Red,0,1,1,18,15,0.25,8
713,Texas Elite Lobos - Gold,0,2,0,24,16,0.0,9
714,SOUTH COAST CREAM X.,2,0,0,12,24,1.0,1
714,Lamar Elite - 9U - Red,2,0,0,20,25,1.0,2
714,Banditos 9U Texas,1,0,1,13,17,0.75,3
714,Texans,1,0,1,15,17,0.75,4
714,Katy Bombers 9U,1,1,0,20,16,0.5,5
714,Houston Bandits 9u,1,1,0,25,25,0.5,6
714,LC Legends,0,2,0,16,10,0.0,7
714,Marucci Elite Texas - Holden,0,2,0,23,18,0.0,8
714,Texas Elite Lobos - Gold,0,2,0,24,16,0.0,9
715,SOUTH COAST CREAM X.,2,0,0,12,24,1.0,1
715,Lamar Elite - 9U - Red,2,0,0,18,20,1.0,2
715,Texans,1,1,0,14,22,0.5,3
715,LC Legends,1,1,0,15,12,0.5,4
715,Banditos 9U Texas,1,1,0,19,14,0.5,5
715,Katy Bombers 9U,1,1,0,20,16,0.5,6
715,Houston Bandits 9u,0,1,1,15,14,0.25,7
715,Marucci Elite Texas - Holden,0,1,1,17,16,0.25,8
715,Texas Elite Lobos - Gold,0,2,0,24,16,0.0,9
716,Banditos 9U Texas,2,0,0,11,22,1.0,1
716,SOUTH COAST CREAM X.,2,0,0,12,24,1.0,2
716,Lamar Elite - 9U - Red,2,0,0,16,19,1.0,3
716,Houston Bandits 9u,1,1,0,15,19,0.5,4
716,Texans,1,1,0,19,17,0.5,5
716,Katy Bombers 9U,1,1,0,20,16,0.5,6
716,Marucci Elite Texas - Holden,0,2,0,18,11,0.0,7
716,LC Legends,0,2,0,18,9,0.0,8
716,Texas Elite Lobos - Gold,0,2,0,24,16,0.0,9
717,SOUTH COAST CREAM X.,2,0,0,12,24,1.0,1
717,Marucci Elite Texas - Holden,2,0,0,15,29,1.0,2
717,Texans,2,0,0,18,29,1.0,3
717,Katy Bombers 9U,1,1,0,20,16,0.5,4
717,Banditos 9U Texas,1,1,0,20,15,0.5,5
717,Houston Bandits 9u,0,1,1,17,14,0.25,6
717,Lamar Elite - 9U - Red,0,1,1,26,15,0.25,7
717,LC Legends,0,2,0,21,15,0.0,8
717,Texas Elite Lobos - Gold,0,2,0,24,16,0.0,9
718,SOUTH COAST CREAM X.,2,0,0,12,24,1.0,1
718,Houston Bandits 9u,1,1,0,13,15,0.5,2
718,Marucci Elite Texas - Holden,1,1,0,14,16,0.5,3
718,LC Legends,1,1,0,14,14,0.5,4
718,Texans,1,1,0,16,20,0.5,5
718,Lamar Elite - 9U - Red,1,1,0,16,12,0.5,6
718,Banditos 9U Texas,1,1,0,18,14,0.5,7
718,Katy Bombers 9U,1,1,0,20,16,0.5,8
718,Texas Elite Lobos - Gold,0,2,0,24,16,0.0,9
719,SOUTH COAST CREAM X.,2,0,0,12,24,1.0,1
719,Marucci Elite Texas - Holden,2,0,0,16,27,1.0,2
719,Texans,1,0,1,13,15,0.75,3
719,Banditos 9U Texas,1,1,0,15,17,0.5,4
719,Katy Bombers 9U,1,1,0,20,16,0.5,5
719,Houston Bandits 9u,1,1,0,23,19,0.5,6
719,LC Legends,0,1,1,12,8,0.25,7
719,Texas Elite Lobos - Gold,0,2,0,24,16,0.0,8
719,Lamar Elite - 9U - Red,0,2,0,28,21,0.0,9
720,SOUTH COAST CREAM X.,2,0,0,12,24,1.0,1
720,Banditos 9U Texas,2,0,0,14,20,1.0,2
720,Lamar Elite - 9U - Red,2,0,0,16,23,1.0,3
720,Katy Bombers 9U,1,1,0,20,16,0.5,4
720,Texans,1,1,0,22,21,0.5,5
720,Houston Bandits 9u,0,1,1,17,16,0.25,6
720,Marucci Elite Texas - Holden,0,1,1,20,14,0.25,7
720,LC Legends,0,2,0,19,14,0.0,8
720,Texas Elite Lobos - Gold,0,2,0,24,16,0.0,9
721,SOUTH COAST CREAM X.,2,0,0,12,24,1.0,1
721,Houston Bandits 9u,2,0,0,17,24,1.0,2
721,Banditos 9U Texas,1,0,1,11,15,0.75,3
721,Texans,0,0,2,12,12,0.5,4
721,Marucci Elite Texas - Holden,1,1,0,16,19,0.5,5
721,Katy Bombers 9U,1,1,0,20,16,0.5,6
721,LC Legends,0,1,1,13,9,0.25,7
721,Texas Elite Lobos - Gold,0,2,0,24,16,0.0,8
721,Lamar Elite - 9U - Red,0,2,0,25,15,0.0,9
722,Banditos 9U Texas,2,0,0,11,22,1.0,1
722,SOUTH COAST CREAM X.,2,0,0,12,24,1.0,2
722,Marucci Elite Texas - Holden,2,0,0,14,23,1.0,3
722,Katy Bombers 9U,1,1,0,20,16,0.5,4
722,Houston Bandits 9u,1,1,0,21,24,0.5,5
722,Texans,1,1,0,24,18,0.5,6
722,LC Legends,0,2,0,19,14,0.0,7
722,Texas Elite Lobos - Gold,0,2,0,24,16,0.0,8
722,Lamar Elite - 9U - Red,0,2,0,26,14,0.0,9
723,Marucci Elite Texas - Holden,2,0,0,11,28,1.0,1
723,Banditos 9U Texas,2,0,0,11,21,1.0,2
723,SOUTH COAST CREAM X.,2,0,0,12,24,1.0,3
723,Katy Bombers 9U,1,1,0,20,16,0.5,4
723,Houston Bandits 9u,1,1,0,25,20,0.5,5
723,LC Legends,0,1,1,19,15,0.25,6
723,Texans,0,1,1,24,18,0.25,7
723,Texas Elite Lobos - Gold,0,2,0,24,16,0.0,8
723,Lamar Elite - 9U - Red,0,2,0,28,16,0.0,9
724,SOUTH COAST CREAM X.,2,0,0,12,24,1.0,1
724,Banditos 9U Texas,2,0,0,13,18,1.0,2
724,Lamar Elite - 9U - Red,1,0,1,18,21,0.75,3
724,LC Legends,1,1,0,16,22,0.5,4
724,Katy Bombers 9U,1,1,0,20,16,0.5,5
724,Marucci Elite Texas - Holden,1,1,0,21,25,0.5,6
724,Houston Bandits 9u,0,1,1,29,22,0.25,7
724,Texas Elite Lobos - Gold,0,2,0,24,16,0.0,8
724,Texans,0,2,0,28,17,0.0,9
725,SOUTH COAST CREAM X.,2,0,0,12,24,1.0,1
725,Lamar Elite - 9U - Red,2,0,0,14,18,1.0,2
725,Banditos 9U Texas,1,1,0,15,13,0.5,3
725,Texans,1,1,0,17,22,0.5,4
725,LC Legends,1,1,0,19,16,0.5,5
725,Katy Bombers 9U,1,1,0,20,16,0.5,6
725,Houston Bandits 9u,1,1,0,22,23,0.5,7
725,Texas Elite Lobos - Gold,0,2,0,24,16,0.0,8
725,Marucci Elite Texas - Holden,0,2,0,25,20,0.0,9
726,SOUTH COAST CREAM X.,2,0,0,12,24,1.0,1
726,Lamar Elite - 9U - Red,1,0,1,14,20,0.75,2
726,Banditos 9U Texas,1,1,0,13,12,0.5,3
726,LC Legends,1,1,0,14,18,0.5,4
726,Texans,1,1,0,18,15,0.5,5
726,Katy Bombers 9U,1,1,0,20,16,0.5,6
726,Houston Bandits 9u,1,1,0,23,21,0.5,7
726,Marucci Elite Texas - Holden,0,1,1,25,21,0.25,8
726,Texas Elite Lobos - Gold,0,2,0,24,16,0.0,9
727,SOUTH COAST CREAM X.,2,0,0,12,24,1.0,1
727,Lamar Elite - 9U - Red,2,0,0,13,24,1.0,2
727,Texans,2,0,0,17,22,1.0,3
727,Marucci Elite Texas - Holden,1,1,0,14,13,0.5,4
727,Banditos 9U Texas,1,1,0,15,18,0.5,5
727,Katy Bombers 9U,1,1,0,20,16,0.5,6
727,LC Legends,0,2,0,19,11,0.0,7
727,Texas Elite Lobos - Gold,0,2,0,24,16,0.0,8
727,Houston Bandits 9u,0,2,0,26,16,0.0,9
728,Lamar Elite - 9U - Red,2,0,0,10,26,1.0,1
728,Banditos 9U Texas,2,0,0,11,18,1.0,2
728,SOUTH COAST CREAM X.,2,0,0,12,24,1.0,3
728,LC Legends,1,1,0,14,15,0.5,4
728,Katy Bombers 9U,1,1,0,20,16,0.5,5
728,Marucci Elite Texas - Holden,1,1,0,22,20,0.5,6
728,Texans,0,2,0,21,13,0.0,7
728,Texas Elite Lobos - Gold,0,2,0,24,16,0.0,8
728,Houston Bandits 9u,0,2,0,30,16,0.0,9
729,SOUTH COAST CREAM X.,2,0,0,12,24,1.0,1
729,Lamar Elite - 9U - Red,2,0,0,15,19,1.0,2
729,Banditos 9U Texas,1,1,0,11,14,0.5,3
729,Marucci Elite Texas - Holden,1,1,0,16,20,0.5,4
729,LC Legends,1,1,0,16,15,0.5,5
729,Texans,1,1,0,17,15,0.5,6
729,Katy Bombers 9U,1,1,0,20,16,0.5,7
729,Houston Bandits 9u,0,2,0,23,15,0.0,8
729,Texas Elite Lobos - Gold,0,2,0,24,16,0.0,9
730,SOUTH COAST CREAM X.,2,0,0,12,24,1.0,1
730,Texans,2,0,0,16,23,1.0,2
730,Marucci Elite Texas - Holden,2,0,0,22,27,1.0,3
730,Banditos 9U Texas,1,1,0,17,17,0.5,4
730,Katy Bombers 9U,1,1,0,20,16,0.5,5
730,Lamar Elite - 9U - Red,1,1,0,29,27,0.5,6
730,LC Legends,0,2,0,18,11,0.0,7
730,Texas Elite Lobos - Gold,0,2,0,24,16,0.0,8
730,Houston Bandits 9u,0,2,0,28,25,0.0,9
731,SOUTH COAST CREAM X.,2,0,0,12,24,1.0,1
731,Lamar Elite - 9U - Red,2,0,0,13,21,1.0,2
731,Texans,1,0,1,17,21,0.75,3
731,Banditos 9U Texas,1,1,0,14,14,0.5,4
731,Marucci Elite Texas - Holden,1,1,0,19,21,0.5,5
731,Katy Bombers 9U,1,1,0,20,16,0.5,6
731,LC Legends,0,1,1,19,15,0.25,7
731,Texas Elite Lobos - Gold,0,2,0,24,16,0.0,8
731,Houston Bandits 9u,0,2,0,26,16,0.0,9
732,SOUTH COAST CREAM X.,2,0,0,12,24,1.0,1
732,Marucci Elite Texas - Holden,2,0,0,15,23,1.0,2
732,Texans,2,0,0,17,24,1.0,3
732,Banditos 9U Texas,1,1,0,16,17,0.5,4
732,Lamar Elite - 9U - Red,1,1,0,19,17,0.5,5
732,Katy Bombers 9U,1,1,0,20,16,0.5,6
732,LC Legends,0,2,0,20,12,0.0,7
732,Houston Bandits 9u,0,2,0,22,16,0.0,8
732,Texas Elite Lobos - Gold,0,2,0,24,16,0.0,9
733,Lamar Elite - 9U - Red,2,0,0,9,19,1.0,1
733,SOUTH COAST CREAM X.,2,0,0,12,24,1.0,2
733,Banditos 9U Texas,1,1,0,14,16,0.5,3
733,LC Legends,1,1,0,19,16,0.5,4
733,Marucci Elite Texas - Holden,1,1,0,19,15,0.5,5
733,Texans,1,1,0,20,21,0.5,6
733,Katy Bombers 9U,1,1,0,20,16,0.5,7
733,Houston Bandits 9u,0,2,0,23,17,0.0,8
733,Texas Elite Lobos - Gold,0,2,0,24,16,0.0,9
734,Marucci Elite Texas - Holden,2,0,0,11,24,1.0,1
734,SOUTH COAST CREAM X.,2,0,0,12,24,1.0,2
734,Texans,2,0,0,14,22,1.0,3
734,Banditos 9U Texas,1,1,0,17,17,0.5,4
734,Lamar Elite - 9U - Red,1,1,0,20,20,0.5,5
734,Katy Bombers 9U,1,1,0,20,16,0.5,6
734,LC Legends,0,2,0,17,9,0.0,7
734,Texas Elite Lobos - Gold,0,2,0,24,16,0.0,8
734,Houston Bandits 9u,0,2,0,27,14,0.0,9
735,SOUTH COAST CREAM X.,2,0,0,12,24,1.0,1
735,Lamar Elite - 9U - Red,2,0,0,23,27,1.0,2
735,LC Legends,1,1,0,15,16,0.5,3
735,Banditos 9U Texas,1,1,0,16,16,0.5,4
735,Texans,1,1,0,20,19,0.5,5
735,Katy Bombers 9U,1,1,0,20,16,0.5,6
735,Marucci Elite Texas - Holden,1,1,0,21,19,0.5,7
735,Houston Bandits 9u,0,2,0,21,19,0.0,8
735,Texas Elite Lobos - Gold,0,2,0,24,16,0.0,9
736,Texans,2,0,0,8,10,1.0,1
736,SOUTH COAST CREAM X.,2,0,0,12,24,1.0,2
736,Banditos 9U Texas,1,1,0,8,11,0.5,3
736,Houston Bandits 9u,1,1,0,20,20,0.5,4
736,Katy Bombers 9U,1,1,0,20,16,0.5,5
736,Lamar Elite - 9U - Red,1,1,0,22,23,0.5,6
736,Marucci Elite Texas - Holden,1,1,0,22,21,0.5,7
736,LC Legends,0,2,0,14,9,0.0,8
736,Texas Elite Lobos - Gold,0,2,0,24,16,0.0,9
737,SOUTH COAST CREAM X.,2,0,0,12,24,1.0,1
737,Banditos 9U Texas,1,0,1,11,15,0.75,2
737,LC Legends,1,1,0,12,18,0.5,3
737,Katy Bombers 9U,1,1,0,20,16,0.5,4
737,Marucci Elite Texas - Holden,1,1,0,21,28,0.5,5
737,Lamar Elite - 9U - Red,1,1,0,21,21,0.5,6
737,Houston Bandits 9u,1,1,0,24,17,0.5,7
737,Texans,0,1,1,21,11,0.25,8
737,Texas Elite Lobos - Gold,0,2,0,24,16,0.0,9
738,SOUTH COAST CREAM X.,2,0,0,12,24,1.0,1
738,Banditos 9U Texas,2,0,0,13,20,1.0,2
738,Marucci Elite Texas - Holden,2,0,0,13,17,1.0,3
738,LC Legends,1,1,0,15,12,0.5,4
738,Lamar Elite - 9U - Red,1,1,0,18,22,0.5,5
738,Katy Bombers 9U,1,1,0,20,16,0.5,6
738,Texans,0,2,0,20,16,0.0,7
738,Texas Elite Lobos - Gold,0,2,0,24,16,0.0,8
738,Houston Bandits 9u,0,2,0,25,17,0.0,9
739,SOUTH COAST CREAM X.,2,0,0,12,24,1.0,1
739,Texans,2,0,0,14,23,1.0,2
739,Houston Bandits 9u,2,0,0,17,23,1.0,3
739,Banditos 9U Texas,1,1,0,16,13,0.5,4
739,Lamar Elite - 9U - Red,1,1,0,20,24,0.5,5
739,Katy Bombers 9U,1,1,0,20,16,0.5,6
739,LC Legends,0,2,0,19,13,0.0,7
739,Texas Elite Lobos - Gold,0,2,0,24,16,0.0,8
739,Marucci Elite Texas - Holden,0,2,0,28,18,0.0,9
740,SOUTH COAST CREAM X.,2,0,0,12,24,1.0,1
740,Lamar Elite - 9U - Red,1,0,1,12,19,0.75,2
740,Marucci Elite Texas - Holden,1,0,1,16,19,0.75,3
740,Banditos 9U Texas,1,1,0,10,11,0.5,4
740,Texans,1,1,0,17,17,0.5,5
740,LC Legends,1,1,0,19,18,0.5,6
740,Katy Bombers 9U,1,1,0,20,16,0.5,7
740,Texas Elite Lobos - Gold,0,2,0,24,16,0.0,8
740,Houston Bandits 9u,0,2,0,26,16,0.0,9
741,Banditos 9U Texas,2,0,0,11,16,1.0,1
741,SOUTH COAST CREAM X.,2,0,0,12,24,1.0,2
741,Marucci Elite Texas - Holden,1,0,1,17,19,0.75,3
741,Lamar Elite - 9U - Red,0,0,2,15,15,0.5,4
741,LC Legends,1,1,0,15,12,0.5,5
741,Katy Bombers 9U,1,1,0,20,16,0.5,6
741,Houston Bandits 9u,0,1,1,18,16,0.25,7
741,Texans,0,2,0,16,14,0.0,8
741,Texas Elite Lobos - Gold,0,2,0,24,16,0.0,9
742,SOUTH COAST CREAM X.,2,0,0,12,24,1.0,1
742,Houston Bandits 9u,1,0,1,13,18,0.75,2
742,Banditos 9U Texas,1,0,1,19,23,0.75,3
742,LC Legends,1,1,0,19,22,0.5,4
742,Lamar Elite - 9U - Red,1,1,0,19,22,0.5,5
742,Katy Bombers 9U,1,1,0,20,16,0.5,6
742,Marucci Elite Texas - Holden,0,1,1,23,15,0.25,7
742,Texans,0,1,1,33,26,0.25,8
742,Texas Elite Lobos - Gold,0,2,0,24,16,0.0,9
743,SOUTH COAST CREAM X.,2,0,0,12,24,1.0,1
743,Houston Bandits 9u,2,0,0,16,20,1.0,2
743,Texans,1,0,1,15,18,0.75,3
743,Lamar Elite - 9U - Red,1,1,0,14,17,0.5,4
743,Banditos 9U Texas,1,1,0,16,17,0.5,5
743,Katy Bombers 9U,1,1,0,20,16,0.5,6
743,LC Legends,0,1,1,14,10,0.25,7
743,Marucci Elite Texas - Holden,0,2,0,18,11,0.0,8
743,Texas Elite Lobos - Gold,0,2,0,24,16,0.0,9
744,SOUTH COAST CREAM X.,2,0,0,12,24,1.0,1
744,Marucci Elite Texas - Holden,2,0,0,15,22,1.0,2
744,Texans,2,0,0,15,20,1.0,3
744,Banditos 9U Texas,1,1,0,13,14,0.5,4
744,Katy Bombers 9U,1,1,0,20,16,0.5,5
744,Lamar Elite - 9U - Red,1,1,0,25,20,0.5,6
744,LC Legends,0,2,0,19,13,0.0,7
744,Houston Bandits 9u,0,2,0,20,18,0.0,8
744,Texas Elite Lobos - Gold,0,2,0,24,16,0.0,9
745,SOUTH COAST CREAM X.,2,0,0,12,24,1.0,1
745,Marucci Elite Texas - Holden,1,1,0,12,16,0.5,2
745,LC Legends,1,1,0,12,13,0.5,3
745,Lamar Elite - 9U - Red,1,1,0,19,17,0.5,4
745,Houston Bandits 9u,1,1,0,20,18,0.5,5
745,Katy Bombers 9U,1,1,0,20,16,0.5,6
745,Banditos 9U Texas,1,1,0,22,22,0.5,7
745,Texans,1,1,0,23,22,0.5,8
745,Texas Elite Lobos - Gold,0,2,0,24,16,0.0,9
746,SOUTH COAST CREAM X.,2,0,0,12,24,1.0,1
746,Houston Bandits 9u,2,0,0,14,26,1.0,2
746,Banditos 9U Texas,1,0,1,12,16,0.75,3
746,Texans,0,0,2,14,14,0.5,4
746,Marucci Elite Texas - Holden,1,1,0,20,20,0.5,5
746,Katy Bombers 9U,1,1,0,20,16,0.5,6
746,LC Legends,0,1,1,14,10,0.25,7
746,Texas Elite Lobos - Gold,0,2,0,24,16,0.0,8
746,Lamar Elite - 9U - Red,0,2,0,27,15,0.0,9
747,SOUTH COAST CREAM X.,2,0,0,12,24,1.0,1
747,Lamar Elite - 9U - Red,2,0,0,16,23,1.0,2
747,Texans,2,0,0,16,22,1.0,3
747,Banditos 9U Texas,1,1,0,16,15,0.5,4
747,Katy Bombers 9U,1,1,0,20,16,0.5,5
747,Marucci Elite Texas - Holden,1,1,0,21,20,0.5,6
747,LC Legends,0,2,0,18,13,0.0,7
747,Houston Bandits 9u,0,2,0,23,17,0.0,8
747,Texas Elite Lobos - Gold,0,2,0,24,16,0.0,9
748,SOUTH COAST CREAM X.,2,0,0,12,24,1.0,1
748,Banditos 9U Texas,2,0,0,12,22,1.0,2
748,Marucci Elite Texas - Holden,2,0,0,16,24,1.0,3
748,LC Legends,1,1,0,16,14,0.5,4
748,Lamar Elite - 9U - Red,1,1,0,18,19,0.5,5
748,Katy Bombers 9U,1,1,0,20,16,0.5,6
748,Texans,0,2,0,24,16,0.0,7
748,Texas Elite Lobos - Gold,0,2,0,24,16,0.0,8
748,Houston Bandits 9u,0,2,0,27,18,0.0,9
749,SOUTH COAST CREAM X.,2,0,0,12,24,1.0,1
749,Banditos 9U Texas,2,0,0,14,21,1.0,2
749,Marucci Elite Texas - Holden,2,0,0,16,20,1.0,3
749,Houston Bandits 9u,1,1,0,17,22,0.5,4
749,Texans,1,1,0,19,23,0.5,5
749,Katy Bombers 9U,1,1,0,20,16,0.5,6
749,LC Legends,0,2,0,21,10,0.0,7
749,Texas Elite Lobos - Gold,0,2,0,24,16,0.0,8
749,Lamar Elite - 9U - Red,0,2,0,24,15,0.0,9
750,Banditos 9U Texas,2,0,0,5,19,1.0,1
750,SOUTH COAST CREAM X.,2,0,0,12,24,1.0,2
750,Lamar Elite - 9U - Red,2,0,0,17,30,1.0,3
750,LC Legends,1,1,0,19,16,0.5,4
750,Katy Bombers 9U,1,1,0,20,16,0.5,5
750,Marucci Elite Texas - Holden,1,1,0,21,13,0.5,6
750,Texans,0,2,0,23,12,0.0,7
750,Houston Bandits 9u,0,2,0,24,19,0.0,8
750,Texas Elite Lobos - Gold,0,2,0,24,16,0.0,9
751,SOUTH COAST CREAM X.,2,0,0,12,24,1.0,1
751,Marucci Elite Texas - Holden,1,0,1,16,21,0.75,2
751,Lamar Elite - 9U - Red,1,0,1,18,22,0.75,3
751,LC Legends,1,1,0,14,16,0.5,4
751,Banditos 9U Texas,1,1,0,16,16,0.5,5
751,Texans,1,1,0,20,18,0.5,6
751,Katy Bombers 9U,1,1,0,20,16,0.5,7
751,Houston Bandits 9u,0,2,0,23,14,0.0,8
751,Texas Elite Lobos - Gold,0,2,0,24,16,0.0,9
752,Banditos 9U Texas,2,0,0,9,16,1.0,1
752,SOUTH COAST CREAM X.,2,0,0,12,24,1.0,2
752,Lamar Elite - 9U - Red,2,0,0,17,22,1.0,3
752,Katy Bombers 9U,1,1,0,20,16,0.5,4
752,Marucci Elite Texas - Holden,0,1,1,17,13,0.25,5
752,Houston Bandits 9u,0,1,1,19,18,0.25,6
752,Texans,0,1,1,20,17,0.25,7
752,LC Legends,0,1,1,20,16,0.25,8
752,Texas Elite Lobos - Gold,0,2,0,24,16,0.0,9
753,SOUTH COAST CREAM X.,2,0,0,12,24,1.0,1
753,Marucci Elite Texas - Holden,2,0,0,15,25,1.0,2
753,Banditos 9U Texas,1,0,1,11,15,0.75,3
753,Houston Bandits 9u,1,1,0,15,12,0.5,4
753,LC Legends,1,1,0,17,14,0.5,5
753,Katy Bombers 9U,1,1,0,20,16,0.5,6
753,Texans,0,1,1,17,16,0.25,7
753,Lamar Elite - 9U - Red,0,2,0,21,14,0.0,8
753,Texas Elite Lobos - Gold,0,2,0,24,16,0.0,9
754,SOUTH COAST CREAM X.,2,0,0,12,24,1.0,1
754,Houston Bandits 9u,2,0,0,14,17,1.0,2
754,Banditos 9U Texas,1,1,0,17,16,0.5,3
754,LC Legends,1,1,0,17,16,0.5,4
754,Marucci Elite Texas - Holden,1,1,0,20,25,0.5,5
754,Texans,1,1,0,20,22,0.5,6
754,Katy Bombers 9U,1,1,0,20,16,0.5,7
754,Texas Elite Lobos - Gold,0,2,0,24,16,0.0,8
754,Lamar Elite - 9U - Red,0,2,0,25,17,0.0,9
755,SOUTH COAST CREAM X.,2,0,0,12,24,1.0,1
755,Lamar Elite - 9U - Red,2,0,0,17,23,1.0,2
755,Banditos 9U Texas,1,1,0,15,17,0.5,3
755,LC Legends,1,1,0,18,18,0.5,4
755,Katy Bombers 9U,1,1,0,20,16,0.5,5
755,Marucci Elite Texas - Holden,1,1,0,23,25,0.5,6
755,Texans,1,1,0,23,21,0.5,7
755,Texas Elite Lobos - Gold,0,2,0,24,16,0.0,8
755,Houston Bandits 9u,0,2,0,28,20,0.0,9
756,SOUTH COAST CREAM X.,2,0,0,12,24,1.0,1
756,Banditos 9U Texas,2,0,0,12,19,1.0,2
756,Lamar Elite - 9U - Red,2,0,0,21,26,1.0,3
756,Houston Bandits 9u,1,1,0,20,19,0.5,4
756,Katy Bombers 9U,1,1,0,20,16,0.5,5
756,Texans,1,1,0,21,19,0.5,6
756,Marucci Elite Texas - Holden,0,2,0,19,15,0.0,7
756,LC Legends,0,2,0,19,14,0.0,8
756,Texas Elite Lobos - Gold,0,2,0,24,16,0.0,9
757,SOUTH COAST CREAM X.,2,0,0,12,24,1.0,1
757,Marucci Elite Texas - Holden,2,0,0,15,23,1.0,2
757,Texans,1,1,0,17,24,0.5,3
757,Banditos 9U Texas,1,1,0,17,13,0.5,4
757,Houston Bandits 9u,1,1,0,19,16,0.5,5
757,LC Legends,1,1,0,19,16,0.5,6
757,Katy Bombers 9U,1,1,0,20,16,0.5,7
757,Lamar Elite - 9U - Red,0,2,0,15,10,0.0,8
757,Texas Elite Lobos - Gold,0,2,0,24,16,0.0,9
758,Marucci Elite Texas - Holden,2,0,0,12,26,1.0,1
758,SOUTH COAST CREAM X.,2,0,0,12,24,1.0,2
758,Texans,2,0,0,13,21,1.0,3
758,Banditos 9U Texas,1,1,0,14,13,0.5,4
758,Katy Bombers 9U,1,1,0,20,16,0.5,5
758,Houston Bandits 9u,1,1,0,23,14,0.5,6
758,LC Legends,0,2,0,19,12,0.0,7
758,Lamar Elite - 9U - Red,0,2,0,20,15,0.0,8
758,Texas Elite Lobos - Gold,0,2,0,24,16,0.0,9
759,SOUTH COAST CREAM X.,2,0,0,12,24,1.0,1
759,Texans,2,0,0,14,25,1.0,2
759,Marucci Elite Texas - Holden,1,0,1,15,23,0.75,3
759,Lamar Elite - 9U - Red,1,0,1,17,20,0.75,4
759,Banditos 9U Texas,1,1,0,15,16,0.5,5
759,Katy Bombers 9U,1,1,0,20,16,0.5,6
759,LC Legends,0,2,0,22,10,0.0,7
759,Texas Elite Lobos - Gold,0,2,0,24,16,0.0,8
759,Houston Bandits 9u,0,2,0,27,16,0.0,9
760,SOUTH COAST CREAM X.,2,0,0,12,24,1.0,1
760,Houston Bandits 9u,2,0,0,15,26,1.0,2
760,Banditos 9U Texas,2,0,0,17,23,1.0,3
760,Marucci Elite Texas - Holden,1,1,0,17,18,0.5,4
760,Katy Bombers 9U,1,1,0,20,16,0.5,5
760,LC Legends,0,1,1,19,15,0.25,6
760,Texans,0,1,1,26,24,0.25,7
760,Texas Elite Lobos - Gold,0,2,0,24,16,0.0,8
760,Lamar Elite - 9U - Red,0,2,0,25,13,0.0,9
761,SOUTH COAST CREAM X.,2,0,0,12,24,1.0,1
761,Banditos 9U Texas,2,0,0,12,18,1.0,2
761,Houston Bandits 9u,2,0,0,23,25,1.0,3
761,LC Legends,1,1,0,12,15,0.5,4
761,Katy Bombers 9U,1,1,0,20,16,0.5,5
761,Lamar Elite - 9U - Red,1,1,0,23,24,0.5,6
761,Texans,0,2,0,21,12,0.0,7
761,Marucci Elite Texas - Holden,0,2,0,24,21,0.0,8
761,Texas Elite Lobos - Gold,0,2,0,24,16,0.0,9
762,Banditos 9U Texas,2,0,0,12,26,1.0,1
762,SOUTH COAST CREAM X.,2,0,0,12,24,1.0,2
762,LC Legends,1,1,0,10,15,0.5,3
762,Marucci Elite Texas - Holden,1,1,0,17,20,0.5,4
762,Lamar Elite - 9U - Red,1,1,0,19,19,0.5,5
762,Katy Bombers 9U,1,1,0,20,16,0.5,6
762,Houston Bandits 9u,1,1,0,22,19,0.5,7
762,Texas Elite Lobos - Gold,0,2,0,24,16,0.0,8
762,Texans,0,2,0,29,10,0.0,9
763,Banditos 9U Texas,2,0,0,11,20,1.0,1
763,SOUTH COAST CREAM X.,2,0,0,12,24,1.0,2
763,Marucci Elite Texas - Holden,1,1,0,11,13,0.5,3
763,LC Legends,1,1,0,13,11,0.5,4
763,Lamar Elite - 9U - Red,1,1,0,16,17,0.5,5
763,Katy Bombers 9U,1,1,0,20,16,0.5,6
763,Houston Bandits 9u,1,1,0,21,18,0.5,7
763,Texans,0,2,0,19,12,0.0,8
763,Texas Elite Lobos - Gold,0,2,0,24,16,0.0,9
764,SOUTH COAST CREAM X.,2,0,0,12,24,1.0,1
764,Lamar Elite - 9U - Red,2,0,0,21,27,1.0,2
764,Banditos 9U Texas,1,1,0,15,15,0.5,3
764,LC Legends,1,1,0,16,16,0.5,4
764,Texans,1,1,0,19,19,0.5,5
764,Katy Bombers 9U,1,1,0,20,16,0.5,6
764,Marucci Elite Texas - Holden,1,1,0,25,23,0.5,7
764,Texas Elite Lobos - Gold,0,2,0,24,16,0.0,8
764,Houston Bandits 9u,0,2,0,29,25,0.0,9
765,SOUTH COAST CREAM X.,2,0,0,12,24,1.0,1
765,Banditos 9U Texas,2,0,0,16,25,1.0,2
765,Lamar Elite - 9U - Red,2,0,0,19,24,1.0,3
765,LC Legends,1,1,0,11,15,0.5,4
765,Houston Bandits 9u,1,1,0,16,17,0.5,5
765,Katy Bombers 9U,1,1,0,20,16,0.5,6
765,Marucci Elite Texas - Holden,0,2,0,20,14,0.0,7
765,Texas Elite Lobos - Gold,0,2,0,24,16,0.0,8
765,Texans,0,2,0,28,15,0.0,9
766,Banditos 9U Texas,2,0,0,8,14,1.0,1
766,SOUTH COAST CREAM X.,2,0,0,12,24,1.0,2
766,Marucci Elite Texas - Holden,2,0,0,16,30,1.0,3
766,LC Legends,1,1,0,16,15,0.5,4
766,Katy Bombers 9U,1,1,0,20,16,0.5,5
766,Houston Bandits 9u,1,1,0,22,14,0.5,6
766,Texans,0,2,0,17,12,0.0,7
766,Lamar Elite - 9U - Red,0,2,0,20,14,0.0,8
766,Texas Elite Lobos - Gold,0,2,0,24,16,0.0,9
767,SOUTH COAST CREAM X.,2,0,0,12,24,1.0,1
767,Lamar Elite - 9U - Red,2,0,0,12,20,1.0,2
767,Texans,1,1,0,13,20,0.5,3
767,LC Legends,1,1,0,15,12,0.5,4
767,Banditos 9U Texas,1,1,0,17,13,0.5,5
767,Houston Bandits 9u,1,1,0,20,20,0.5,6
767,Katy Bombers 9U,1,1,0,20,16,0.5,7
767,Marucci Elite Texas - Holden,0,2,0,19,11,0.0,8
767,Texas Elite Lobos - Gold,0,2,0,24,16,0.0,9
768,Marucci Elite Texas - Holden,2,0,0,10,23,1.0,1
768,SOUTH COAST CREAM X.,2,0,0,12,24,1.0,2
768,Texans,1,0,1,16,21,0.75,3
768,Banditos 9U Texas,1,1,0,17,16,0.5,4
768,Katy Bombers 9U,1,1,0,20,16,0.5,5
768,Houston Bandits 9u,1,1,0,21,13,0.5,6
768,LC Legends,0,1,1,16,12,0.25,7
768,Lamar Elite - 9U - Red,0,2,0,23,18,0.0,8
768,Texas Elite Lobos - Gold,0,2,0,24,16,0.0,9
769,SOUTH COAST CREAM X.,2,0,0,12,24,1.0,1
769,Banditos 9U Texas,2,0,0,18,23,1.0,2
769,Lamar Elite - 9U - Red,1,1,0,20,26,0.5,3
769,Katy Bombers 9U,1,1,0,20,16,0.5,4
769,Houston Bandits 9u,1,1,0,21,19,0.5,5
769,Marucci Elite Texas - Holden,1,1,0,22,18,0.5,6
769,Texans,1,1,0,27,30,0.5,7
769,LC Legends,0,2,0,24,16,0.0,8
769,Texas Elite Lobos - Gold,0,2,0,24,16,0.0,9
770,SOUTH COAST CREAM X.,2,0,0,12,24,1.0,1
770,Texans,2,0,0,14,27,1.0,2
770,Marucci Elite Texas - Holden,1,0,1,19,24,0.75,3
770,Banditos 9U Texas,1,1,0,15,13,0.5,4
770,Katy Bombers 9U,1,1,0,20,16,0.5,5
770,Lamar Elite - 9U - Red,1,1,0,21,21,0.5,6
770,Houston Bandits 9u,0,1,1,24,19,0.25,7
770,Texas Elite Lobos - Gold,0,2,0,24,16,0.0,8
770,LC Legends,0,2,0,24,13,0.0,9
771,SOUTH COAST CREAM X.,2,0,0,12,24,1.0,1
771,Lamar Elite - 9U - Red,2,0,0,14,25,1.0,2
771,Banditos 9U Texas,1,0,1,14,18,0.75,3
771,LC Legends,1,1,0,18,17,0.5,4
771,Katy Bombers 9U,1,1,0,20,16,0.5,5
771,Marucci Elite Texas - Holden,1,1,0,23,19,0.5,6
771,Texans,0,1,1,23,20,0.25,7
771,Texas Elite Lobos - Gold,0,2,0,24,16,0.0,8
771,Houston Bandits 9u,0,2,0,25,18,0.0,9
772,Marucci Elite Texas - Holden,2,0,0,10,27,1.0,1
772,SOUTH COAST CREAM X.,2,0,0,12,24,1.0,2
772,Banditos 9U Texas,2,0,0,16,21,1.0,3
772,Texans,1,1,0,18,22,0.5,4
772,Katy Bombers 9U,1,1,0,20,16,0.5,5
772,Houston Bandits 9u,1,1,0,21,18,0.5,6
772,LC Legends,0,2,0,18,9,0.0,7
772,Texas Elite Lobos - Gold,0,2,0,24,16,0.0,8
772,Lamar Elite - 9U - Red,0,2,0,27,13,0.0,9
773,SOUTH COAST CREAM X.,2,0,0,12,24,1.0,1
773,Marucci Elite Texas - Holden,1,0,1,16,23,0.75,2
773,Banditos 9U Texas,1,0,1,16,20,0.75,3
773,Houston Bandits 9u,1,0,1,19,23,0.75,4
773,LC Legends,1,1,0,18,16,0.5,5
773,Katy Bombers 9U,1,1,0,20,16,0.5,6
773,Texans,0,1,1,24,22,0.25,7
773,Texas Elite Lobos - Gold,0,2,0,24,16,0.0,8
773,Lamar Elite - 9U - Red,0,2,0,32,21,0.0,9
774,SOUTH COAST CREAM X.,2,0,0,12,24,1.0,1
774,Banditos 9U Texas,2,0,0,13,19,1.0,2
774,Marucci Elite Texas - Holden,1,1,0,13,15,0.5,3
774,Houston Bandits 9u,1,1,0,14,17,0.5,4
774,Lamar Elite - 9U - Red,1,1,0,19,14,0.5,5
774,Katy Bombers 9U,1,1,0,20,16,0.5,6
774,LC Legends,0,1,1,18,14,0.25,7
774,Texans,0,1,1,21,19,0.25,8
774,Texas Elite Lobos - Gold,0,2,0,24,16,0.0,9
775,SOUTH COAST CREAM X.,2,0,0,12,24,1.0,1
775,Houston Bandits 9u,2,0,0,13,21,1.0,2
775,Texans,1,0,1,20,25,0.75,3
775,Banditos 9U Texas,1,1,0,18,17,0.5,4
775,Katy Bombers 9U,1,1,0,20,16,0.5,5
775,Lamar Elite - 9U - Red,1,1,0,21,18,0.5,6
775,LC Legends,0,1,1,19,15,0.25,7
775,Marucci Elite Texas - Holden,0,2,0,20,15,0.0,8
775,Texas Elite Lobos - Gold,0,2,0,24,16,0.0,9
776,Banditos 9U Texas,2,0,0,10,19,1.0,1
776,SOUTH COAST CREAM X.,2,0,0,12,24,1.0,2
776,Lamar Elite - 9U - Red,1,0,1,16,17,0.75,3
776,Marucci Elite Texas - Holden,1,1,0,15,18,0.5,4
776,Texans,1,1,0,17,18,0.5,5
776,Katy Bombers 9U,1,1,0,20,16,0.5,6
776,Houston Bandits 9u,0,1,1,18,14,0.25,7
776,LC Legends,0,2,0,20,10,0.0,8
776,Texas Elite Lobos - Gold,0,2,0,24,16,0.0,9
777,SOUTH COAST CREAM X.,2,0,0,12,24,1.0,1
777,Lamar Elite - 9U - Red,2,0,0,16,23,1.0,2
777,Banditos 9U Texas,1,1,0,15,13,0.5,3
777,LC Legends,1,1,0,17,17,0.5,4
777,Texans,1,1,0,18,20,0.5,5
777,Katy Bombers 9U,1,1,0,20,16,0.5,6
777,Marucci Elite Texas - Holden,1,1,0,22,19,0.5,7
777,Houston Bandits 9u,0,2,0,19,15,0.0,8
777,Texas Elite Lobos - Gold,0,2,0,24,16,0.0,9
778,Banditos 9U Texas,2,0,0,11,16,1.0,1
778,SOUTH COAST CREAM X.,2,0,0,12,24,1.0,2
778,LC Legends,1,1,0,17,17,0.5,3
778,Marucci Elite Texas - Holden,1,1,0,18,22,0.5,4
778,Katy Bombers 9U,1,1,0,20,16,0.5,5
778,Lamar Elite - 9U - Red,1,1,0,21,20,0.5,6
778,Houston Bandits 9u,1,1,0,30,27,0.5,7
778,Texans,0,2,0,21,16,0.0,8
778,Texas Elite Lobos - Gold,0,2,0,24,16,0.0,9
779,Texans,2,0,0,9,21,1.0,1
779,SOUTH COAST CREAM X.,2,0,0,12,24,1.0,2
779,Marucci Elite Texas - Holden,1,0,1,15,18,0.75,3
779,Houston Bandits 9u,1,1,0,15,14,0.5,4
779,Banditos 9U Texas,1,1,0,17,11,0.5,5
779,Katy Bombers 9U,1,1,0,20,16,0.5,6
779,Lamar Elite - 9U - Red,0,1,1,19,17,0.25,7
779,LC Legends,0,2,0,16,10,0.0,8
779,Texas Elite Lobos - Gold,0,2,0,24,16,0.0,9
780,SOUTH COAST CREAM X.,2,0,0,12,24,1.0,1
780,Lamar Elite - 9U - Red,2,0,0,16,25,1.0,2
780,LC Legends,1,1,0,13,12,0.5,3
780,Texans,1,1,0,18,20,0.5,4
780,Houston Bandits 9u,1,1,0,19,22,0.5,5
780,Banditos 9U Texas,1,1,0,19,18,0.5,6
780,Katy Bombers 9U,1,1,0,20,16,0.5,7
780,Texas Elite Lobos - Gold,0,2,0,24,16,0.0,8
780,Marucci Elite Texas - Holden,0,2,0,28,16,0.0,9
781,Banditos 9U Texas,2,0,0,11,19,1.0,1
781,SOUTH COAST CREAM X.,2,0,0,12,24,1.0,2
781,Texans,1,1,0,14,12,0.5,3
781,Houston Bandits 9u,1,1,0,16,18,0.5,4
781,Lamar Elite - 9U - Red,1,1,0,18,17,0.5,5
781,Katy Bombers 9U,1,1,0,20,16,0.5,6
781,Marucci Elite Texas - Holden,1,1,0,22,21,0.5,7
781,LC Legends,0,2,0,13,7,0.0,8
781,Texas Elite Lobos - Gold,0,2,0,24,16,0.0,9
782,SOUTH COAST CREAM X.,2,0,0,12,24,1.0,1
782,LC Legends,1,1,0,12,16,0.5,2
782,Lamar Elite - 9U - Red,1,1,0,15,16,0.5,3
782,Houston Bandits 9u,1,1,0,17,17,0.5,4
782,Marucci Elite Texas - Holden,1,1,0,18,17,0.5,5
782,Banditos 9U Texas,1,1,0,19,18,0.5,6
782,Katy Bombers 9U,1,1,0,20,16,0.5,7
782,Texans,1,1,0,22,19,0.5,8
782,Texas Elite Lobos - Gold,0,2,0,24,16,0.0,9
783,SOUTH COAST CREAM X.,2,0,0,12,24,1.0,1
783,Banditos 9U Texas,2,0,0,13,21,1.0,2
783,Marucci Elite Texas - Holden,1,0,1,19,21,0.75,3
783,Texans,1,1,0,18,18,0.5,4
783,Katy Bombers 9U,1,1,0,20,16,0.5,5
783,Houston Bandits 9u,1,1,0,23,22,0.5,6
783,Lamar Elite - 9U - Red,0,1,1,23,22,0.25,7
783,LC Legends,0,2,0,17,9,0.0,8
783,Texas Elite Lobos - Gold,0,2,0,24,16,0.0,9
784,SOUTH COAST CREAM X.,2,0,0,12,24,1.0,1
784,Banditos 9U Texas,2,0,0,12,19,1.0,2
784,Houston Bandits 9u,1,1,0,13,12,0.5,3
784,Lamar Elite - 9U - Red,1,1,0,14,16,0.5,4
784,LC Legends,1,1,0,15,12,0.5,5
784,Marucci Elite Texas - Holden,1,1,0,16,15,0.5,6
784,Katy Bombers 9U,1,1,0,20,16,0.5,7
784,Texans,0,2,0,19,15,0.0,8
784,Texas Elite Lobos - Gold,0,2,0,24,16,0.0,9
785,Banditos 9U Texas,2,0,0,10,15,1.0,1
785,SOUTH COAST CREAM X.,2,0,0,12,24,1.0,2
785,LC Legends,1,1,0,12,16,0.5,3
785,Houston Bandits 9u,1,1,0,19,21,0.5,4
785,Katy Bombers 9U,1,1,0,20,16,0.5,5
785,Lamar Elite - 9U - Red,1,1,0,21,22,0.5,6
785,Marucci Elite Texas - Holden,1,1,0,24,21,0.5,7
785,Texans,0,2,0,19,10,0.0,8
785,Texas Elite Lobos - Gold,0,2,0,24,16,0.0,9
786,Banditos 9U Texas,2,0,0,10,18,1.0,1
786,SOUTH COAST CREAM X.,2,0,0,12,24,1.0,2
786,Houston Bandits 9u,1,0,1,17,19,0.75,3
786,Texans,1,1,0,14,19,0.5,4
786,Lamar Elite - 9U - Red,1,1,0,18,21,0.5,5
786,Katy Bombers 9U,1,1,0,20,16,0.5,6
786,Marucci Elite Texas - Holden,0,1,1,18,13,0.25,7
786,LC Legends,0,2,0,21,8,0.0,8
786,Texas Elite Lobos - Gold,0,2,0,24,16,0.0,9
787,Banditos 9U Texas,2,0,0,10,17,1.0,1
787,SOUTH COAST CREAM X.,2,0,0,12,24,1.0,2
787,Houston Bandits 9u,1,0,1,19,24,0.75,3
787,LC Legends,1,1,0,15,20,0.5,4
787,Katy Bombers 9U,1,1,0,20,16,0.5,5
787,Marucci Elite Texas - Holden,1,1,0,23,19,0.5,6
787,Lamar Elite - 9U - Red,0,1,1,22,21,0.25,7
787,Texas Elite Lobos - Gold,0,2,0,24,16,0.0,8
787,Texans,0,2,0,25,13,0.0,9
788,SOUTH COAST CREAM X.,2,0,0,12,24,1.0,1
788,Banditos 9U Texas,1,0,1,12,16,0.75,2
788,Marucci Elite Texas - Holden,1,1,0,14,17,0.5,3
788,LC Legends,1,1,0,16,15,0.5,4
788,Lamar Elite - 9U - Red,1,1,0,18,17,0.5,5
788,Houston Bandits 9u,1,1,0,19,17,0.5,6
788,Katy Bombers 9U,1,1,0,20,16,0.5,7
788,Texans,0,1,1,19,16,0.25,8
788,Texas Elite Lobos - Gold,0,2,0,24,16,0.0,9
789,Banditos 9U Texas,2,0,0,11,25,1.0,1
789,SOUTH COAST CREAM X.,2,0,0,12,24,1.0,2
789,LC Legends,1,1,0,12,11,0.5,3
789,Marucci Elite Texas - Holden,1,1,0,18,20,0.5,4
789,Lamar Elite - 9U - Red,1,1,0,19,19,0.5,5
789,Houston Bandits 9u,1,1,0,20,18,0.5,6
789,Katy Bombers 9U,1,1,0,20,16,0.5,7
789,Texas Elite Lobos - Gold,0,2,0,24,16,0.0,8
789,Texans,0,2,0,24,11,0.0,9
790,SOUTH COAST CREAM X.,2,0,0,12,24,1.0,1
790,Texans,2,0,0,16,21,1.0,2
790,Marucci Elite Texas - Holden,2,0,0,17,27,1.0,3
790,Banditos 9U Texas,1,1,0,15,18,0.5,4
790,Katy Bombers 9U,1,1,0,20,16,0.5,5
790,Houston Bandits 9u,1,1,0,25,22,0.5,6
790,LC Legends,0,2,0,18,10,0.0,7
790,Lamar Elite - 9U - Red,0,2,0,22,15,0.0,8
790,Texas Elite Lobos - Gold,0,2,0,24,16,0.0,9
791,SOUTH COAST CREAM X.,2,0,0,12,24,1.0,1
791,Texans,1,1,0,12,13,0.5,2
791,Banditos 9U Texas,1,1,0,12,12,0.5,3
791,LC Legends,1,1,0,13,12,0.5,4
791,Lamar Elite - 9U - Red,1,1,0,17,19,0.5,5
791,Marucci Elite Texas - Holden,1,1,0,19,18,0.5,6
791,Katy Bombers 9U,1,1,0,20,16,0.5,7
791,Houston Bandits 9u,1,1,0,23,22,0.5,8
791,Texas Elite Lobos - Gold,0,2,0,24,16,0.0,9
792,SOUTH COAST CREAM X.,2,0,0,12,24,1.0,1
792,Marucci Elite Texas - Holden,2,0,0,19,27,1.0,2
792,LC Legends,1,1,0,15,15,0.5,3
792,Banditos 9U Texas,1,1,0,19,19,0.5,4
792,Katy Bombers 9U,1,1,0,20,16,0.5,5
792,Texans,1,1,0,22,22,0.5,6
792,Houston Bandits 9u,1,1,0,24,23,0.5,7
792,Lamar Elite - 9U - Red,0,2,0,24,17,0.0,8
792,Texas Elite Lobos - Gold,0,2,0,24,16,0.0,9
793,Banditos 9U Texas,2,0,0,10,20,1.0,1
793,Houston Bandits 9u,2,0,0,12,26,1.0,2
793,SOUTH COAST CREAM X.,2,0,0,12,24,1.0,3
793,LC Legends,1,1,0,14,15,0.5,4
793,Katy Bombers 9U,1,1,0,20,16,0.5,5
793,Marucci Elite Texas - Holden,1,1,0,21,14,0.5,6
793,Texans,0,2,0,23,12,0.0,7
793,Texas Elite Lobos - Gold,0,2,0,24,16,0.0,8
793,Lamar Elite - 9U - Red,0,2,0,26,19,0.0,9
794,SOUTH COAST CREAM X.,2,0,0,12,24,1.0,1
794,Texans,2,0,0,15,32,1.0,2
794,Marucci Elite Texas - Holden,2,0,0,20,23,1.0,3
794,Lamar Elite - 9U - Red,1,1,0,16,28,0.5,4
794,Katy Bombers 9U,1,1,0,20,16,0.5,5
794,Banditos 9U Texas,1,1,0,24,18,0.5,6
794,LC Legends,0,2,0,20,9,0.0,7
794,Texas Elite Lobos - Gold,0,2,0,24,16,0.0,8
794,Houston Bandits 9u,0,2,0,33,18,0.0,9
795,SOUTH COAST CREAM X.,2,0,0,12,24,1.0,1
795,Lamar Elite - 9U - Red,2,0,0,13,25,1.0,2
795,Banditos 9U Texas,1,0,1,15,19,0.75,3
795,LC Legends,1,1,0,15,13,0.5,4
795,Katy Bombers 9U,1,1,0,20,16,0.5,5
795,Marucci Elite Texas - Holden,1,1,0,23,16,0.5,6
795,Texans,0,1,1,20,18,0.25,7
795,Houston Bandits 9u,0,2,0,20,15,0.0,8
795,Texas Elite Lobos - Gold,0,2,0,24,16,0.0,9
796,SOUTH COAST CREAM X.,2,0,0,12,24,1.0,1
796,Texans,2,0,0,14,22,1.0,2
796,Lamar Elite - 9U - Red,2,0,0,20,29,1.0,3
796,Banditos 9U Texas,1,1,0,17,14,0.5,4
796,Marucci Elite Texas - Holden,1,1,0,19,15,0.5,5
796,Katy Bombers 9U,1,1,0,20,16,0.5,6
796,LC Legends,0,2,0,17,12,0.0,7
796,Houston Bandits 9u,0,2,0,24,19,0.0,8
796,Texas Elite Lobos - Gold,0,2,0,24,16,0.0,9
797,SOUTH COAST CREAM X.,2,0,0,12,24,1.0,1
797,Lamar Elite - 9U - Red,2,0,0,16,19,1.0,2
797,LC Legends,1,1,0,15,12,0.5,3
797,Texans,1,1,0,19,22,0.5,4
797,Marucci Elite Texas - Holden,1,1,0,19,20,0.5,5
797,Banditos 9U Texas,1,1,0,19,19,0.5,6
797,Katy Bombers 9U,1,1,0,20,16,0.5,7
797,Houston Bandits 9u,0,2,0,19,15,0.0,8
797,Texas Elite Lobos - Gold,0,2,0,24,16,0.0,9
798,SOUTH COAST CREAM X.,2,0,0,12,24,1.0,1
798,Banditos 9U Texas,2,0,0,14,19,1.0,2
798,Marucci Elite Texas - Holden,1,0,1,10,14,0.75,3
798,LC Legends,1,1,0,16,17,0.5,4
798,Houston Bandits 9u,1,1,0,18,17,0.5,5
798,Katy Bombers 9U,1,1,0,20,16,0.5,6
798,Lamar Elite - 9U - Red,0,1,1,19,16,0.25,7
798,Texans,0,2,0,24,18,0.0,8
798,Texas Elite Lobos - Gold,0,2,0,24,16,0.0,9
799,Houston Bandits 9u,2,0,0,10,17,1.0,1
799,SOUTH COAST CREAM X.,2,0,0,12,24,1.0,2
799,Texans,1,0,1,23,26,0.75,3
799,Banditos 9U Texas,1,1,0,14,15,0.5,4
799,Lamar Elite - 9U - Red,1,1,0,20,19,0.5,5
799,Katy Bombers 9U,1,1,0,20,16,0.5,6
799,LC Legends,0,1,1,24,20,0.25,7
799,Marucci Elite Texas - Holden,0,2,0,22,16,0.0,8
799,Texas Elite Lobos - Gold,0,2,0,24,16,0.0,9
800,SOUTH COAST CREAM X.,2,0,0,12,24,1.0,1
800,Banditos 9U Texas,2,0,0,15,21,1.0,2
800,Houston Bandits 9u,1,0,1,14,19,0.75,3
800,Marucci Elite Texas - Holden,0,0,2,15,15,0.5,4
800,Katy Bombers 9U,1,1,0,20,16,0.5,5
800,Texans,1,1,0,24,27,0.5,6
800,Lamar Elite - 9U - Red,0,1,1,18,13,0.25,7
800,Texas Elite Lobos - Gold,0,2,0,24,16,0.0,8
800,LC Legends,0,2,0,24,15,0.0,9
801,Banditos 9U Texas,2,0,0,10,23,1.0,1
801,SOUTH COAST CREAM X.,2,0,0,12,24,1.0,2
801,Houston Bandits 9u,2,0,0,18,27,1.0,3
801,Katy Bombers 9U,1,1,0,20,16,0.5,4
801,Marucci Elite Texas - Holden,1,1,0,22,21,0.5,5
801,Texans,1,1,0,24,21,0.5,6
801,LC Legends,0,2,0,23,13,0.0,7
801,Texas Elite Lobos - Gold,0,2,0,24,16,0.0,8
801,Lamar Elite - 9U - Red,0,2,0,27,19,0.0,9
802,SOUTH COAST CREAM X.,2,0,0,12,24,1.0,1
802,Houston Bandits 9u,2,0,0,13,25,1.0,2
802,Texans,1,1,0,15,24,0.5,3
802,Lamar Elite - 9U - Red,1,1,0,17,21,0.5,4
802,LC Legends,1,1,0,18,15,0.5,5
802,Banditos 9U Texas,1,1,0,18,12,0.5,6
802,Katy Bombers 9U,1,1,0,20,16,0.5,7
802,Texas Elite Lobos - Gold,0,2,0,24,16,0.0,8
802,Marucci Elite Texas - Holden,0,2,0,33,17,0.0,9
803,SOUTH COAST CREAM X.,2,0,0,12,24,1.0,1
803,Texans,2,0,0,14,17,1.0,2
803,Banditos 9U Texas,1,1,0,11,13,0.5,3
803,Lamar Elite - 9U - Red,1,1,0,18,18,0.5,4
803,Houston Bandits 9u,1,1,0,19,23,0.5,5
803,Katy Bombers 9U,1,1,0,20,16,0.5,6
803,Marucci Elite Texas - Holden,1,1,0,23,19,0.5,7
803,LC Legends,0,2,0,18,13,0.0,8
803,Texas Elite Lobos - Gold,0,2,0,24,16,0.0,9
804,Banditos 9U Texas,2,0,0,10,18,1.0,1
804,SOUTH COAST CREAM X.,2,0,0,12,24,1.0,2
804,Lamar Elite - 9U - Red,2,0,0,18,21,1.0,3
804,Marucci Elite Texas - Holden,1,1,0,13,19,0.5,4
804,Texans,1,1,0,14,18,0.5,5
804,Katy Bombers 9U,1,1,0,20,16,0.5,6
804,LC Legends,0,2,0,20,8,0.0,7
804,Houston Bandits 9u,0,2,0,23,14,0.0,8
804,Texas Elite Lobos - Gold,0,2,0,24,16,0.0,9
805,Marucci Elite Texas - Holden,2,0,0,11,22,1.0,1
805,SOUTH COAST CREAM X.,2,0,0,12,24,1.0,2
805,Texans,2,0,0,15,22,1.0,3
805,Banditos 9U Texas,1,1,0,18,16,0.5,4
805,Lamar Elite - 9U - Red,1,1,0,19,18,0.5,5
805,Katy Bombers 9U,1,1,0,20,16,0.5,6
805,LC Legends,0,2,0,16,11,0.0,7
805,Houston Bandits 9u,0,2,0,23,13,0.0,8
805,Texas Elite Lobos - Gold,0,2,0,24,16,0.0,9
806,SOUTH COAST CREAM X.,2,0,0,12,24,1.0,1
806,Texans,2,0,0,14,16,1.0,2
806,Marucci Elite Texas - Holden,1,0,1,16,17,0.75,3
806,Banditos 9U Texas,1,1,0,13,16,0.5,4
806,Lamar Elite - 9U - Red,1,1,0,19,21,0.5,5
806,Katy Bombers 9U,1,1,0,20,16,0.5,6
806,Houston Bandits 9u,0,1,1,21,18,0.25,7
806,LC Legends,0,2,0,15,10,0.0,8
806,Texas Elite Lobos - Gold,0,2,0,24,16,0.0,9
807,SOUTH COAST CREAM X.,2,0,0,12,24,1.0,1
807,Lamar Elite - 9U - Red,2,0,0,15,27,1.0,2
807,Texans,2,0,0,21,24,1.0,3
807,Banditos 9U Texas,1,1,0,14,16,0.5,4
807,Marucci Elite Texas - Holden,1,1,0,19,16,0.5,5
807,Katy Bombers 9U,1,1,0,20,16,0.5,6
807,LC Legends,0,2,0,22,17,0.0,7
807,Texas Elite Lobos - Gold,0,2,0,24,16,0.0,8
807,Houston Bandits 9u,0,2,0,26,17,0.0,9
808,Banditos 9U Texas,2,0,0,8,20,1.0,1
808,SOUTH COAST CREAM X.,2,0,0,12,24,1.0,2
808,Houston Bandits 9u,2,0,0,15,20,1.0,3
808,Lamar Elite - 9U - Red,1,1,0,18,16,0.5,4
808,Katy Bombers 9U,1,1,0,20,16,0.5,5
808,LC Legends,0,1,1,15,11,0.25,6
808,Texans,0,1,1,19,11,0.25,7
808,Marucci Elite Texas - Holden,0,2,0,22,19,0.0,8
808,Texas Elite Lobos - Gold,0,2,0,24,16,0.0,9
809,Houston Bandits 9u,2,0,0,11,21,1.0,1
809,SOUTH COAST CREAM X.,2,0,0,12,24,1.0,2
809,Banditos 9U Texas,1,0,1,14,18,0.75,3
809,Texans,1,0,1,21,24,0.75,4
809,Marucci Elite Texas - Holden,1,1,0,19,13,0.5,5
809,Katy Bombers 9U,1,1,0,20,16,0.5,6
809,Lamar Elite - 9U - Red,0,2,0,19,15,0.0,7
809,LC Legends,0,2,0,22,15,0.0,8
809,Texas Elite Lobos - Gold,0,2,0,24,16,0.0,9
810,SOUTH COAST CREAM X.,2,0,0,12,24,1.0,1
810,Lamar Elite - 9U - Red,1,0,1,15,19,0.75,2
810,Houston Bandits 9u,1,0,1,15,19,0.75,3
810,Banditos 9U Texas,1,1,0,14,12,0.5,4
810,Katy Bombers 9U,1,1,0,20,16,0.5,5
810,LC Legends,1,1,0,21,22,0.5,6
810,Texans,1,1,0,22,23,0.5,7
810,Marucci Elite Texas - Holden,0,2,0,18,10,0.0,8
810,Texas Elite Lobos - Gold,0,2,0,24,16,0.0,9
811,SOUTH COAST CREAM X.,2,0,0,12,24,1.0,1
811,Banditos 9U Texas,1,0,1,13,17,0.75,2
811,Houston Bandits 9u,1,1,0,16,23,0.5,3
811,LC Legends,1,1,0,16,13,0.5,4
811,Lamar Elite - 9U - Red,1,1,0,19,20,0.5,5
811,Marucci Elite Texas - Holden,1,1,0,19,11,0.5,6
811,Katy Bombers 9U,1,1,0,20,16,0.5,7
811,Texans,0,1,1,18,17,0.25,8
811,Texas Elite Lobos - Gold,0,2,0,24,16,0.0,9
812,Houston Bandits 9u,2,0,0,10,26,1.0,1
812,SOUTH COAST CREAM X.,2,0,0,12,24,1.0,2
812,Texans,1,0,1,22,24,0.75,3
812,Banditos 9U Texas,1,1,0,17,19,0.5,4
812,Katy Bombers 9U,1,1,0,20,16,0.5,5
812,Marucci Elite Texas - Holden,0,1,1,16,13,0.25,6
812,LC Legends,0,1,1,19,15,0.25,7
812,Lamar Elite - 9U - Red,0,1,1,24,11,0.25,8
812,Texas Elite Lobos - Gold,0,2,0,24,16,0.0,9
813,SOUTH COAST CREAM X.,2,0,0,12,24,1.0,1
813,Houston Bandits 9u,2,0,0,16,22,1.0,2
813,LC Legends,1,1,0,14,22,0.5,3
813,Banditos 9U Texas,1,1,0,16,16,0.5,4
813,Lamar Elite - 9U - Red,1,1,0,16,13,0.5,5
813,Katy Bombers 9U,1,1,0,20,16,0.5,6
813,Texans,1,1,0,26,18,0.5,7
813,Marucci Elite Texas - Holden,0,2,0,20,17,0.0,8
813,Texas Elite Lobos - Gold,0,2,0,24,16,0.0,9
814,SOUTH COAST CREAM X.,2,0,0,12,24,1.0,1
814,Texans,2,0,0,21,31,1.0,2
814,Marucci Elite Texas - Holden,1,1,0,17,16,0.5,3
814,Katy Bombers 9U,1,1,0,20,16,0.5,4
814,Lamar Elite - 9U - Red,1,1,0,21,20,0.5,5
814,Houston Bandits 9u,1,1,0,22,24,0.5,6
814,Banditos 9U Texas,1,1,0,26,21,0.5,7
814,LC Legends,0,2,0,17,12,0.0,8
814,Texas Elite Lobos - Gold,0,2,0,24,16,0.0,9
815,SOUTH COAST CREAM X.,2,0,0,12,24,1.0,1
815,Texans,2,0,0,20,24,1.0,2
815,Marucci Elite Texas - Holden,2,0,0,21,24,1.0,3
815,Houston Bandits 9u,1,1,0,18,20,0.5,4
815,Banditos 9U Texas,1,1,0,19,21,0.5,5
815,Katy Bombers 9U,1,1,0,20,16,0.5,6
815,LC Legends,0,2,0,17,11,0.0,7
815,Lamar Elite - 9U - Red,0,2,0,21,16,0.0,8
815,Texas Elite Lobos - Gold,0,2,0,24,16,0.0,9
816,SOUTH COAST CREAM X.,2,0,0,12,24,1.0,1
816,Banditos 9U Texas,1,0,1,13,17,0.75,2
816,Texans,1,0,1,20,26,0.75,3
816,Lamar Elite - 9U - Red,1,0,1,23,24,0.75,4
816,Houston Bandits 9u,1,1,0,15,18,0.5,5
816,Katy Bombers 9U,1,1,0,20,16,0.5,6
816,Marucci Elite Texas - Holden,0,1,1,23,19,0.25,7
816,Texas Elite Lobos - Gold,0,2,0,24,16,0.0,8
816,LC Legends,0,2,0,25,15,0.0,9
817,SOUTH COAST CREAM X.,2,0,0,12,24,1.0,1
817,Marucci Elite Texas - Holden,2,0,0,16,25,1.0,2
817,Texans,2,0,0,18,26,1.0,3
817,Banditos 9U Texas,1,1,0,20,21,0.5,4
817,Katy Bombers 9U,1,1,0,20,16,0.5,5
817,Houston Bandits 9u,1,1,0,25,25,0.5,6
817,LC Legends,0,2,0,18,9,0.0,7
817,Texas Elite Lobos - Gold,0,2,0,24,16,0.0,8
817,Lamar Elite - 9U - Red,0,2,0,26,17,0.0,9
818,SOUTH COAST CREAM X.,2,0,0,12,24,1.0,1
818,Banditos 9U Texas,2,0,0,15,24,1.0,2
818,Marucci Elite Texas - Holden,1,1,0,20,21,0.5,3
818,Katy Bombers 9U,1,1,0,20,16,0.5,4
818,Houston Bandits 9u,1,1,0,23,25,0.5,5
818,Texans,1,1,0,23,19,0.5,6
818,Lamar Elite - 9U - Red,1,1,0,24,21,0.5,7
818,LC Legends,0,2,0,16,11,0.0,8
818,Texas Elite Lobos - Gold,0,2,0,24,16,0.0,9
819,SOUTH COAST CREAM X.,2,0,0,12,24,1.0,1
819,Banditos 9U Texas,2,0,0,13,18,1.0,2
819,Houston Bandits 9u,2,0,0,19,27,1.0,3
819,Texans,1,1,0,18,24,0.5,4
819,Katy Bombers 9U,1,1,0,20,16,0.5,5
819,Lamar Elite - 9U - Red,1,1,0,25,19,0.5,6
819,LC Legends,0,2,0,23,12,0.0,7
819,Texas Elite Lobos - Gold,0,2,0,24,16,0.0,8
819,Marucci Elite Texas - Holden,0,2,0,25,23,0.0,9
820,SOUTH COAST CREAM X.,2,0,0,12,24,1.0,1
820,Texans,1,1,0,13,16,0.5,2
820,LC Legends,1,1,0,13,11,0.5,3
820,Banditos 9U Texas,1,1,0,15,14,0.5,4
820,Lamar Elite - 9U - Red,1,1,0,19,20,0.5,5
820,Houston Bandits 9u,1,1,0,20,21,0.5,6
820,Marucci Elite Texas - Holden,1,1,0,20,18,0.5,7
820,Katy Bombers 9U,1,1,0,20,16,0.5,8
820,Texas Elite Lobos - Gold,0,2,0,24,16,0.0,9
821,Banditos 9U Texas,2,0,0,10,15,1.0,1
821,SOUTH COAST CREAM X.,2,0,0,12,24,1.0,2
821,Lamar Elite - 9U - Red,2,0,0,13,23,1.0,3
821,Marucci Elite Texas - Holden,1,1,0,13,16,0.5,4
821,LC Legends,1,1,0,16,15,0.5,5
821,Katy Bombers 9U,1,1,0,20,16,0.5,6
821,Texans,0,2,0,18,14,0.0,7
821,Texas Elite Lobos - Gold,0,2,0,24,16,0.0,8
821,Houston Bandits 9u,0,2,0,25,12,0.0,9
822,SOUTH COAST CREAM X.,2,0,0,12,24,1.0,1
822,Banditos 9U Texas,2,0,0,14,22,1.0,2
822,Houston Bandits 9u,1,1,0,17,19,0.5,3
822,Marucci Elite Texas - Holden,1,1,0,19,18,0.5,4
822,Lamar Elite - 9U - Red,1,1,0,20,19,0.5,5
822,Katy Bombers 9U,1,1,0,20,16,0.5,6
822,Texans,1,1,0,23,22,0.5,7
822,LC Legends,0,2,0,20,13,0.0,8
822,Texas Elite Lobos - Gold,0,2,0,24,16,0.0,9
823,Banditos 9U Texas,2,0,0,9,14,1.0,1
823,SOUTH COAST CREAM X.,2,0,0,12,24,1.0,2
823,Houston Bandits 9u,2,0,0,20,28,1.0,3
823,Texans,1,1,0,11,16,0.5,4
823,Katy Bombers 9U,1,1,0,20,16,0.5,5
823,Lamar Elite - 9U - Red,1,1,0,21,22,0.5,6
823,LC Legends,0,2,0,19,9,0.0,7
823,Texas Elite Lobos - Gold,0,2,0,24,16,0.0,8
823,Marucci Elite Texas - Holden,0,2,0,29,20,0.0,9
824,SOUTH COAST CREAM X.,2,0,0,12,24,1.0,1
824,Banditos 9U Texas,2,0,0,14,25,1.0,2
824,Marucci Elite Texas - Holden,1,0,1,12,23,0.75,3
824,LC Legends,1,1,0,16,14,0.5,4
824,Katy Bombers 9U,1,1,0,20,16,0.5,5
824,Houston Bandits 9u,1,1,0,24,16,0.5,6
824,Lamar Elite - 9U - Red,0,1,1,20,17,0.25,7
824,Texas Elite Lobos - Gold,0,2,0,24,16,0.0,8
824,Texans,0,2,0,27,18,0.0,9
825,SOUTH COAST CREAM X.,2,0,0,12,24,1.0,1
825,Lamar Elite - 9U - Red,2,0,0,17,27,1.0,2
825,Texans,2,0,0,21,25,1.0,3
825,Banditos 9U Texas,1,1,0,17,18,0.5,4
825,Katy Bombers 9U,1,1,0,20,16,0.5,5
825,Marucci Elite Texas - Holden,1,1,0,24,23,0.5,6
825,LC Legends,0,2,0,20,15,0.0,7
825,Texas Elite Lobos - Gold,0,2,0,24,16,0.0,8
825,Houston Bandits 9u,0,2,0,26,17,0.0,9
826,SOUTH COAST CREAM X.,2,0,0,12,24,1.0,1
826,Banditos 9U Texas,2,0,0,13,18,1.0,2
826,Marucci Elite Texas - Holden,2,0,0,20,26,1.0,3
826,Texans,1,1,0,18,22,0.5,4
826,Katy Bombers 9U,1,1,0,20,16,0.5,5
826,Lamar Elite - 9U - Red,1,1,0,23,21,0.5,6
826,Houston Bandits 9u,0,2,0,20,16,0.0,7
826,LC Legends,0,2,0,21,12,0.0,8
826,Texas Elite Lobos - Gold,0,2,0,24,16,0.0,9
827,SOUTH COAST CREAM X.,2,0,0,12,24,1.0,1
827,Banditos 9U Texas,2,0,0,15,20,1.0,2
827,Houston Bandits 9u,1,0,1,14,23,0.75,3
827,Lamar Elite - 9U - Red,1,0,1,16,17,0.75,4
827,LC Legends,1,1,0,16,20,0.5,5
827,Katy Bombers 9U,1,1,0,20,16,0.5,6
827,Texas Elite Lobos - Gold,0,2,0,24,16,0.0,7
827,Marucci Elite Texas - Holden,0,2,0,24,14,0.0,8
827,Texans,0,2,0,28,19,0.0,9
828,SOUTH COAST CREAM X.,2,0,0,12,24,1.0,1
828,Lamar Elite - 9U - Red,2,0,0,16,21,1.0,2
828,Marucci Elite Texas - Holden,1,1,0,15,17,0.5,3
828,Texans,1,1,0,18,29,0.5,4
828,LC Legends,1,1,0,20,17,0.5,5
828,Katy Bombers 9U,1,1,0,20,16,0.5,6
828,Banditos 9U Texas,1,1,0,21,13,0.5,7
828,Houston Bandits 9u,0,2,0,22,15,0.0,8
828,Texas Elite Lobos - Gold,0,2,0,24,16,0.0,9
829,SOUTH COAST CREAM X.,2,0,0,12,24,1.0,1
829,Banditos 9U Texas,2,0,0,12,18,1.0,2
829,Lamar Elite - 9U - Red,2,0,0,17,22,1.0,3
829,LC Legends,1,1,0,15,13,0.5,4
829,Marucci Elite Texas - Holden,1,1,0,18,21,0.5,5
829,Katy Bombers 9U,1,1,0,20,16,0.5,6
829,Texans,0,2,0,19,15,0.0,7
829,Texas Elite Lobos - Gold,0,2,0,24,16,0.0,8
829,Houston Bandits 9u,0,2,0,25,17,0.0,9
830,Banditos 9U Texas,2,0,0,10,17,1.0,1
830,SOUTH COAST CREAM X.,2,0,0,12,24,1.0,2
830,Houston Bandits 9u,1,0,1,14,20,0.75,3
830,Lamar Elite - 9U - Red,1,1,0,15,10,0.5,4
830,Texans,1,1,0,16,17,0.5,5
830,Katy Bombers 9U,1,1,0,20,16,0.5,6
830,Marucci Elite Texas - Holden,0,1,1,18,17,0.25,7
830,LC Legends,0,2,0,19,11,0.0,8
830,Texas Elite Lobos - Gold,0,2,0,24,16,0.0,9
831,SOUTH COAST CREAM X.,2,0,0,12,24,1.0,1
831,Banditos 9U Texas,1,1,0,14,13,0.5,2
831,LC Legends,1,1,0,17,18,0.5,3
831,Houston Bandits 9u,1,1,0,19,20,0.5,4
831,Texans,1,1,0,19,19,0.5,5
831,Marucci Elite Texas - Holden,1,1,0,19,15,0.5,6
831,Lamar Elite - 9U - Red,1,1,0,20,23,0.5,7
831,Katy Bombers 9U,1,1,0,20,16,0.5,8
831,Texas Elite Lobos - Gold,0,2,0,24,16,0.0,9
832,SOUTH COAST CREAM X.,2,0,0,12,24,1.0,1
832,Houston Bandits 9u,2,0,0,19,26,1.0,2
832,Banditos 9U Texas,1,1,0,15,17,0.5,3
832,LC Legends,1,1,0,16,14,0.5,4
832,Lamar Elite - 9U - Red,1,1,0,18,18,0.5,5
832,Texans,1,1,0,19,19,0.5,6
832,Katy Bombers 9U,1,1,0,20,16,0.5,7
832,Texas Elite Lobos - Gold,0,2,0,24,16,0.0,8
832,Marucci Elite Texas - Holden,0,2,0,26,19,0.0,9
833,Banditos 9U Texas,2,0,0,6,16,1.0,1
833,SOUTH COAST CREAM X.,2,0,0,12,24,1.0,2
833,Texans,1,1,0,14,15,0.5,3
833,Lamar Elite - 9U - Red,1,1,0,17,22,0.5,4
833,Houston Bandits 9u,1,1,0,17,21,0.5,5
833,Katy Bombers 9U,1,1,0,20,16,0.5,6
833,Marucci Elite Texas - Holden,1,1,0,20,11,0.5,7
833,LC Legends,0,2,0,21,10,0.0,8
833,Texas Elite Lobos - Gold,0,2,0,24,16,0.0,9
834,Banditos 9U Texas,2,0,0,11,17,1.0,1
834,SOUTH COAST CREAM X.,2,0,0,12,24,1.0,2
834,Texans,1,1,0,15,20,0.5,3
834,Houston Bandits 9u,1,1,0,18,16,0.5,4
834,Lamar Elite - 9U - Red,1,1,0,19,23,0.5,5
834,Katy Bombers 9U,1,1,0,20,16,0.5,6
834,Marucci Elite Texas - Holden,1,1,0,24,22,0.5,7
834,LC Legends,0,2,0,21,10,0.0,8
834,Texas Elite Lobos - Gold,0,2,0,24,16,0.0,9
835,SOUTH COAST CREAM X.,2,0,0,12,24,1.0,1
835,Texans,2,0,0,17,23,1.0,2
835,Banditos 9U Texas,1,1,0,16,15,0.5,3
835,Lamar Elite - 9U - Red,1,1,0,17,21,0.5,4
835,Houston Bandits 9u,1,1,0,19,20,0.5,5
835,Katy Bombers 9U,1,1,0,20,16,0.5,6
835,Marucci Elite Texas - Holden,1,1,0,24,19,0.5,7
835,LC Legends,0,2,0,19,14,0.0,8
835,Texas Elite Lobos - Gold,0,2,0,24,16,0.0,9
836,SOUTH COAST CREAM X.,2,0,0,12,24,1.0,1
836,Texans,2,0,0,15,20,1.0,2
836,Marucci Elite Texas - Holden,2,0,0,21,30,1.0,3
836,Houston Bandits 9u,1,1,0,14,20,0.5,4
836,Banditos 9U Texas,1,1,0,14,14,0.5,5
836,Katy Bombers 9U,1,1,0,20,16,0.5,6
836,LC Legends,0,2,0,18,13,0.0,7
836,Texas Elite Lobos - Gold,0,2,0,24,16,0.0,8
836,Lamar Elite - 9U - Red,0,2,0,29,14,0.0,9
837,SOUTH COAST CREAM X.,2,0,0,12,24,1.0,1
837,Houston Bandits 9u,2,0,0,15,24,1.0,2
837,Banditos 9U Texas,1,1,0,15,16,0.5,3
837,LC Legends,1,1,0,16,21,0.5,4
837,Katy Bombers 9U,1,1,0,20,16,0.5,5
837,Marucci Elite Texas - Holden,1,1,0,22,24,0.5,6
837,Texans,1,1,0,25,19,0.5,7
837,Texas Elite Lobos - Gold,0,2,0,24,16,0.0,8
837,Lamar Elite - 9U - Red,0,2,0,27,16,0.0,9
838,SOUTH COAST CREAM X.,2,0,0,12,24,1.0,1
838,Houston Bandits 9u,2,0,0,17,22,1.0,2
838,Banditos 9U Texas,1,0,1,18,22,0.75,3
838,LC Legends,1,1,0,17,17,0.5,4
838,Katy Bombers 9U,1,1,0,20,16,0.5,5
838,Lamar Elite - 9U - Red,1,1,0,21,21,0.5,6
838,Texans,0,1,1,27,23,0.25,7
838,Marucci Elite Texas - Holden,0,2,0,21,16,0.0,8
838,Texas Elite Lobos - Gold,0,2,0,24,16,0.0,9
839,SOUTH COAST CREAM X.,2,0,0,12,24,1.0,1
839,Banditos 9U Texas,1,0,1,14,18,0.75,2
839,Texans,1,0,1,14,16,0.75,3
839,Lamar Elite - 9U - Red,1,0,1,17,20,0.75,4
839,Marucci Elite Texas - Holden,1,0,1,18,22,0.75,5
839,Katy Bombers 9U,1,1,0,20,16,0.5,6
839,LC Legends,0,2,0,14,8,0.0,7
839,Houston Bandits 9u,0,2,0,22,15,0.0,8
839,Texas Elite Lobos - Gold,0,2,0,24,16,0.0,9
840,Banditos 9U Texas,2,0,0,9,16,1.0,1
840,SOUTH COAST CREAM X.,2,0,0,12,24,1.0,2
840,Marucci Elite Texas - Holden,1,0,1,18,19,0.75,3
840,LC Legends,1,1,0,14,13,0.5,4
840,Houston Bandits 9u,1,1,0,18,20,0.5,5
840,Katy Bombers 9U,1,1,0,20,16,0.5,6
840,Lamar Elite - 9U - Red,0,1,1,22,19,0.25,7
840,Texans,0,2,0,17,11,0.0,8
840,Texas Elite Lobos - Gold,0,2,0,24,16,0.0,9
841,SOUTH COAST CREAM X.,2,0,0,12,24,1.0,1
841,Banditos 9U Texas,2,0,0,14,19,1.0,2
841,Lamar Elite - 9U - Red,2,0,0,21,30,1.0,3
841,Texans,1,1,0,18,18,0.5,4
841,Katy Bombers 9U,1,1,0,20,16,0.5,5
841,Marucci Elite Texas - Holden,0,1,1,23,19,0.25,6
841,Houston Bandits 9u,0,1,1,25,20,0.25,7
841,LC Legends,0,2,0,16,11,0.0,8
841,Texas Elite Lobos - Gold,0,2,0,24,16,0.0,9
842,SOUTH COAST CREAM X.,2,0,0,12,24,1.0,1
842,Lamar Elite - 9U - Red,2,0,0,22,28,1.0,2
842,LC Legends,1,1,0,13,19,0.5,3
842,Banditos 9U Texas,1,1,0,17,18,0.5,4
842,Katy Bombers 9U,1,1,0,20,16,0.5,5
842,Marucci Elite Texas - Holden,1,1,0,24,22,0.5,6
842,Texans,1,1,0,25,18,0.5,7
842,Texas Elite Lobos - Gold,0,2,0,24,16,0.0,8
842,Houston Bandits 9u,0,2,0,25,21,0.0,9
843,SOUTH COAST CREAM X.,2,0,0,12,24,1.0,1
843,Texans,2,0,0,13,24,1.0,2
843,Banditos 9U Texas,1,1,0,14,17,0.5,3
843,Houston Bandits 9u,1,1,0,17,14,0.5,4
843,Marucci Elite Texas - Holden,1,1,0,19,24,0.5,5
843,Lamar Elite - 9U - Red,1,1,0,19,17,0.5,6
843,Katy Bombers 9U,1,1,0,20,16,0.5,7
843,LC Legends,0,2,0,22,8,0.0,8
843,Texas Elite Lobos - Gold,0,2,0,24,16,0.0,9
844,Houston Bandits 9u,2,0,0,11,17,1.0,1
844,SOUTH COAST CREAM X.,2,0,0,12,24,1.0,2
844,Texans,1,0,1,17,24,0.75,3
844,Lamar Elite - 9U - Red,1,1,0,17,20,0.5,4
844,Banditos 9U Texas,1,1,0,17,14,0.5,5
844,Katy Bombers 9U,1,1,0,20,16,0.5,6
844,LC Legends,0,1,1,19,15,0.25,7
844,Texas Elite Lobos - Gold,0,2,0,24,16,0.0,8
844,Marucci Elite Texas - Holden,0,2,0,26,17,0.0,9
845,SOUTH COAST CREAM X.,2,0,0,12,24,1.0,1
845,Texans,1,0,1,14,18,0.75,2
845,Banditos 9U Texas,1,1,0,14,14,0.5,3
845,Lamar Elite - 9U - Red,1,1,0,16,17,0.5,4
845,Katy Bombers 9U,1,1,0,20,16,0.5,5
845,Houston Bandits 9u,1,1,0,21,23,0.5,6
845,Marucci Elite Texas - Holden,1,1,0,21,18,0.5,7
845,LC Legends,0,1,1,16,12,0.25,8
845,Texas Elite Lobos - Gold,0,2,0,24,16,0.0,9
846,SOUTH COAST CREAM X.,2,0,0,12,24,1.0,1
846,Marucci Elite Texas - Holden,2,0,0,21,27,1.0,2
846,LC Legends,1,1,0,14,12,0.5,3
846,Texans,1,1,0,17,19,0.5,4
846,Banditos 9U Texas,1,1,0,17,17,0.5,5
846,Katy Bombers 9U,1,1,0,20,16,0.5,6
846,Lamar Elite - 9U - Red,1,1,0,24,27,0.5,7
846,Houston Bandits 9u,0,2,0,23,14,0.0,8
846,Texas Elite Lobos - Gold,0,2,0,24,16,0.0,9
847,SOUTH COAST CREAM X.,2,0,0,12,24,1.0,1
847,Houston Bandits 9u,2,0,0,20,25,1.0,2
847,LC Legends,1,1,0,14,15,0.5,3
847,Banditos 9U Texas,1,1,0,15,16,0.5,4
847,Lamar Elite - 9U - Red,1,1,0,17,22,0.5,5
847,Texans,1,1,0,19,17,0.5,6
847,Katy Bombers 9U,1,1,0,20,16,0.5,7
847,Texas Elite Lobos - Gold,0,2,0,24,16,0.0,8
847,Marucci Elite Texas - Holden,0,2,0,25,15,0.0,9
848,SOUTH COAST CREAM X.,2,0,0,12,24,1.0,1
848,Houston Bandits 9u,2,0,0,13,19,1.0,2
848,Texans,2,0,0,18,20,1.0,3
848,Banditos 9U Texas,1,1,0,14,17,0.5,4
848,Lamar Elite - 9U - Red,1,1,0,18,21,0.5,5
848,Katy Bombers 9U,1,1,0,20,16,0.5,6
848,LC Legends,0,2,0,18,13,0.0,7
848,Texas Elite Lobos - Gold,0,2,0,24,16,0.0,8
848,Marucci Elite Texas - Holden,0,2,0,25,16,0.0,9
849,SOUTH COAST CREAM X.,2,0,0,12,24,1.0,1
849,Texans,2,0,0,19,25,1.0,2
849,Banditos 9U Texas,1,1,0,18,17,0.5,3
849,Katy Bombers 9U,1,1,0,20,16,0.5,4
849,Marucci Elite Texas - Holden,1,1,0,22,29,0.5,5
849,Houston Bandits 9u,1,1,0,25,18,0.5,6
849,Lamar Elite - 9U - Red,1,1,0,27,27,0.5,7
849,LC Legends,0,2,0,19,14,0.0,8
849,Texas Elite Lobos - Gold,0,2,0,24,16,0.0,9
850,SOUTH COAST CREAM X.,2,0,0,12,24,1.0,1
850,Houston Bandits 9u,2,0,0,15,22,1.0,2
850,Texans,2,0,0,21,27,1.0,3
850,Banditos 9U Texas,1,1,0,17,17,0.5,4
850,Katy Bombers 9U,1,1,0,20,16,0.5,5
850,Lamar Elite - 9U - Red,0,1,1,18,12,0.25,6
850,Marucci Elite Texas - Holden,0,1,1,20,19,0.25,7
850,LC Legends,0,2,0,22,16,0.0,8
850,Texas Elite Lobos - Gold,0,2,0,24,16,0.0,9
851,SOUTH COAST CREAM X.,2,0,0,12,24,1.0,1
851,LC Legends,1,1,0,15,18,0.5,2
851,Marucci Elite Texas - Holden,1,1,0,17,20,0.5,3
851,Katy Bombers 9U,1,1,0,20,16,0.5,4
851,Banditos 9U Texas,1,1,0,21,18,0.5,5
851,Lamar Elite - 9U - Red,1,1,0,24,29,0.5,6
851,Texans,1,1,0,24,24,0.5,7
851,Houston Bandits 9u,1,1,0,25,17,0.5,8
851,Texas Elite Lobos - Gold,0,2,0,24,16,0.0,9
852,Banditos 9U Texas,2,0,0,8,18,1.0,1
852,SOUTH COAST CREAM X.,2,0,0,12,24,1.0,2
852,LC Legends,1,1,0,15,16,0.5,3
852,Houston Bandits 9u,1,1,0,19,22,0.5,4
852,Marucci Elite Texas - Holden,1,1,0,20,22,0.5,5
852,Katy Bombers 9U,1,1,0,20,16,0.5,6
852,Lamar Elite - 9U - Red,1,1,0,23,18,0.5,7
852,Texans,0,2,0,22,11,0.0,8
852,Texas Elite Lobos - Gold,0,2,0,24,16,0.0,9
853,SOUTH COAST CREAM X.,2,0,0,12,24,1.0,1
853,Banditos 9U Texas,1,1,0,13,15,0.5,2
853,Houston Bandits 9u,1,1,0,15,20,0.5,3
853,LC Legends,1,1,0,15,16,0.5,4
853,Marucci Elite Texas - Holden,1,1,0,18,20,0.5,5
853,Texans,1,1,0,19,16,0.5,6
853,Katy Bombers 9U,1,1,0,20,16,0.5,7
853,Lamar Elite - 9U - Red,1,1,0,25,18,0.5,8
853,Texas Elite Lobos - Gold,0,2,0,24,16,0.0,9
854,SOUTH COAST CREAM X.,2,0,0,12,24,1.0,1
854,Banditos 9U Texas,2,0,0,13,19,1.0,2
854,Marucci Elite Texas - Holden,2,0,0,22,25,1.0,3
854,Lamar Elite - 9U - Red,1,1,0,16,16,0.5,4
854,Texans,1,1,0,20,19,0.5,5
854,Katy Bombers 9U,1,1,0,20,16,0.5,6
854,LC Legends,0,2,0,18,13,0.0,7
854,Houston Bandits 9u,0,2,0,20,17,0.0,8
854,Texas Elite Lobos - Gold,0,2,0,24,16,0.0,9
855,SOUTH COAST CREAM X.,2,0,0,12,24,1.0,1
855,Marucci Elite Texas - Holden,2,0,0,17,28,1.0,2
855,LC Legends,1,1,0,15,12,0.5,3
855,Banditos 9U Texas,1,1,0,17,19,0.5,4
855,Texans,1,1,0,19,20,0.5,5
855,Katy Bombers 9U,1,1,0,20,16,0.5,6
855,Houston Bandits 9u,1,1,0,21,16,0.5,7
855,Lamar Elite - 9U - Red,0,2,0,23,17,0.0,8
855,Texas Elite Lobos - Gold,0,2,0,24,16,0.0,9
856,SOUTH COAST CREAM X.,2,0,0,12,24,1.0,1
856,Lamar Elite - 9U - Red,2,0,0,16,24,1.0,2
856,Texans,1,1,0,13,20,0.5,3
856,LC Legends,1,1,0,14,11,0.5,4
856,Banditos 9U Texas,1,1,0,18,14,0.5,5
856,Katy Bombers 9U,1,1,0,20,16,0.5,6
856,Marucci Elite Texas - Holden,0,1,1,18,17,0.25,7
856,Houston Bandits 9u,0,1,1,20,13,0.25,8
856,Texas Elite Lobos - Gold,0,2,0,24,16,0.0,9
857,Marucci Elite Texas - Holden,2,0,0,10,23,1.0,1
857,SOUTH COAST CREAM X.,2,0,0,12,24,1.0,2
857,Texans,2,0,0,15,17,1.0,3
857,Banditos 9U Texas,1,1,0,13,16,0.5,4
857,Katy Bombers 9U,1,1,0,20,16,0.5,5
857,Houston Bandits 9u,1,1,0,22,18,0.5,6
857,LC Legends,0,2,0,16,11,0.0,7
857,Lamar Elite - 9U - Red,0,2,0,20,11,0.0,8
857,Texas Elite Lobos - Gold,0,2,0,24,16,0.0,9
858,SOUTH COAST CREAM X.,2,0,0,12,24,1.0,1
858,Banditos 9U Texas,2,0,0,13,25,1.0,2
858,Houston Bandits 9u,2,0,0,14,25,1.0,3
858,Lamar Elite - 9U - Red,1,1,0,16,15,0.5,4
858,LC Legends,1,1,0,18,15,0.5,5
858,Katy Bombers 9U,1,1,0,20,16,0.5,6
858,Texas Elite Lobos - Gold,0,2,0,24,16,0.0,7
858,Marucci Elite Texas - Holden,0,2,0,27,17,0.0,8
858,Texans,0,2,0,28,19,0.0,9
859,Lamar Elite - 9U - Red,2,0,0,12,24,1.0,1
859,SOUTH COAST CREAM X.,2,0,0,12,24,1.0,2
859,LC Legends,1,1,0,14,17,0.5,3
859,Banditos 9U Texas,1,1,0,14,14,0.5,4
859,Houston Bandits 9u,1,1,0,16,16,0.5,5
859,Texans,1,1,0,19,16,0.5,6
859,Katy Bombers 9U,1,1,0,20,16,0.5,7
859,Texas Elite Lobos - Gold,0,2,0,24,16,0.0,8
859,Marucci Elite Texas - Holden,0,2,0,24,12,0.0,9
860,Banditos 9U Texas,2,0,0,10,22,1.0,1
860,SOUTH COAST CREAM X.,2,0,0,12,24,1.0,2
860,Lamar Elite - 9U - Red,1,1,0,12,26,0.5,3
860,LC Legends,1,1,0,13,11,0.5,4
860,Houston Bandits 9u,1,1,0,14,15,0.5,5
860,Katy Bombers 9U,1,1,0,20,16,0.5,6
860,Marucci Elite Texas - Holden,1,1,0,26,11,0.5,7
860,Texans,0,2,0,21,11,0.0,8
860,Texas Elite Lobos - Gold,0,2,0,24,16,0.0,9
861,Banditos 9U Texas,2,0,0,8,21,1.0,1
861,SOUTH COAST CREAM X.,2,0,0,12,24,1.0,2
861,Houston Bandits 9u,1,0,1,17,24,0.75,3
861,Katy Bombers 9U,1,1,0,20,16,0.5,4
861,Texans,1,1,0,22,14,0.5,5
861,Lamar Elite - 9U - Red,1,1,0,24,21,0.5,6
861,Marucci Elite Texas - Holden,0,1,1,26,22,0.25,7
861,LC Legends,0,2,0,18,13,0.0,8
861,Texas Elite Lobos - Gold,0,2,0,24,16,0.0,9
862,SOUTH COAST CREAM X.,2,0,0,12,24,1.0,1
862,Banditos 9U Texas,2,0,0,13,19,1.0,2
862,Lamar Elite - 9U - Red,1,0,1,17,20,0.75,3
862,Texans,1,1,0,18,18,0.5,4
862,Houston Bandits 9u,1,1,0,18,16,0.5,5
862,Katy Bombers 9U,1,1,0,20,16,0.5,6
862,Marucci Elite Texas - Holden,0,1,1,23,22,0.25,7
862,LC Legends,0,2,0,17,11,0.0,8
862,Texas Elite Lobos - Gold,0,2,0,24,16,0.0,9
863,Banditos 9U Texas,2,0,0,11,16,1.0,1
863,SOUTH COAST CREAM X.,2,0,0,12,24,1.0,2
863,Marucci Elite Texas - Holden,2,0,0,12,18,1.0,3
863,LC Legends,1,1,0,16,15,0.5,4
863,Lamar Elite - 9U - Red,1,1,0,20,20,0.5,5
863,Katy Bombers 9U,1,1,0,20,16,0.5,6
863,Texans,0,2,0,19,15,0.0,7
863,Houston Bandits 9u,0,2,0,22,16,0.0,8
863,Texas Elite Lobos - Gold,0,2,0,24,16,0.0,9
864,Banditos 9U Texas,2,0,0,10,16,1.0,1
864,SOUTH COAST CREAM X.,2,0,0,12,24,1.0,2
864,Marucci Elite Texas - Holden,1,0,1,12,15,0.75,3
864,Houston Bandits 9u,1,1,0,16,14,0.5,4
864,LC Legends,1,1,0,18,22,0.5,5
864,Katy Bombers 9U,1,1,0,20,16,0.5,6
864,Lamar Elite - 9U - Red,0,1,1,14,13,0.25,7
864,Texas Elite Lobos - Gold,0,2,0,24,16,0.0,8
864,Texans,0,2,0,26,16,0.0,9
865,SOUTH COAST CREAM X.,2,0,0,12,24,1.0,1
865,Banditos 9U Texas,2,0,0,18,23,1.0,2
865,Lamar Elite - 9U - Red,2,0,0,19,25,1.0,3
865,LC Legends,1,1,0,17,14,0.5,4
865,Marucci Elite Texas - Holden,1,1,0,20,21,0.5,5
865,Katy Bombers 9U,1,1,0,20,16,0.5,6
865,Texas Elite Lobos - Gold,0,2,0,24,16,0.0,7
865,Texans,0,2,0,25,23,0.0,8
865,Houston Bandits 9u,0,2,0,26,19,0.0,9
866,SOUTH COAST CREAM X.,2,0,0,12,24,1.0,1
866,Banditos 9U Texas,2,0,0,12,19,1.0,2
866,Marucci Elite Texas - Holden,1,1,0,12,15,0.5,3
866,LC Legends,1,1,0,17,14,0.5,4
866,Lamar Elite - 9U - Red,1,1,0,19,18,0.5,5
866,Houston Bandits 9u,1,1,0,19,17,0.5,6
866,Katy Bombers 9U,1,1,0,20,16,0.5,7
866,Texans,0,2,0,21,17,0.0,8
866,Texas Elite Lobos - Gold,0,2,0,24,16,0.0,9
867,Banditos 9U Texas,2,0,0,10,15,1.0,1
867,SOUTH COAST CREAM X.,2,0,0,12,24,1.0,2
867,Marucci Elite Texas - Holden,1,1,0,16,21,0.5,3
867,Lamar Elite - 9U - Red,1,1,0,19,16,0.5,4
867,Katy Bombers 9U,1,1,0,20,16,0.5,5
867,Houston Bandits 9u,1,1,0,21,19,0.5,6
867,Texans,0,1,1,16,15,0.25,7
867,LC Legends,0,1,1,17,13,0.25,8
867,Texas Elite Lobos - Gold,0,2,0,24,16,0.0,9
868,Houston Bandits 9u,2,0,0,11,24,1.0,1
868,Texans,2,0,0,11,19,1.0,2
868,SOUTH COAST CREAM X.,2,0,0,12,24,1.0,3
868,Banditos 9U Texas,1,1,0,13,13,0.5,4
868,Katy Bombers 9U,1,1,0,20,16,0.5,5
868,Lamar Elite - 9U - Red,0,1,1,22,16,0.25,6
868,Marucci Elite Texas - Holden,0,1,1,26,19,0.25,7
868,LC Legends,0,2,0,18,10,0.0,8
868,Texas Elite Lobos - Gold,0,2,0,24,16,0.0,9
869,Banditos 9U Texas,2,0,0,10,17,1.0,1
869,SOUTH COAST CREAM X.,2,0,0,12,24,1.0,2
869,LC Legends,1,1,0,16,15,0.5,3
869,Houston Bandits 9u,1,1,0,18,16,0.5,4
869,Marucci Elite Texas - Holden,1,1,0,20,21,0.5,5
869,Katy Bombers 9U,1,1,0,20,16,0.5,6
869,Lamar Elite - 9U - Red,1,1,0,22,23,0.5,7
869,Texans,0,2,0,20,14,0.0,8
869,Texas Elite Lobos - Gold,0,2,0,24,16,0.0,9
870,SOUTH COAST CREAM X.,2,0,0,12,24,1.0,1
870,Houston Bandits 9u,2,0,0,14,20,1.0,2
870,Banditos 9U Texas,1,1,0,14,16,0.5,3
870,LC Legends,1,1,0,15,12,0.5,4
870,Texans,1,1,0,16,17,0.5,5
870,Marucci Elite Texas - Holden,1,1,0,20,16,0.5,6
870,Katy Bombers 9U,1,1,0,20,16,0.5,7
870,Lamar Elite - 9U - Red,0,2,0,19,17,0.0,8
870,Texas Elite Lobos - Gold,0,2,0,24,16,0.0,9
871,SOUTH COAST CREAM X.,2,0,0,12,24,1.0,1
871,Texans,2,0,0,17,25,1.0,2
871,Houston Bandits 9u,1,0,1,19,21,0.75,3
871,Banditos 9U Texas,1,1,0,19,16,0.5,4
871,Katy Bombers 9U,1,1,0,20,16,0.5,5
871,Lamar Elite - 9U - Red,1,1,0,22,21,0.5,6
871,Marucci Elite Texas - Holden,0,1,1,20,19,0.25,7
871,LC Legends,0,2,0,18,13,0.0,8
871,Texas Elite Lobos - Gold,0,2,0,24,16,0.0,9
872,SOUTH COAST CREAM X.,2,0,0,12,24,1.0,1
872,Marucci Elite Texas - Holden,1,0,1,21,23,0.75,2
872,LC Legends,1,1,0,14,13,0.5,3
872,Houston Bandits 9u,1,1,0,19,21,0.5,4
872,Banditos 9U Texas,1,1,0,20,22,0.5,5
872,Katy Bombers 9U,1,1,0,20,16,0.5,6
872,Texans,1,1,0,23,22,0.5,7
872,Lamar Elite - 9U - Red,0,1,1,22,18,0.25,8
872,Texas Elite Lobos - Gold,0,2,0,24,16,0.0,9
873,Banditos 9U Texas,2,0,0,11,19,1.0,1
873,SOUTH COAST CREAM X.,2,0,0,12,24,1.0,2
873,Lamar Elite - 9U - Red,1,0,1,14,18,0.75,3
873,LC Legends,1,1,0,15,15,0.5,4
873,Houston Bandits 9u,1,1,0,16,15,0.5,5
873,Katy Bombers 9U,1,1,0,20,16,0.5,6
873,Marucci Elite Texas - Holden,0,1,1,17,14,0.25,7
873,Texans,0,2,0,22,14,0.0,8
873,Texas Elite Lobos - Gold,0,2,0,24,16,0.0,9
874,SOUTH COAST CREAM X.,2,0,0,12,24,1.0,1
874,Banditos 9U Texas,1,1,0,13,16,0.5,2
874,LC Legends,1,1,0,13,15,0.5,3
874,Lamar Elite - 9U - Red,1,1,0,18,20,0.5,4
874,Houston Bandits 9u,1,1,0,18,17,0.5,5
874,Marucci Elite Texas - Holden,1,1,0,19,18,0.5,6
874,Texans,1,1,0,19,14,0.5,7
874,Katy Bombers 9U,1,1,0,20,16,0.5,8
874,Texas Elite Lobos - Gold,0,2,0,24,16,0.0,9
875,SOUTH COAST CREAM X.,2,0,0,12,24,1.0,1
875,Lamar Elite - 9U - Red,1,0,1,21,25,0.75,2
875,Banditos 9U Texas,1,1,0,12,15,0.5,3
875,Texans,1,1,0,16,16,0.5,4
875,LC Legends,1,1,0,16,13,0.5,5
875,Houston Bandits 9u,1,1,0,19,18,0.5,6
875,Katy Bombers 9U,1,1,0,20,16,0.5,7
875,Marucci Elite Texas - Holden,0,1,1,25,22,0.25,8
875,Texas Elite Lobos - Gold,0,2,0,24,16,0.0,9
876,SOUTH COAST CREAM X.,2,0,0,12,24,1.0,1
876,Banditos 9U Texas,2,0,0,12,20,1.0,2
876,LC Legends,1,1,0,16,17,0.5,3
876,Marucci Elite Texas - Holden,1,1,0,18,21,0.5,4
876,Lamar Elite - 9U - Red,1,1,0,19,24,0.5,5
876,Katy Bombers 9U,1,1,0,20,16,0.5,6
876,Houston Bandits 9u,1,1,0,24,16,0.5,7
876,Texas Elite Lobos - Gold,0,2,0,24,16,0.0,8
876,Texans,0,2,0,25,16,0.0,9
877,Banditos 9U Texas,2,0,0,11,19,1.0,1
877,SOUTH COAST CREAM X.,2,0,0,12,24,1.0,2
877,Marucci Elite Texas - Holden,1,0,1,17,25,0.75,3
877,Lamar Elite - 9U - Red,1,0,1,22,24,0.75,4
877,Texans,1,1,0,19,17,0.5,5
877,Katy Bombers 9U,1,1,0,20,16,0.5,6
877,LC Legends,0,2,0,18,12,0.0,7
877,Texas Elite Lobos - Gold,0,2,0,24,16,0.0,8
877,Houston Bandits 9u,0,2,0,29,19,0.0,9
878,Lamar Elite - 9U - Red,2,0,0,8,18,1.0,1
878,Texans,2,0,0,10,17,1.0,2
878,SOUTH COAST CREAM X.,2,0,0,12,24,1.0,3
878,Banditos 9U Texas,1,1,0,14,12,0.5,4
878,Houston Bandits 9u,1,1,0,16,14,0.5,5
878,Katy Bombers 9U,1,1,0,20,16,0.5,6
878,LC Legends,0,2,0,15,10,0.0,7
878,Marucci Elite Texas - Holden,0,2,0,21,13,0.0,8
878,Texas Elite Lobos - Gold,0,2,0,24,16,0.0,9
879,SOUTH COAST CREAM X.,2,0,0,12,24,1.0,1
879,Lamar Elite - 9U - Red,1,0,1,20,24,0.75,2
879,Marucci Elite Texas - Holden,1,0,1,20,23,0.75,3
879,Banditos 9U Texas,1,1,0,14,13,0.5,4
879,Texans,1,1,0,16,20,0.5,5
879,LC Legends,1,1,0,18,15,0.5,6
879,Katy Bombers 9U,1,1,0,20,16,0.5,7
879,Houston Bandits 9u,0,2,0,21,14,0.0,8
879,Texas Elite Lobos - Gold,0,2,0,24,16,0.0,9
880,SOUTH COAST CREAM X.,2,0,0,12,24,1.0,1
880,Houston Bandits 9u,1,0,1,17,23,0.75,2
880,LC Legends,1,1,0,17,14,0.5,3
880,Banditos 9U Texas,1,1,0,20,22,0.5,4
880,Katy Bombers 9U,1,1,0,20,16,0.5,5
880,Lamar Elite - 9U - Red,1,1,0,22,21,0.5,6
880,Texans,1,1,0,24,25,0.5,7
880,Marucci Elite Texas - Holden,0,1,1,26,21,0.25,8
880,Texas Elite Lobos - Gold,0,2,0,24,16,0.0,9
881,Banditos 9U Texas,2,0,0,11,18,1.0,1
881,SOUTH COAST CREAM X.,2,0,0,12,24,1.0,2
881,Houston Bandits 9u,2,0,0,23,25,1.0,3
881,LC Legends,1,1,0,16,13,0.5,4
881,Lamar Elite - 9U - Red,1,1,0,17,20,0.5,5
881,Katy Bombers 9U,1,1,0,20,16,0.5,6
881,Texans,0,2,0,19,15,0.0,7
881,Marucci Elite Texas - Holden,0,2,0,24,19,0.0,8
881,Texas Elite Lobos - Gold,0,2,0,24,16,0.0,9
882,Banditos 9U Texas,2,0,0,9,20,1.0,1
882,SOUTH COAST CREAM X.,2,0,0,12,24,1.0,2
882,Lamar Elite - 9U - Red,2,0,0,13,20,1.0,3
882,Marucci Elite Texas - Holden,1,1,0,18,20,0.5,4
882,LC Legends,1,1,0,18,16,0.5,5
882,Katy Bombers 9U,1,1,0,20,16,0.5,6
882,Houston Bandits 9u,0,2,0,16,7,0.0,7
882,Texas Elite Lobos - Gold,0,2,0,24,16,0.0,8
882,Texans,0,2,0,24,15,0.0,9
883,SOUTH COAST CREAM X.,2,0,0,12,24,1.0,1
883,Banditos 9U Texas,2,0,0,15,22,1.0,2
883,Lamar Elite - 9U - Red,2,0,0,15,19,1.0,3
883,LC Legends,1,1,0,13,13,0.5,4
883,Marucci Elite Texas - Holden,1,1,0,19,20,0.5,5
883,Katy Bombers 9U,1,1,0,20,16,0.5,6
883,Houston Bandits 9u,0,2,0,20,15,0.0,7
883,Texans,0,2,0,23,16,0.0,8
883,Texas Elite Lobos - Gold,0,2,0,24,16,0.0,9
884,SOUTH COAST CREAM X.,2,0,0,12,24,1.0,1
884,Texans,2,0,0,16,20,1.0,2
884,Houston Bandits 9u,1,1,0,12,23,0.5,3
884,Banditos 9U Texas,1,1,0,15,17,0.5,4
884,Lamar Elite - 9U - Red,1,1,0,17,19,0.5,5
884,Katy Bombers 9U,1,1,0,20,16,0.5,6
884,Marucci Elite Texas - Holden,1,1,0,27,14,0.5,7
884,LC Legends,0,2,0,17,11,0.0,8
884,Texas Elite Lobos - Gold,0,2,0,24,16,0.0,9
885,SOUTH COAST CREAM X.,2,0,0,12,24,1.0,1
885,Marucci Elite Texas - Holden,2,0,0,17,23,1.0,2
885,Banditos 9U Texas,1,0,1,12,16,0.75,3
885,LC Legends,1,1,0,14,14,0.5,4
885,Houston Bandits 9u,1,1,0,14,13,0.5,5
885,Katy Bombers 9U,1,1,0,20,16,0.5,6
885,Texans,0,1,1,18,14,0.25,7
885,Lamar Elite - 9U - Red,0,2,0,20,15,0.0,8
885,Texas Elite Lobos - Gold,0,2,0,24,16,0.0,9
886,SOUTH COAST CREAM X.,2,0,0,12,24,1.0,1
886,Houston Bandits 9u,2,0,0,15,21,1.0,2
886,Banditos 9U Texas,1,0,1,13,17,0.75,3
886,LC Legends,1,1,0,14,15,0.5,4
886,Katy Bombers 9U,1,1,0,20,16,0.5,5
886,Marucci Elite Texas - Holden,0,1,1,20,17,0.25,6
886,Texans,0,1,1,20,15,0.25,7
886,Lamar Elite - 9U - Red,0,1,1,21,18,0.25,8
886,Texas Elite Lobos - Gold,0,2,0,24,16,0.0,9
887,SOUTH COAST CREAM X.,2,0,0,12,24,1.0,1
887,Banditos 9U Texas,2,0,0,12,22,1.0,2
887,Houston Bandits 9u,2,0,0,18,22,1.0,3
887,Katy Bombers 9U,1,1,0,20,16,0.5,4
887,LC Legends,0,1,1,17,13,0.25,5
887,Marucci Elite Texas - Holden,0,1,1,19,18,0.25,6
887,Lamar Elite - 9U - Red,0,1,1,19,16,0.25,7
887,Texans,0,1,1,23,17,0.25,8
887,Texas Elite Lobos - Gold,0,2,0,24,16,0.0,9
888,SOUTH COAST CREAM X.,2,0,0,12,24,1.0,1
888,Banditos 9U Texas,1,0,1,12,16,0.75,2
888,Lamar Elite - 9U - Red,1,0,1,16,17,0.75,3
888,LC Legends,1,1,0,10,13,0.5,4
888,Houston Bandits 9u,0,0,2,19,19,0.5,5
888,Katy Bombers 9U,1,1,0,20,16,0.5,6
888,Texans,0,1,1,17,10,0.25,7
888,Marucci Elite Texas - Holden,0,1,1,20,19,0.25,8
888,Texas Elite Lobos - Gold,0,2,0,24,16,0.0,9
889,Houston Bandits 9u,2,0,0,8,17,1.0,1
889,SOUTH COAST CREAM X.,2,0,0,12,24,1.0,2
889,LC Legends,1,1,0,12,9,0.5,3
889,Texans,1,1,0,13,20,0.5,4
889,Lamar Elite - 9U - Red,1,1,0,13,18,0.5,5
889,Banditos 9U Texas,1,1,0,20,16,0.5,6
889,Katy Bombers 9U,1,1,0,20,16,0.5,7
889,Marucci Elite Texas - Holden,0,2,0,22,8,0.0,8
889,Texas Elite Lobos - Gold,0,2,0,24,16,0.0,9
890,SOUTH COAST CREAM X.,2,0,0,12,24,1.0,1
890,Lamar Elite - 9U - Red,1,0,1,13,19,0.75,2
890,Banditos 9U Texas,1,0,1,14,18,0.75,3
890,Marucci Elite Texas - Holden,1,0,1,18,20,0.75,4
890,Katy Bombers 9U,1,1,0,20,16,0.5,5
890,Texans,0,0,2,21,21,0.5,6
890,LC Legends,0,1,1,19,15,0.25,7
890,Houston Bandits 9u,0,2,0,23,15,0.0,8
890,Texas Elite Lobos - Gold,0,2,0,24,16,0.0,9
891,SOUTH COAST CREAM X.,2,0,0,12,24,1.0,1
891,Texans,2,0,0,14,24,1.0,2
891,Lamar Elite - 9U - Red,1,0,1,22,26,0.75,3
891,Banditos 9U Texas,1,1,0,14,14,0.5,4
891,Katy Bombers 9U,1,1,0,20,16,0.5,5
891,Marucci Elite Texas - Holden,1,1,0,21,18,0.5,6
891,Houston Bandits 9u,0,1,1,22,21,0.25,7
891,LC Legends,0,2,0,22,12,0.0,8
891,Texas Elite Lobos - Gold,0,2,0,24,16,0.0,9
892,SOUTH COAST CREAM X.,2,0,0,12,24,1.0,1
892,Houston Bandits 9u,1,0,1,16,18,0.75,2
892,LC Legends,1,1,0,16,16,0.5,3
892,Marucci Elite Texas - Holden,1,1,0,17,21,0.5,4
892,Banditos 9U Texas,1,1,0,18,19,0.5,5
892,Katy Bombers 9U,1,1,0,20,16,0.5,6
892,Texans,1,1,0,23,22,0.5,7
892,Lamar Elite - 9U - Red,0,1,1,19,13,0.25,8
892,Texas Elite Lobos - Gold,0,2,0,24,16,0.0,9
893,SOUTH COAST CREAM X.,2,0,0,12,24,1.0,1
893,LC Legends,1,1,0,13,12,0.5,2
893,Houston Bandits 9u,1,1,0,17,19,0.5,3
893,Katy Bombers 9U,1,1,0,20,16,0.5,4
893,Texans,1,1,0,21,22,0.5,5
893,Banditos 9U Texas,1,1,0,21,21,0.5,6
893,Marucci Elite Texas - Holden,1,1,0,22,21,0.5,7
893,Lamar Elite - 9U - Red,1,1,0,23,22,0.5,8
893,Texas Elite Lobos - Gold,0,2,0,24,16,0.0,9
894,SOUTH COAST CREAM X.,2,0,0,12,24,1.0,1
894,Texans,2,0,0,14,20,1.0,2
894,Marucci Elite Texas - Holden,2,0,0,21,23,1.0,3
894,Banditos 9U Texas,1,1,0,17,18,0.5,4
894,Houston Bandits 9u,1,1,0,18,21,0.5,5
894,Katy Bombers 9U,1,1,0,20,16,0.5,6
894,LC Legends,0,2,0,15,8,0.0,7
894,Lamar Elite - 9U - Red,0,2,0,23,18,0.0,8
894,Texas Elite Lobos - Gold,0,2,0,24,16,0.0,9
895,SOUTH COAST CREAM X.,2,0,0,12,24,1.0,1
895,LC Legends,1,1,0,11,13,0.5,2
895,Marucci Elite Texas - Holden,1,1,0,13,22,0.5,3
895,Banditos 9U Texas,1,1,0,15,15,0.5,4
895,Texans,1,1,0,16,14,0.5,5
895,Lamar Elite - 9U - Red,1,1,0,18,16,0.5,6
895,Houston Bandits 9u,1,1,0,19,12,0.5,7
895,Katy Bombers 9U,1,1,0,20,16,0.5,8
895,Texas Elite Lobos - Gold,0,2,0,24,16,0.0,9
896,SOUTH COAST CREAM X.,2,0,0,12,24,1.0,1
896,Lamar Elite - 9U - Red,1,1,0,17,21,0.5,2
896,Marucci Elite Texas - Holden,1,1,0,17,16,0.5,3
896,LC Legends,1,1,0,18,21,0.5,4
896,Houston Bandits 9u,1,1,0,20,17,0.5,5
896,Katy Bombers 9U,1,1,0,20,16,0.5,6
896,Banditos 9U Texas,1,1,0,22,17,0.5,7
896,Texans,1,1,0,26,28,0.5,8
896,Texas Elite Lobos - Gold,0,2,0,24,16,0.0,9
897,Houston Bandits 9u,2,0,0,10,19,1.0,1
897,SOUTH COAST CREAM X.,2,0,0,12,24,1.0,2
897,Texans,2,0,0,15,22,1.0,3
897,Banditos 9U Texas,1,1,0,15,16,0.5,4
897,Katy Bombers 9U,1,1,0,20,16,0.5,5
897,Lamar Elite - 9U - Red,1,1,0,20,15,0.5,6
897,LC Legends,0,2,0,19,11,0.0,7
897,Marucci Elite Texas - Holden,0,2,0,20,16,0.0,8
897,Texas Elite Lobos - Gold,0,2,0,24,16,0.0,9
898,Marucci Elite Texas - Holden,2,0,0,12,25,1.0,1
898,SOUTH COAST CREAM X.,2,0,0,12,24,1.0,2
898,Texans,1,0,1,21,22,0.75,3
898,Banditos 9U Texas,1,1,0,15,18,0.5,4
898,Houston Bandits 9u,1,1,0,17,14,0.5,5
898,Katy Bombers 9U,1,1,0,20,16,0.5,6
898,LC Legends,0,1,1,19,15,0.25,7
898,Lamar Elite - 9U - Red,0,2,0,23,13,0.0,8
898,Texas Elite Lobos - Gold,0,2,0,24,16,0.0,9
899,SOUTH COAST CREAM X.,2,0,0,12,24,1.0,1
899,Banditos 9U Texas,2,0,0,12,19,1.0,2
899,Houston Bandits 9u,2,0,0,17,24,1.0,3
899,LC Legends,1,1,0,20,21,0.5,4
899,Katy Bombers 9U,1,1,0,20,16,0.5,5
899,Lamar Elite - 9U - Red,1,1,0,21,19,0.5,6
899,Marucci Elite Texas - Holden,0,2,0,20,15,0.0,7
899,Texas Elite Lobos - Gold,0,2,0,24,16,0.0,8
899,Texans,0,2,0,28,20,0.0,9
900,SOUTH COAST CREAM X.,2,0,0,12,24,1.0,1
900,Lamar Elite - 9U - Red,2,0,0,14,20,1.0,2
900,Marucci Elite Texas - Holden,1,1,0,17,18,0.5,3
900,LC Legends,1,1,0,18,16,0.5,4
900,Banditos 9U Texas,1,1,0,19,16,0.5,5
900,Texans,1,1,0,20,25,0.5,6
900,Katy Bombers 9U,1,1,0,20,16,0.5,7
900,Houston Bandits 9u,0,2,0,22,15,0.0,8
900,Texas Elite Lobos - Gold,0,2,0,24,16,0.0,9
901,SOUTH COAST CREAM X.,2,0,0,12,24,1.0,1
901,Banditos 9U Texas,1,0,1,16,20,0.75,2
901,Marucci Elite Texas - Holden,1,1,0,12,17,0.5,3
901,LC Legends,1,1,0,14,12,0.5,4
901,Katy Bombers 9U,1,1,0,20,16,0.5,5
901,Houston Bandits 9u,1,1,0,22,20,0.5,6
901,Lamar Elite - 9U - Red,1,1,0,22,19,0.5,7
901,Texans,0,1,1,20,18,0.25,8
901,Texas Elite Lobos - Gold,0,2,0,24,16,0.0,9
902,SOUTH COAST CREAM X.,2,0,0,12,24,1.0,1
902,Texans,2,0,0,12,17,1.0,2
902,Houston Bandits 9u,1,0,1,23,25,0.75,3
902,Banditos 9U Texas,1,1,0,11,14,0.5,4
902,Katy Bombers 9U,1,1,0,20,16,0.5,5
902,Lamar Elite - 9U - Red,1,1,0,22,21,0.5,6
902,Marucci Elite Texas - Holden,0,1,1,26,25,0.25,7
902,LC Legends,0,2,0,18,10,0.0,8
902,Texas Elite Lobos - Gold,0,2,0,24,16,0.0,9
903,SOUTH COAST CREAM X.,2,0,0,12,24,1.0,1
903,Banditos 9U Texas,1,0,1,13,17,0.75,2
903,LC Legends,1,1,0,15,15,0.5,3
903,Marucci Elite Texas - Holden,1,1,0,20,29,0.5,4
903,Katy Bombers 9U,1,1,0,20,16,0.5,5
903,Lamar Elite - 9U - Red,1,1,0,25,23,0.5,6
903,Houston Bandits 9u,1,1,0,29,22,0.5,7
903,Texans,0,1,1,20,16,0.25,8
903,Texas Elite Lobos - Gold,0,2,0,24,16,0.0,9
904,SOUTH COAST CREAM X.,2,0,0,12,24,1.0,1
904,Marucci Elite Texas - Holden,2,0,0,13,17,1.0,2
904,Banditos 9U Texas,2,0,0,16,21,1.0,3
904,LC Legends,1,1,0,12,11,0.5,4
904,Houston Bandits 9u,1,1,0,17,16,0.5,5
904,Katy Bombers 9U,1,1,0,20,16,0.5,6
904,Lamar Elite - 9U - Red,0,2,0,20,17,0.0,7
904,Texans,0,2,0,20,16,0.0,8
904,Texas Elite Lobos - Gold,0,2,0,24,16,0.0,9
905,SOUTH COAST CREAM X.,2,0,0,12,24,1.0,1
905,Texans,2,0,0,18,24,1.0,2
905,Lamar Elite - 9U - Red,1,1,0,15,18,0.5,3
905,Banditos 9U Texas,1,1,0,16,17,0.5,4
905,Houston Bandits 9u,1,1,0,16,14,0.5,5
905,Marucci Elite Texas - Holden,1,1,0,17,16,0.5,6
905,Katy Bombers 9U,1,1,0,20,16,0.5,7
905,LC Legends,0,2,0,20,13,0.0,8
905,Texas Elite Lobos - Gold,0,2,0,24,16,0.0,9
906,SOUTH COAST CREAM X.,2,0,0,12,24,1.0,1
906,Houston Bandits 9u,1,0,1,17,19,0.75,2
906,Texans,1,0,1,18,25,0.75,3
906,Lamar Elite - 9U - Red,1,1,0,17,19,0.5,4
906,Banditos 9U Texas,1,1,0,18,15,0.5,5
906,Katy Bombers 9U,1,1,0,20,16,0.5,6
906,LC Legends,0,1,1,19,15,0.25,7
906,Marucci Elite Texas - Holden,0,1,1,22,18,0.25,8
906,Texas Elite Lobos - Gold,0,2,0,24,16,0.0,9
907,SOUTH COAST CREAM X.,2,0,0,12,24,1.0,1
907,Marucci Elite Texas - Holden,2,0,0,13,25,1.0,2
907,Texans,2,0,0,15,29,1.0,3
907,Houston Bandits 9u,1,1,0,20,19,0.5,4
907,Katy Bombers 9U,1,1,0,20,16,0.5,5
907,Banditos 9U Texas,1,1,0,26,17,0.5,6
907,LC Legends,0,2,0,15,10,0.0,7
907,Texas Elite Lobos - Gold,0,2,0,24,16,0.0,8
907,Lamar Elite - 9U - Red,0,2,0,27,16,0.0,9
908,SOUTH COAST CREAM X.,2,0,0,12,24,1.0,1
908,Houston Bandits 9u,2,0,0,21,28,1.0,2
908,LC Legends,1,1,0,15,15,0.5,3
908,Texans,1,1,0,16,20,0.5,4
908,Banditos 9U Texas,1,1,0,17,13,0.5,5
908,Katy Bombers 9U,1,1,0,20,16,0.5,6
908,Lamar Elite - 9U - Red,1,1,0,23,20,0.5,7
908,Texas Elite Lobos - Gold,0,2,0,24,16,0.0,8
908,Marucci Elite Texas - Holden,0,2,0,25,21,0.0,9
909,SOUTH COAST CREAM X.,2,0,0,12,24,1.0,1
909,Banditos 9U Texas,2,0,0,14,24,1.0,2
909,Lamar Elite - 9U - Red,2,0,0,16,24,1.0,3
909,LC Legends,1,1,0,15,21,0.5,4
909,Katy Bombers 9U,1,1,0,20,16,0.5,5
909,Marucci Elite Texas - Holden,1,1,0,20,15,0.5,6
909,Houston Bandits 9u,0,2,0,19,16,0.0,7
909,Texas Elite Lobos - Gold,0,2,0,24,16,0.0,8
909,Texans,0,2,0,33,17,0.0,9
910,SOUTH COAST CREAM X.,2,0,0,12,24,1.0,1
910,Marucci Elite Texas - Holden,2,0,0,19,23,1.0,2
910,LC Legends,1,1,0,13,16,0.5,3
910,Lamar Elite - 9U - Red,1,1,0,16,20,0.5,4
910,Banditos 9U Texas,1,1,0,16,13,0.5,5
910,Texans,1,1,0,17,17,0.5,6
910,Katy Bombers 9U,1,1,0,20,16,0.5,7
910,Houston Bandits 9u,0,2,0,24,16,0.0,8
910,Texas Elite Lobos - Gold,0,2,0,24,16,0.0,9
911,Lamar Elite - 9U - Red,2,0,0,11,20,1.0,1
911,SOUTH COAST CREAM X.,2,0,0,12,24,1.0,2
911,Houston Bandits 9u,1,1,0,9,9,0.5,3
911,Banditos 9U Texas,1,1,0,13,14,0.5,4
911,LC Legends,1,1,0,13,13,0.5,5
911,Texans,1,1,0,15,14,0.5,6
911,Katy Bombers 9U,1,1,0,20,16,0.5,7
911,Marucci Elite Texas - Holden,0,2,0,19,10,0.0,8
911,Texas Elite Lobos - Gold,0,2,0,24,16,0.0,9
912,SOUTH COAST CREAM X.,2,0,0,12,24,1.0,1
912,Houston Bandits 9u,2,0,0,16,31,1.0,2
912,Texans,1,0,1,17,21,0.75,3
912,Banditos 9U Texas,1,1,0,15,15,0.5,4
912,Katy Bombers 9U,1,1,0,20,16,0.5,5
912,Lamar Elite - 9U - Red,1,1,0,28,24,0.5,6
912,LC Legends,0,1,1,18,14,0.25,7
912,Texas Elite Lobos - Gold,0,2,0,24,16,0.0,8
912,Marucci Elite Texas - Holden,0,2,0,25,14,0.0,9
913,SOUTH COAST CREAM X.,2,0,0,12,24,1.0,1
913,Banditos 9U Texas,2,0,0,15,21,1.0,2
913,Houston Bandits 9u,1,1,0,19,24,0.5,3
913,Katy Bombers 9U,1,1,0,20,16,0.5,4
913,Marucci Elite Texas - Holden,1,1,0,21,20,0.5,5
913,Lamar Elite - 9U - Red,1,1,0,21,17,0.5,6
913,Texans,1,1,0,22,22,0.5,7
913,LC Legends,0,2,0,19,13,0.0,8
913,Texas Elite Lobos - Gold,0,2,0,24,16,0.0,9
914,SOUTH COAST CREAM X.,2,0,0,12,24,1.0,1
914,Banditos 9U Texas,2,0,0,13,21,1.0,2
914,Lamar Elite - 9U - Red,2,0,0,14,24,1.0,3
914,Marucci Elite Texas - Holden,1,1,0,18,16,0.5,4
914,Texans,1,1,0,19,25,0.5,5
914,Katy Bombers 9U,1,1,0,20,16,0.5,6
914,Houston Bandits 9u,0,2,0,24,16,0.0,7
914,Texas Elite Lobos - Gold,0,2,0,24,16,0.0,8
914,LC Legends,0,2,0,24,10,0.0,9
915,SOUTH COAST CREAM X.,2,0,0,12,24,1.0,1
915,Banditos 9U Texas,2,0,0,12,18,1.0,2
915,Lamar Elite - 9U - Red,1,1,0,18,19,0.5,3
915,Katy Bombers 9U,1,1,0,20,16,0.5,4
915,Houston Bandits 9u,1,1,0,21,25,0.5,5
915,Texans,1,1,0,21,23,0.5,6
915,Marucci Elite Texas - Holden,1,1,0,23,18,0.5,7
915,LC Legends,0,2,0,23,15,0.0,8
915,Texas Elite Lobos - Gold,0,2,0,24,16,0.0,9
916,Marucci Elite Texas - Holden,2,0,0,9,17,1.0,1
916,SOUTH COAST CREAM X.,2,0,0,12,24,1.0,2
916,Banditos 9U Texas,1,1,0,16,17,0.5,3
916,LC Legends,1,1,0,16,15,0.5,4
916,Texans,1,1,0,20,20,0.5,5
916,Houston Bandits 9u,1,1,0,20,19,0.5,6
916,Katy Bombers 9U,1,1,0,20,16,0.5,7
916,Lamar Elite - 9U - Red,0,2,0,23,16,0.0,8
916,Texas Elite Lobos - Gold,0,2,0,24,16,0.0,9
917,SOUTH COAST CREAM X.,2,0,0,12,24,1.0,1
917,Houston Bandits 9u,2,0,0,15,25,1.0,2
917,Texans,2,0,0,19,21,1.0,3
917,Banditos 9U Texas,1,1,0,16,19,0.5,4
917,Marucci Elite Texas - Holden,1,1,0,20,18,0.5,5
917,Katy Bombers 9U,1,1,0,20,16,0.5,6
917,LC Legends,0,2,0,17,12,0.0,7
917,Lamar Elite - 9U - Red,0,2,0,23,15,0.0,8
917,Texas Elite Lobos - Gold,0,2,0,24,16,0.0,9
918,SOUTH COAST CREAM X.,2,0,0,12,24,1.0,1
918,Marucci Elite Texas - Holden,2,0,0,18,26,1.0,2
918,Banditos 9U Texas,1,1,0,11,14,0.5,3
918,LC Legends,1,1,0,13,17,0.5,4
918,Texans,1,1,0,19,12,0.5,5
918,Lamar Elite - 9U - Red,1,1,0,20,21,0.5,6
918,Katy Bombers 9U,1,1,0,20,16,0.5,7
918,Texas Elite Lobos - Gold,0,2,0,24,16,0.0,8
918,Houston Bandits 9u,0,2,0,24,15,0.0,9
919,SOUTH COAST CREAM X.,2,0,0,12,24,1.0,1
919,Lamar Elite - 9U - Red,2,0,0,17,23,1.0,2
919,Texans,1,0,1,14,22,0.75,3
919,Banditos 9U Texas,1,1,0,19,15,0.5,4
919,Katy Bombers 9U,1,1,0,20,16,0.5,5
919,Houston Bandits 9u,1,1,0,22,22,0.5,6
919,LC Legends,0,1,1,15,11,0.25,7
919,Marucci Elite Texas - Holden,0,2,0,19,13,0.0,8
919,Texas Elite Lobos - Gold,0,2,0,24,16,0.0,9
920,Banditos 9U Texas,2,0,0,10,18,1.0,1
920,SOUTH COAST CREAM X.,2,0,0,12,24,1.0,2
920,Lamar Elite - 9U - Red,1,0,1,19,20,0.75,3
920,Houston Bandits 9u,1,0,1,25,26,0.75,4
920,LC Legends,1,1,0,17,15,0.5,5
920,Katy Bombers 9U,1,1,0,20,16,0.5,6
920,Texans,0,2,0,21,15,0.0,7
920,Marucci Elite Texas - Holden,0,2,0,24,22,0.0,8
920,Texas Elite Lobos - Gold,0,2,0,24,16,0.0,9
921,Banditos 9U Texas,2,0,0,9,16,1.0,1
921,SOUTH COAST CREAM X.,2,0,0,12,24,1.0,2
921,Lamar Elite - 9U - Red,2,0,0,15,25,1.0,3
921,LC Legends,1,1,0,13,14,0.5,4
921,Katy Bombers 9U,1,1,0,20,16,0.5,5
921,Houston Bandits 9u,0,1,1,23,20,0.25,6
921,Marucci Elite Texas - Holden,0,1,1,24,17,0.25,7
921,Texans,0,2,0,18,10,0.0,8
921,Texas Elite Lobos - Gold,0,2,0,24,16,0.0,9
922,SOUTH COAST CREAM X.,2,0,0,12,24,1.0,1
922,LC Legends,1,1,0,12,16,0.5,2
922,Marucci Elite Texas - Holden,1,1,0,17,17,0.5,3
922,Banditos 9U Texas,1,1,0,18,19,0.5,4
922,Katy Bombers 9U,1,1,0,20,16,0.5,5
922,Houston Bandits 9u,1,1,0,22,21,0.5,6
922,Lamar Elite - 9U - Red,1,1,0,23,24,0.5,7
922,Texans,1,1,0,23,18,0.5,8
922,Texas Elite Lobos - Gold,0,2,0,24,16,0.0,9
923,Banditos 9U Texas,2,0,0,9,14,1.0,1
923,SOUTH COAST CREAM X.,2,0,0,12,24,1.0,2
923,Lamar Elite - 9U - Red,1,0,1,15,21,0.75,3
923,Marucci Elite Texas - Holden,1,0,1,19,23,0.75,4
923,Katy Bombers 9U,1,1,0,20,16,0.5,5
923,Texans,0,1,1,17,16,0.25,6
923,LC Legends,0,1,1,19,15,0.25,7
923,Texas Elite Lobos - Gold,0,2,0,24,16,0.0,8
923,Houston Bandits 9u,0,2,0,28,18,0.0,9
924,SOUTH COAST CREAM X.,2,0,0,12,24,1.0,1
924,Texans,2,0,0,19,21,1.0,2
924,Houston Bandits 9u,1,0,1,22,23,0.75,3
924,Banditos 9U Texas,1,1,0,14,17,0.5,4
924,Katy Bombers 9U,1,1,0,20,16,0.5,5
924,Marucci Elite Texas - Holden,0,0,2,22,22,0.5,6
924,Lamar Elite - 9U - Red,0,1,1,21,20,0.25,7
924,LC Legends,0,2,0,19,14,0.0,8
924,Texas Elite Lobos - Gold,0,2,0,24,16,0.0,9
925,Houston Bandits 9u,2,0,0,11,24,1.0,1
925,SOUTH COAST CREAM X.,2,0,0,12,24,1.0,2
925,Texans,2,0,0,18,26,1.0,3
925,Banditos 9U Texas,1,1,0,18,16,0.5,4
925,Lamar Elite - 9U - Red,1,1,0,20,21,0.5,5
925,Katy Bombers 9U,1,1,0,20,16,0.5,6
925,LC Legends,0,2,0,20,14,0.0,7
925,Texas Elite Lobos - Gold,0,2,0,24,16,0.0,8
925,Marucci Elite Texas - Holden,0,2,0,26,12,0.0,9
926,SOUTH COAST CREAM X.,2,0,0,12,24,1.0,1
926,Houston Bandits 9u,2,0,0,19,23,1.0,2
926,Banditos 9U Texas,1,1,0,14,14,0.5,3
926,LC Legends,1,1,0,14,13,0.5,4
926,Texans,1,1,0,15,16,0.5,5
926,Lamar Elite - 9U - Red,1,1,0,20,20,0.5,6
926,Katy Bombers 9U,1,1,0,20,16,0.5,7
926,Marucci Elite Texas - Holden,0,2,0,21,17,0.0,8
926,Texas Elite Lobos - Gold,0,2,0,24,16,0.0,9
927,SOUTH COAST CREAM X.,2,0,0,12,24,1.0,1
927,Lamar Elite - 9U - Red,2,0,0,14,19,1.0,2
927,Banditos 9U Texas,2,0,0,19,25,1.0,3
927,Katy Bombers 9U,1,1,0,20,16,0.5,4
927,Texans,1,1,0,24,26,0.5,5
927,Houston Bandits 9u,0,1,1,18,17,0.25,6
927,Marucci Elite Texas - Holden,0,1,1,21,17,0.25,7
927,LC Legends,0,2,0,19,11,0.0,8
927,Texas Elite Lobos - Gold,0,2,0,24,16,0.0,9
928,Houston Bandits 9u,2,0,0,9,19,1.0,1
928,SOUTH COAST CREAM X.,2,0,0,12,24,1.0,2
928,Banditos 9U Texas,2,0,0,15,20,1.0,3
928,Texans,1,1,0,20,26,0.5,4
928,Katy Bombers 9U,1,1,0,20,16,0.5,5
928,Lamar Elite - 9U - Red,0,1,1,16,15,0.25,6
928,Marucci Elite Texas - Holden,0,1,1,21,12,0.25,7
928,LC Legends,0,2,0,23,12,0.0,8
928,Texas Elite Lobos - Gold,0,2,0,24,16,0.0,9
929,Banditos 9U Texas,2,0,0,9,17,1.0,1
929,SOUTH COAST CREAM X.,2,0,0,12,24,1.0,2
929,Houston Bandits 9u,2,0,0,19,30,1.0,3
929,LC Legends,1,1,0,17,20,0.5,4
929,Katy Bombers 9U,1,1,0,20,16,0.5,5
929,Lamar Elite - 9U - Red,1,1,0,25,18,0.5,6
929,Texas Elite Lobos - Gold,0,2,0,24,16,0.0,7
929,Texans,0,2,0,25,14,0.0,8
929,Marucci Elite Texas - Holden,0,2,0,26,22,0.0,9
930,SOUTH COAST CREAM X.,2,0,0,12,24,1.0,1
930,Texans,2,0,0,13,30,1.0,2
930,Houston Bandits 9u,2,0,0,14,24,1.0,3
930,Lamar Elite - 9U - Red,1,1,0,17,20,0.5,4
930,Banditos 9U Texas,1,1,0,18,15,0.5,5
930,Katy Bombers 9U,1,1,0,20,16,0.5,6
930,Texas Elite Lobos - Gold,0,2,0,24,16,0.0,7
930,Marucci Elite Texas - Holden,0,2,0,24,11,0.0,8
930,LC Legends,0,2,0,24,10,0.0,9
931,Banditos 9U Texas,2,0,0,11,22,1.0,1
931,SOUTH COAST CREAM X.,2,0,0,12,24,1.0,2
931,Marucci Elite Texas - Holden,1,1,0,14,16,0.5,3
931,Houston Bandits 9u,1,1,0,17,15,0.5,4
931,Lamar Elite - 9U - Red,1,1,0,20,20,0.5,5
931,Katy Bombers 9U,1,1,0,20,16,0.5,6
931,LC Legends,0,1,1,17,13,0.25,7
931,Texans,0,1,1,23,16,0.25,8
931,Texas Elite Lobos - Gold,0,2,0,24,16,0.0,9
932,SOUTH COAST CREAM X.,2,0,0,12,24,1.0,1
932,Banditos 9U Texas,1,0,1,12,16,0.75,2
932,LC Legends,1,1,0,14,12,0.5,3
932,Lamar Elite - 9U - Red,1,1,0,18,18,0.5,4
932,Houston Bandits 9u,1,1,0,20,22,0.5,5
932,Katy Bombers 9U,1,1,0,20,16,0.5,6
932,Marucci Elite Texas - Holden,1,1,0,21,19,0.5,7
932,Texans,0,1,1,16,14,0.25,8
932,Texas Elite Lobos - Gold,0,2,0,24,16,0.0,9
933,SOUTH COAST CREAM X.,2,0,0,12,24,1.0,1
933,Houston Bandits 9u,2,0,0,14,22,1.0,2
933,Banditos 9U Texas,1,1,0,10,13,0.5,3
933,Texans,1,1,0,16,15,0.5,4
933,LC Legends,1,1,0,17,15,0.5,5
933,Katy Bombers 9U,1,1,0,20,16,0.5,6
933,Lamar Elite - 9U - Red,1,1,0,21,20,0.5,7
933,Marucci Elite Texas - Holden,0,2,0,20,13,0.0,8
933,Texas Elite Lobos - Gold,0,2,0,24,16,0.0,9
934,Banditos 9U Texas,2,0,0,10,15,1.0,1
934,Lamar Elite - 9U - Red,2,0,0,12,26,1.0,2
934,SOUTH COAST CREAM X.,2,0,0,12,24,1.0,3
934,LC Legends,1,1,0,15,12,0.5,4
934,Katy Bombers 9U,1,1,0,20,16,0.5,5
934,Marucci Elite Texas - Holden,1,1,0,21,19,0.5,6
934,Texans,0,2,0,15,13,0.0,7
934,Texas Elite Lobos - Gold,0,2,0,24,16,0.0,8
934,Houston Bandits 9u,0,2,0,29,17,0.0,9
935,SOUTH COAST CREAM X.,2,0,0,12,24,1.0,1
935,Banditos 9U Texas,2,0,0,15,22,1.0,2
935,Houston Bandits 9u,2,0,0,15,20,1.0,3
935,Lamar Elite - 9U - Red,1,1,0,17,18,0.5,4
935,Texans,1,1,0,19,20,0.5,5
935,Katy Bombers 9U,1,1,0,20,16,0.5,6
935,Marucci Elite Texas - Holden,0,2,0,17,11,0.0,7
935,LC Legends,0,2,0,17,9,0.0,8
935,Texas Elite Lobos - Gold,0,2,0,24,16,0.0,9
936,SOUTH COAST CREAM X.,2,0,0,12,24,1.0,1
936,Marucci Elite Texas - Holden,2,0,0,16,21,1.0,2
936,Texans,1,0,1,16,18,0.75,3
936,Banditos 9U Texas,1,1,0,13,15,0.5,4
936,Lamar Elite - 9U - Red,1,1,0,17,23,0.5,5
936,Katy Bombers 9U,1,1,0,20,16,0.5,6
936,LC Legends,0,1,1,17,13,0.25,7
936,Texas Elite Lobos - Gold,0,2,0,24,16,0.0,8
936,Houston Bandits 9u,0,2,0,29,18,0.0,9
937,SOUTH COAST CREAM X.,2,0,0,12,24,1.0,1
937,Lamar Elite - 9U - Red,2,0,0,17,22,1.0,2
937,Banditos 9U Texas,1,0,1,13,17,0.75,3
937,Texans,1,0,1,17,22,0.75,4
937,Marucci Elite Texas - Holden,1,1,0,19,22,0.5,5
937,Katy Bombers 9U,1,1,0,20,16,0.5,6
937,LC Legends,0,2,0,21,12,0.0,7
937,Houston Bandits 9u,0,2,0,24,16,0.0,8
937,Texas Elite Lobos - Gold,0,2,0,24,16,0.0,9
938,SOUTH COAST CREAM X.,2,0,0,12,24,1.0,1
938,Houston Bandits 9u,1,0,1,15,24,0.75,2
938,Lamar Elite - 9U - Red,1,0,1,19,25,0.75,3
938,Banditos 9U Texas,1,1,0,13,13,0.5,4
938,LC Legends,1,1,0,17,17,0.5,5
938,Texans,1,1,0,18,18,0.5,6
938,Katy Bombers 9U,1,1,0,20,16,0.5,7
938,Texas Elite Lobos - Gold,0,2,0,24,16,0.0,8
938,Marucci Elite Texas - Holden,0,2,0,31,16,0.0,9
939,SOUTH COAST CREAM X.,2,0,0,12,24,1.0,1
939,Marucci Elite Texas - Holden,2,0,0,15,27,1.0,2
939,Banditos 9U Texas,1,1,0,16,17,0.5,3
939,LC Legends,1,1,0,19,17,0.5,4
939,Katy Bombers 9U,1,1,0,20,16,0.5,5
939,Texans,1,1,0,22,23,0.5,6
939,Lamar Elite - 9U - Red,1,1,0,22,20,0.5,7
939,Texas Elite Lobos - Gold,0,2,0,24,16,0.0,8
939,Houston Bandits 9u,0,2,0,24,14,0.0,9
940,SOUTH COAST CREAM X.,2,0,0,12,24,1.0,1
940,Lamar Elite - 9U - Red,2,0,0,12,17,1.0,2
940,LC Legends,1,1,0,10,16,0.5,3
940,Marucci Elite Texas - Holden,1,1,0,14,18,0.5,4
940,Banditos 9U Texas,1,1,0,16,19,0.5,5
940,Katy Bombers 9U,1,1,0,20,16,0.5,6
940,Texans,1,1,0,23,14,0.5,7
940,Houston Bandits 9u,0,2,0,20,11,0.0,8
940,Texas Elite Lobos - Gold,0,2,0,24,16,0.0,9
941,SOUTH COAST CREAM X.,2,0,0,12,24,1.0,1
941,Banditos 9U Texas,1,0,1,15,19,0.75,2
941,Texans,1,0,1,17,20,0.75,3
941,Lamar Elite - 9U - Red,1,1,0,13,15,0.5,4
941,Marucci Elite Texas - Holden,1,1,0,17,17,0.5,5
941,Houston Bandits 9u,1,1,0,19,17,0.5,6
941,Katy Bombers 9U,1,1,0,20,16,0.5,7
941,LC Legends,0,2,0,17,10,0.0,8
941,Texas Elite Lobos - Gold,0,2,0,24,16,0.0,9
942,SOUTH COAST CREAM X.,2,0,0,12,24,1.0,1
942,Texans,2,0,0,16,26,1.0,2
942,Lamar Elite - 9U - Red,2,0,0,19,23,1.0,3
942,Banditos 9U Texas,1,1,0,15,14,0.5,4
942,Houston Bandits 9u,1,1,0,18,24,0.5,5
942,Katy Bombers 9U,1,1,0,20,16,0.5,6
942,LC Legends,0,2,0,23,14,0.0,7
942,Texas Elite Lobos - Gold,0,2,0,24,16,0.0,8
942,Marucci Elite Texas - Holden,0,2,0,30,20,0.0,9
943,SOUTH COAST CREAM X.,2,0,0,12,24,1.0,1
943,Banditos 9U Texas,2,0,0,13,18,1.0,2
943,LC Legends,1,1,0,15,18,0.5,3
943,Houston Bandits 9u,1,1,0,18,18,0.5,4
943,Lamar Elite - 9U - Red,1,1,0,20,25,0.5,5
943,Katy Bombers 9U,1,1,0,20,16,0.5,6
943,Marucci Elite Texas - Holden,1,1,0,23,18,0.5,7
943,Texans,0,2,0,24,16,0.0,8
943,Texas Elite Lobos - Gold,0,2,0,24,16,0.0,9
944,SOUTH COAST CREAM X.,2,0,0,12,24,1.0,1
944,Houston Bandits 9u,2,0,0,16,21,1.0,2
944,LC Legends,1,1,0,14,14,0.5,3
944,Marucci Elite Texas - Holden,1,1,0,19,18,0.5,4
944,Katy Bombers 9U,1,1,0,20,16,0.5,5
944,Texans,1,1,0,22,24,0.5,6
944,Banditos 9U Texas,1,1,0,22,20,0.5,7
944,Lamar Elite - 9U - Red,0,2,0,20,16,0.0,8
944,Texas Elite Lobos - Gold,0,2,0,24,16,0.0,9
945,Banditos 9U Texas,2,0,0,10,15,1.0,1
945,SOUTH COAST CREAM X.,2,0,0,12,24,1.0,2
945,Lamar Elite - 9U - Red,2,0,0,19,24,1.0,3
945,Houston Bandits 9u,1,1,0,17,22,0.5,4
945,Texans,1,1,0,17,19,0.5,5
945,Katy Bombers 9U,1,1,0,20,16,0.5,6
945,LC Legends,0,2,0,21,14,0.0,7
945,Texas Elite Lobos - Gold,0,2,0,24,16,0.0,8
945,Marucci Elite Texas - Holden,0,2,0,28,18,0.0,9
946,SOUTH COAST CREAM X.,2,0,0,12,24,1.0,1
946,Banditos 9U Texas,1,0,1,13,17,0.75,2
946,Lamar Elite - 9U - Red,1,0,1,15,18,0.75,3
946,LC Legends,1,1,0,16,18,0.5,4
946,Marucci Elite Texas - Holden,1,1,0,17,15,0.5,5
946,Katy Bombers 9U,1,1,0,20,16,0.5,6
946,Houston Bandits 9u,0,1,1,14,13,0.25,7
946,Texans,0,1,1,23,17,0.25,8
946,Texas Elite Lobos - Gold,0,2,0,24,16,0.0,9
947,SOUTH COAST CREAM X.,2,0,0,12,24,1.0,1
947,Houston Bandits 9u,1,0,1,16,19,0.75,2
947,LC Legends,1,1,0,15,12,0.5,3
947,Texans,1,1,0,18,21,0.5,4
947,Banditos 9U Texas,1,1,0,18,18,0.5,5
947,Lamar Elite - 9U - Red,1,1,0,19,20,0.5,6
947,Katy Bombers 9U,1,1,0,20,16,0.5,7
947,Marucci Elite Texas - Holden,0,1,1,26,22,0.25,8
947,Texas Elite Lobos - Gold,0,2,0,24,16,0.0,9
948,SOUTH COAST CREAM X.,2,0,0,12,24,1.0,1
948,Houston Bandits 9u,2,0,0,14,16,1.0,2
948,Texans,1,1,0,13,26,0.5,3
948,Marucci Elite Texas - Holden,1,1,0,14,20,0.5,4
948,LC Legends,1,1,0,17,14,0.5,5
948,Katy Bombers 9U,1,1,0,20,16,0.5,6
948,Banditos 9U Texas,1,1,0,21,11,0.5,7
948,Lamar Elite - 9U - Red,0,2,0,23,15,0.0,8
948,Texas Elite Lobos - Gold,0,2,0,24,16,0.0,9
949,SOUTH COAST CREAM X.,2,0,0,12,24,1.0,1
949,Houston Bandits 9u,1,0,1,16,17,0.75,2
949,Texans,1,0,1,17,22,0.75,3
949,Lamar Elite - 9U - Red,1,1,0,17,19,0.5,4
949,Banditos 9U Texas,1,1,0,18,17,0.5,5
949,Katy Bombers 9U,1,1,0,20,16,0.5,6
949,LC Legends,0,1,1,16,12,0.25,7
949,Marucci Elite Texas - Holden,0,1,1,17,14,0.25,8
949,Texas Elite Lobos - Gold,0,2,0,24,16,0.0,9
950,SOUTH COAST CREAM X.,2,0,0,12,24,1.0,1
950,Houston Bandits 9u,1,1,0,14,17,0.5,2
950,LC Legends,1,1,0,15,14,0.5,3
950,Lamar Elite - 9U - Red,1,1,0,17,17,0.5,4
950,Texans,1,1,0,20,25,0.5,5
950,Katy Bombers 9U,1,1,0,20,16,0.5,6
950,Marucci Elite Texas - Holden,1,1,0,22,19,0.5,7
950,Banditos 9U Texas,1,1,0,22,18,0.5,8
950,Texas Elite Lobos - Gold,0,2,0,24,16,0.0,9
951,SOUTH COAST CREAM X.,2,0,0,12,24,1.0,1
951,Banditos 9U Texas,2,0,0,14,22,1.0,2
951,Marucci Elite Texas - Holden,1,0,1,13,15,0.75,3
951,Houston Bandits 9u,1,1,0,14,13,0.5,4
951,LC Legends,1,1,0,17,14,0.5,5
951,Katy Bombers 9U,1,1,0,20,16,0.5,6
951,Lamar Elite - 9U - Red,0,1,1,16,15,0.25,7
951,Texans,0,2,0,24,19,0.0,8
951,Texas Elite Lobos - Gold,0,2,0,24,16,0.0,9
952,Lamar Elite - 9U - Red,2,0,0,12,28,1.0,1
952,SOUTH COAST CREAM X.,2,0,0,12,24,1.0,2
952,LC Legends,1,1,0,15,17,0.5,3
952,Banditos 9U Texas,1,1,0,16,15,0.5,4
952,Texans,1,1,0,20,19,0.5,5
952,Katy Bombers 9U,1,1,0,20,16,0.5,6
952,Houston Bandits 9u,1,1,0,22,21,0.5,7
952,Texas Elite Lobos - Gold,0,2,0,24,16,0.0,8
952,Marucci Elite Texas - Holden,0,2,0,30,15,0.0,9
953,SOUTH COAST CREAM X.,2,0,0,12,24,1.0,1
953,Lamar Elite - 9U - Red,2,0,0,18,20,1.0,2
953,Banditos 9U Texas,1,1,0,14,17,0.5,3
953,LC Legends,1,1,0,16,15,0.5,4
953,Texans,1,1,0,20,18,0.5,5
953,Katy Bombers 9U,1,1,0,20,16,0.5,6
953,Marucci Elite Texas - Holden,1,1,0,23,25,0.5,7
953,Houston Bandits 9u,0,2,0,20,16,0.0,8
953,Texas Elite Lobos - Gold,0,2,0,24,16,0.0,9
954,SOUTH COAST CREAM X.,2,0,0,12,24,1.0,1
954,Banditos 9U Texas,2,0,0,12,21,1.0,2
954,Marucci Elite Texas - Holden,2,0,0,20,27,1.0,3
954,Texans,1,1,0,18,20,0.5,4
954,Katy Bombers 9U,1,1,0,20,16,0.5,5
954,Houston Bandits 9u,1,1,0,25,21,0.5,6
954,LC Legends,0,2,0,20,9,0.0,7
954,Lamar Elite - 9U - Red,0,2,0,24,21,0.0,8
954,Texas Elite Lobos - Gold,0,2,0,24,16,0.0,9
955,SOUTH COAST CREAM X.,2,0,0,12,24,1.0,1
955,Lamar Elite - 9U - Red,2,0,0,13,22,1.0,2
955,LC Legends,1,1,0,11,16,0.5,3
955,Houston Bandits 9u,1,1,0,14,17,0.5,4
955,Banditos 9U Texas,1,1,0,15,16,0.5,5
955,Katy Bombers 9U,1,1,0,20,16,0.5,6
955,Texans,1,1,0,20,14,0.5,7
955,Texas Elite Lobos - Gold,0,2,0,24,16,0.0,8
955,Marucci Elite Texas - Holden,0,2,0,24,12,0.0,9
956,SOUTH COAST CREAM X.,2,0,0,12,24,1.0,1
956,Marucci Elite Texas - Holden,2,0,0,17,20,1.0,2
956,Banditos 9U Texas,1,0,1,14,18,0.75,3
956,Texans,1,0,1,18,21,0.75,4
956,Lamar Elite - 9U - Red,1,1,0,14,17,0.5,5
956,Katy Bombers 9U,1,1,0,20,16,0.5,6
956,Houston Bandits 9u,0,2,0,18,12,0.0,7
956,LC Legends,0,2,0,19,12,0.0,8
956,Texas Elite Lobos - Gold,0,2,0,24,16,0.0,9
957,SOUTH COAST CREAM X.,2,0,0,12,24,1.0,1
957,Lamar Elite - 9U - Red,1,1,0,10,11,0.5,2
957,LC Legends,1,1,0,15,17,0.5,3
957,Houston Bandits 9u,1,1,0,15,15,0.5,4
957,Banditos 9U Texas,1,1,0,15,14,0.5,5
957,Marucci Elite Texas - Holden,1,1,0,18,17,0.5,6
957,Texans,1,1,0,19,18,0.5,7
957,Katy Bombers 9U,1,1,0,20,16,0.5,8
957,Texas Elite Lobos - Gold,0,2,0,24,16,0.0,9
958,Banditos 9U Texas,2,0,0,11,21,1.0,1
958,SOUTH COAST CREAM X.,2,0,0,12,24,1.0,2
958,LC Legends,1,1,0,11,14,0.5,3
958,Houston Bandits 9u,1,1,0,16,18,0.5,4
958,Marucci Elite Texas - Holden,1,1,0,17,16,0.5,5
958,Lamar Elite - 9U - Red,1,1,0,19,18,0.5,6
958,Katy Bombers 9U,1,1,0,20,16,0.5,7
958,Texans,0,2,0,23,10,0.0,8
958,Texas Elite Lobos - Gold,0,2,0,24,16,0.0,9
959,SOUTH COAST CREAM X.,2,0,0,12,24,1.0,1
959,LC Legends,1,1,0,11,12,0.5,2
959,Banditos 9U Texas,1,1,0,12,15,0.5,3
959,Texans,1,1,0,15,11,0.5,4
959,Houston Bandits 9u,1,1,0,17,17,0.5,5
959,Marucci Elite Texas - Holden,1,1,0,18,17,0.5,6
959,Lamar Elite - 9U - Red,1,1,0,20,21,0.5,7
959,Katy Bombers 9U,1,1,0,20,16,0.5,8
959,Texas Elite Lobos - Gold,0,2,0,24,16,0.0,9
960,SOUTH COAST CREAM X.,2,0,0,12,24,1.0,1
960,Banditos 9U Texas,2,0,0,13,23,1.0,2
960,Marucci Elite Texas - Holden,1,0,1,14,19,0.75,3
960,Houston Bandits 9u,1,0,1,17,20,0.75,4
960,LC Legends,1,1,0,15,16,0.5,5
960,Katy Bombers 9U,1,1,0,20,16,0.5,6
960,Texas Elite Lobos - Gold,0,2,0,24,16,0.0,7
960,Lamar Elite - 9U - Red,0,2,0,25,17,0.0,8
960,Texans,0,2,0,27,16,0.0,9
961,SOUTH COAST CREAM X.,2,0,0,12,24,1.0,1
961,Lamar Elite - 9U - Red,1,0,1,17,19,0.75,2
961,Houston Bandits 9u,1,0,1,19,29,0.75,3
961,Banditos 9U Texas,1,1,0,16,19,0.5,4
961,LC Legends,1,1,0,16,16,0.5,5
961,Katy Bombers 9U,1,1,0,20,16,0.5,6
961,Texans,1,1,0,23,20,0.5,7
961,Texas Elite Lobos - Gold,0,2,0,24,16,0.0,8
961,Marucci Elite Texas - Holden,0,2,0,24,12,0.0,9
962,SOUTH COAST CREAM X.,2,0,0,12,24,1.0,1
962,Banditos 9U Texas,1,1,0,15,16,0.5,2
962,LC Legends,1,1,0,15,14,0.5,3
962,Marucci Elite Texas - Holden,1,1,0,16,16,0.5,4
962,Houston Bandits 9u,1,1,0,18,19,0.5,5
962,Texans,1,1,0,18,18,0.5,6
962,Katy Bombers 9U,1,1,0,20,16,0.5,7
962,Lamar Elite - 9U - Red,1,1,0,21,20,0.5,8
962,Texas Elite Lobos - Gold,0,2,0,24,16,0.0,9
963,Banditos 9U Texas,2,0,0,9,16,1.0,1
963,SOUTH COAST CREAM X.,2,0,0,12,24,1.0,2
963,Texans,1,1,0,14,14,0.5,3
963,Lamar Elite - 9U - Red,1,1,0,18,22,0.5,4
963,Marucci Elite Texas - Holden,1,1,0,19,18,0.5,5
963,Katy Bombers 9U,1,1,0,20,16,0.5,6
963,Houston Bandits 9u,1,1,0,23,20,0.5,7
963,LC Legends,0,2,0,17,10,0.0,8
963,Texas Elite Lobos - Gold,0,2,0,24,16,0.0,9
964,Banditos 9U Texas,2,0,0,10,18,1.0,1
964,SOUTH COAST CREAM X.,2,0,0,12,24,1.0,2
964,Houston Bandits 9u,2,0,0,15,22,1.0,3
964,Lamar Elite - 9U - Red,1,1,0,20,18,0.5,4
964,Katy Bombers 9U,1,1,0,20,16,0.5,5
964,LC Legends,0,1,1,18,14,0.25,6
964,Texans,0,1,1,20,16,0.25,7
964,Marucci Elite Texas - Holden,0,2,0,24,19,0.0,8
964,Texas Elite Lobos - Gold,0,2,0,24,16,0.0,9
965,SOUTH COAST CREAM X.,2,0,0,12,24,1.0,1
965,Banditos 9U Texas,2,0,0,12,21,1.0,2
965,Marucci Elite Texas - Holden,1,1,0,16,20,0.5,3
965,LC Legends,1,1,0,16,13,0.5,4
965,Katy Bombers 9U,1,1,0,20,16,0.5,5
965,Lamar Elite - 9U - Red,1,1,0,24,23,0.5,6
965,Houston Bandits 9u,1,1,0,26,23,0.5,7
965,Texans,0,2,0,22,16,0.0,8
965,Texas Elite Lobos - Gold,0,2,0,24,16,0.0,9
966,Banditos 9U Texas,2,0,0,10,18,1.0,1
966,SOUTH COAST CREAM X.,2,0,0,12,24,1.0,2
966,Lamar Elite - 9U - Red,1,1,0,19,19,0.5,3
966,LC Legends,1,1,0,19,19,0.5,4
966,Katy Bombers 9U,1,1,0,20,16,0.5,5
966,Marucci Elite Texas - Holden,1,1,0,22,22,0.5,6
966,Houston Bandits 9u,1,1,0,25,25,0.5,7
966,Texas Elite Lobos - Gold,0,2,0,24,16,0.0,8
966,Texans,0,2,0,25,17,0.0,9
967,SOUTH COAST CREAM X.,2,0,0,12,24,1.0,1
967,Houston Bandits 9u,2,0,0,18,26,1.0,2
967,LC Legends,1,1,0,15,16,0.5,3
967,Marucci Elite Texas - Holden,1,1,0,19,15,0.5,4
967,Banditos 9U Texas,1,1,0,20,17,0.5,5
967,Katy Bombers 9U,1,1,0,20,16,0.5,6
967,Texans,1,1,0,21,23,0.5,7
967,Lamar Elite - 9U - Red,0,2,0,20,16,0.0,8
967,Texas Elite Lobos - Gold,0,2,0,24,16,0.0,9
968,SOUTH COAST CREAM X.,2,0,0,12,24,1.0,1
968,Banditos 9U Texas,2,0,0,14,19,1.0,2
968,Houston Bandits 9u,1,1,0,15,16,0.5,3
968,LC Legends,1,1,0,16,14,0.5,4
968,Lamar Elite - 9U - Red,1,1,0,17,21,0.5,5
968,Marucci Elite Texas - Holden,1,1,0,18,13,0.5,6
968,Katy Bombers 9U,1,1,0,20,16,0.5,7
968,Texans,0,2,0,21,18,0.0,8
968,Texas Elite Lobos - Gold,0,2,0,24,16,0.0,9
969,SOUTH COAST CREAM X.,2,0,0,12,24,1.0,1
969,Houston Bandits 9u,1,0,1,17,19,0.75,2
969,Texans,1,0,1,22,28,0.75,3
969,Banditos 9U Texas,1,1,0,19,17,0.5,4
969,Katy Bombers 9U,1,1,0,20,16,0.5,5
969,Lamar Elite - 9U - Red,1,1,0,21,26,0.5,6
969,LC Legends,0,1,1,21,17,0.25,7
969,Marucci Elite Texas - Holden,0,1,1,25,18,0.25,8
969,Texas Elite Lobos - Gold,0,2,0,24,16,0.0,9
970,SOUTH COAST CREAM X.,2,0,0,12,24,1.0,1
970,Lamar Elite - 9U - Red,1,0,1,16,19,0.75,2
970,Banditos 9U Texas,1,1,0,11,13,0.5,3
970,Marucci Elite Texas - Holden,1,1,0,13,13,0.5,4
970,LC Legends,1,1,0,16,15,0.5,5
970,Texans,1,1,0,16,15,0.5,6
970,Katy Bombers 9U,1,1,0,20,16,0.5,7
970,Houston Bandits 9u,0,1,1,17,14,0.25,8
970,Texas Elite Lobos - Gold,0,2,0,24,16,0.0,9
971,SOUTH COAST CREAM X.,2,0,0,12,24,1.0,1
971,Banditos 9U Texas,2,0,0,12,20,1.0,2
971,Texans,1,1,0,19,25,0.5,3
971,Katy Bombers 9U,1,1,0,20,16,0.5,4
971,Marucci Elite Texas - Holden,1,1,0,22,25,0.5,5
971,Lamar Elite - 9U - Red,1,1,0,24,25,0.5,6
971,Houston Bandits 9u,1,1,0,29,25,0.5,7
971,Texas Elite Lobos - Gold,0,2,0,24,16,0.0,8
971,LC Legends,0,2,0,25,11,0.0,9
972,SOUTH COAST CREAM X.,2,0,0,12,24,1.0,1
972,Texans,2,0,0,20,26,1.0,2
972,Houston Bandits 9u,1,1,0,13,20,0.5,3
972,Banditos 9U Texas,1,1,0,18,18,0.5,4
972,Marucci Elite Texas - Holden,1,1,0,19,19,0.5,5
972,Katy Bombers 9U,1,1,0,20,16,0.5,6
972,Lamar Elite - 9U - Red,1,1,0,22,15,0.5,7
972,LC Legends,0,2,0,20,14,0.0,8
972,Texas Elite Lobos - Gold,0,2,0,24,16,0.0,9
973,Banditos 9U Texas,2,0,0,11,18,1.0,1
973,SOUTH COAST CREAM X.,2,0,0,12,24,1.0,2
973,Lamar Elite - 9U - Red,2,0,0,15,22,1.0,3
973,Houston Bandits 9u,1,1,0,16,11,0.5,4
973,Texans,1,1,0,20,18,0.5,5
973,Katy Bombers 9U,1,1,0,20,16,0.5,6
973,Marucci Elite Texas - Holden,0,2,0,19,17,0.0,7
973,LC Legends,0,2,0,19,14,0.0,8
973,Texas Elite Lobos - Gold,0,2,0,24,16,0.0,9
974,SOUTH COAST CREAM X.,2,0,0,12,24,1.0,1
974,Texans,2,0,0,18,23,1.0,2
974,Marucci Elite Texas - Holden,2,0,0,24,28,1.0,3
974,Banditos 9U Texas,1,1,0,12,12,0.5,4
974,Katy Bombers 9U,1,1,0,20,16,0.5,5
974,Lamar Elite - 9U - Red,1,1,0,23,27,0.5,6
974,LC Legends,0,2,0,23,18,0.0,7
974,Texas Elite Lobos - Gold,0,2,0,24,16,0.0,8
974,Houston Bandits 9u,0,2,0,29,21,0.0,9
975,Banditos 9U Texas,2,0,0,9,19,1.0,1
975,SOUTH COAST CREAM X.,2,0,0,12,24,1.0,2
975,Houston Bandits 9u,2,0,0,19,22,1.0,3
975,Texans,1,1,0,16,14,0.5,4
975,Katy Bombers 9U,1,1,0,20,16,0.5,5
975,Lamar Elite - 9U - Red,1,1,0,21,22,0.5,6
975,LC Legends,0,2,0,17,9,0.0,7
975,Marucci Elite Texas - Holden,0,2,0,23,19,0.0,8
975,Texas Elite Lobos - Gold,0,2,0,24,16,0.0,9
976,SOUTH COAST CREAM X.,2,0,0,12,24,1.0,1
976,Houston Bandits 9u,2,0,0,15,21,1.0,2
976,Banditos 9U Texas,1,0,1,12,16,0.75,3
976,LC Legends,1,1,0,17,15,0.5,4
976,Katy Bombers 9U,1,1,0,20,16,0.5,5
976,Marucci Elite Texas - Holden,0,1,1,16,15,0.25,6
976,Lamar Elite - 9U - Red,0,1,1,17,12,0.25,7
976,Texans,0,1,1,19,17,0.25,8
976,Texas Elite Lobos - Gold,0,2,0,24,16,0.0,9
977,SOUTH COAST CREAM X.,2,0,0,12,24,1.0,1
977,Texans,1,0,1,20,25,0.75,2
977,Banditos 9U Texas,1,1,0,17,16,0.5,3
977,Katy Bombers 9U,1,1,0,20,16,0.5,4
977,Lamar Elite - 9U - Red,1,1,0,22,30,0.5,5
977,Marucci Elite Texas - Holden,1,1,0,24,23,0.5,6
977,Houston Bandits 9u,1,1,0,25,18,0.5,7
977,LC Legends,0,1,1,20,16,0.25,8
977,Texas Elite Lobos - Gold,0,2,0,24,16,0.0,9
978,SOUTH COAST CREAM X.,2,0,0,12,24,1.0,1
978,Banditos 9U Texas,2,0,0,13,20,1.0,2
978,Marucci Elite Texas - Holden,1,1,0,20,22,0.5,3
978,Katy Bombers 9U,1,1,0,20,16,0.5,4
978,Houston Bandits 9u,1,1,0,21,22,0.5,5
978,Lamar Elite - 9U - Red,1,1,0,22,19,0.5,6
978,LC Legends,0,1,1,20,16,0.25,7
978,Texans,0,1,1,24,21,0.25,8
978,Texas Elite Lobos - Gold,0,2,0,24,16,0.0,9
979,SOUTH COAST CREAM X.,2,0,0,12,24,1.0,1
979,Banditos 9U Texas,2,0,0,12,19,1.0,2
979,Marucci Elite Texas - Holden,2,0,0,18,25,1.0,3
979,Lamar Elite - 9U - Red,1,1,0,20,21,0.5,4
979,Katy Bombers 9U,1,1,0,20,16,0.5,5
979,Texans,1,1,0,21,19,0.5,6
979,LC Legends,0,2,0,19,14,0.0,7
979,Houston Bandits 9u,0,2,0,24,16,0.0,8
979,Texas Elite Lobos - Gold,0,2,0,24,16,0.0,9
980,Texans,2,0,0,9,23,1.0,1
980,SOUTH COAST CREAM X.,2,0,0,12,24,1.0,2
980,Houston Bandits 9u,2,0,0,12,19,1.0,3
980,Lamar Elite - 9U - Red,1,1,0,18,18,0.5,4
980,Banditos 9U Texas,1,1,0,18,12,0.5,5
980,Katy Bombers 9U,1,1,0,20,16,0.5,6
980,LC Legends,0,2,0,17,9,0.0,7
980,Marucci Elite Texas - Holden,0,2,0,20,13,0.0,8
980,Texas Elite Lobos - Gold,0,2,0,24,16,0.0,9
981,SOUTH COAST CREAM X.,2,0,0,12,24,1.0,1
981,Texans,2,0,0,17,23,1.0,2
981,Marucci Elite Texas - Holden,1,0,1,15,21,0.75,3
981,Banditos 9U Texas,1,1,0,17,17,0.5,4
981,Katy Bombers 9U,1,1,0,20,16,0.5,5
981,Houston Bandits 9u,1,1,0,23,18,0.5,6
981,Lamar Elite - 9U - Red,0,1,1,19,18,0.25,7
981,LC Legends,0,2,0,18,12,0.0,8
981,Texas Elite Lobos - Gold,0,2,0,24,16,0.0,9
982,SOUTH COAST CREAM X.,2,0,0,12,24,1.0,1
982,Marucci Elite Texas - Holden,2,0,0,12,22,1.0,2
982,Banditos 9U Texas,2,0,0,13,18,1.0,3
982,Lamar Elite - 9U - Red,1,1,0,15,15,0.5,4
982,LC Legends,1,1,0,15,15,0.5,5
982,Katy Bombers 9U,1,1,0,20,16,0.5,6
982,Texans,0,2,0,21,16,0.0,7
982,Texas Elite Lobos - Gold,0,2,0,24,16,0.0,8
982,Houston Bandits 9u,0,2,0,24,14,0.0,9
983,Banditos 9U Texas,2,0,0,11,17,1.0,1
983,SOUTH COAST CREAM X.,2,0,0,12,24,1.0,2
983,Houston Bandits 9u,2,0,0,16,23,1.0,3
983,Katy Bombers 9U,1,1,0,20,16,0.5,4
983,Lamar Elite - 9U - Red,1,1,0,25,24,0.5,5
983,LC Legends,0,1,1,19,15,0.25,6
983,Texans,0,1,1,20,18,0.25,7
983,Texas Elite Lobos - Gold,0,2,0,24,16,0.0,8
983,Marucci Elite Texas - Holden,0,2,0,28,22,0.0,9
984,SOUTH COAST CREAM X.,2,0,0,12,24,1.0,1
984,Lamar Elite - 9U - Red,1,0,1,16,23,0.75,2
984,Texans,1,1,0,16,25,0.5,3
984,LC Legends,1,1,0,17,16,0.5,4
984,Katy Bombers 9U,1,1,0,20,16,0.5,5
984,Banditos 9U Texas,1,1,0,20,12,0.5,6
984,Houston Bandits 9u,1,1,0,23,20,0.5,7
984,Marucci Elite Texas - Holden,0,1,1,20,16,0.25,8
984,Texas Elite Lobos - Gold,0,2,0,24,16,0.0,9
985,SOUTH COAST CREAM X.,2,0,0,12,24,1.0,1
985,Marucci Elite Texas - Holden,1,0,1,13,18,0.75,2
985,Lamar Elite - 9U - Red,1,0,1,19,20,0.75,3
985,LC Legends,1,1,0,14,12,0.5,4
985,Banditos 9U Texas,1,1,0,18,20,0.5,5
985,Texans,1,1,0,20,20,0.5,6
985,Katy Bombers 9U,1,1,0,20,16,0.5,7
985,Houston Bandits 9u,0,2,0,20,14,0.0,8
985,Texas Elite Lobos - Gold,0,2,0,24,16,0.0,9
986,SOUTH COAST CREAM X.,2,0,0,12,24,1.0,1
986,Houston Bandits 9u,2,0,0,13,21,1.0,2
986,Banditos 9U Texas,2,0,0,14,22,1.0,3
986,Texans,1,1,0,19,21,0.5,4
986,Katy Bombers 9U,1,1,0,20,16,0.5,5
986,Marucci Elite Texas - Holden,1,1,0,21,18,0.5,6
986,LC Legends,0,2,0,19,9,0.0,7
986,Lamar Elite - 9U - Red,0,2,0,20,15,0.0,8
986,Texas Elite Lobos - Gold,0,2,0,24,16,0.0,9
987,SOUTH COAST CREAM X.,2,0,0,12,24,1.0,1
987,Texans,2,0,0,16,22,1.0,2
987,Houston Bandits 9u,1,1,0,14,17,0.5,3
987,Lamar Elite - 9U - Red,1,1,0,14,14,0.5,4
987,Marucci Elite Texas - Holden,1,1,0,16,13,0.5,5
987,Banditos 9U Texas,1,1,0,18,17,0.5,6
987,Katy Bombers 9U,1,1,0,20,16,0.5,7
987,LC Legends,0,2,0,16,11,0.0,8
987,Texas Elite Lobos - Gold,0,2,0,24,16,0.0,9
988,SOUTH COAST CREAM X.,2,0,0,12,24,1.0,1
988,Banditos 9U Texas,1,1,0,13,14,0.5,2
988,LC Legends,1,1,0,14,21,0.5,3
988,Houston Bandits 9u,1,1,0,17,23,0.5,4
988,Marucci Elite Texas - Holden,1,1,0,19,16,0.5,5
988,Lamar Elite - 9U - Red,1,1,0,20,17,0.5,6
988,Katy Bombers 9U,1,1,0,20,16,0.5,7
988,Texans,1,1,0,23,15,0.5,8
988,Texas Elite Lobos - Gold,0,2,0,24,16,0.0,9
989,Banditos 9U Texas,2,0,0,7,17,1.0,1
989,SOUTH COAST CREAM X.,2,0,0,12,24,1.0,2
989,Lamar Elite - 9U - Red,2,0,0,17,26,1.0,3
989,LC Legends,1,1,0,16,14,0.5,4
989,Houston Bandits 9u,1,1,0,20,19,0.5,5
989,Katy Bombers 9U,1,1,0,20,16,0.5,6
989,Texans,0,2,0,19,11,0.0,7
989,Texas Elite Lobos - Gold,0,2,0,24,16,0.0,8
989,Marucci Elite Texas - Holden,0,2,0,25,17,0.0,9
990,Texans,2,0,0,9,19,1.0,1
990,SOUTH COAST CREAM X.,2,0,0,12,24,1.0,2
990,Marucci Elite Texas - Holden,1,1,0,17,22,0.5,3
990,Banditos 9U Texas,1,1,0,17,12,0.5,4
990,Houston Bandits 9u,1,1,0,20,22,0.5,5
990,Katy Bombers 9U,1,1,0,20,16,0.5,6
990,Lamar Elite - 9U - Red,1,1,0,22,15,0.5,7
990,LC Legends,0,2,0,14,9,0.0,8
990,Texas Elite Lobos - Gold,0,2,0,24,16,0.0,9
991,SOUTH COAST CREAM X.,2,0,0,12,24,1.0,1
991,Houston Bandits 9u,2,0,0,18,24,1.0,2
991,Banditos 9U Texas,1,1,0,14,16,0.5,3
991,LC Legends,1,1,0,15,20,0.5,4
991,Katy Bombers 9U,1,1,0,20,16,0.5,5
991,Lamar Elite - 9U - Red,1,1,0,24,21,0.5,6
991,Texans,1,1,0,24,17,0.5,7
991,Marucci Elite Texas - Holden,0,2,0,16,13,0.0,8
991,Texas Elite Lobos - Gold,0,2,0,24,16,0.0,9
992,SOUTH COAST CREAM X.,2,0,0,12,24,1.0,1
992,Texans,2,0,0,17,21,1.0,2
992,Houston Bandits 9u,2,0,0,20,27,1.0,3
992,Banditos 9U Texas,1,1,0,14,17,0.5,4
992,Katy Bombers 9U,1,1,0,20,16,0.5,5
992,Lamar Elite - 9U - Red,1,1,0,22,18,0.5,6
992,LC Legends,0,2,0,19,12,0.0,7
992,Marucci Elite Texas - Holden,0,2,0,24,21,0.0,8
992,Texas Elite Lobos - Gold,0,2,0,24,16,0.0,9
993,SOUTH COAST CREAM X.,2,0,0,12,24,1.0,1
993,LC Legends,1,1,0,15,18,0.5,2
993,Marucci Elite Texas - Holden,1,1,0,17,19,0.5,3
993,Lamar Elite - 9U - Red,1,1,0,19,20,0.5,4
993,Houston Bandits 9u,1,1,0,20,17,0.5,5
993,Katy Bombers 9U,1,1,0,20,16,0.5,6
993,Banditos 9U Texas,1,1,0,20,15,0.5,7
993,Texans,1,1,0,21,23,0.5,8
993,Texas Elite Lobos - Gold,0,2,0,24,16,0.0,9
994,SOUTH COAST CREAM X.,2,0,0,12,24,1.0,1
994,Banditos 9U Texas,1,0,1,14,18,0.75,2
994,LC Legends,1,1,0,12,17,0.5,3
994,Houston Bandits 9u,1,1,0,16,23,0.5,4
994,Marucci Elite Texas - Holden,1,1,0,16,18,0.5,5
994,Katy Bombers 9U,1,1,0,20,16,0.5,6
994,Lamar Elite - 9U - Red,1,1,0,28,19,0.5,7
994,Texans,0,1,1,23,14,0.25,8
994,Texas Elite Lobos - Gold,0,2,0,24,16,0.0,9
995,SOUTH COAST CREAM X.,2,0,0,12,24,1.0,1
995,Texans,2,0,0,19,21,1.0,2
995,Banditos 9U Texas,1,1,0,15,18,0.5,3
995,Houston Bandits 9u,1,1,0,18,28,0.5,4
995,Marucci Elite Texas - Holden,1,1,0,19,17,0.5,5
995,Katy Bombers 9U,1,1,0,20,16,0.5,6
995,Lamar Elite - 9U - Red,1,1,0,28,20,0.5,7
995,LC Legends,0,2,0,18,13,0.0,8
995,Texas Elite Lobos - Gold,0,2,0,24,16,0.0,9
996,SOUTH COAST CREAM X.,2,0,0,12,24,1.0,1
996,Banditos 9U Texas,2,0,0,13,18,1.0,2
996,Houston Bandits 9u,2,0,0,14,19,1.0,3
996,Lamar Elite - 9U - Red,1,1,0,15,14,0.5,4
996,LC Legends,1,1,0,17,16,0.5,5
996,Katy Bombers 9U,1,1,0,20,16,0.5,6
996,Marucci Elite Texas - Holden,0,2,0,16,12,0.0,7
996,Texans,0,2,0,22,18,0.0,8
996,Texas Elite Lobos - Gold,0,2,0,24,16,0.0,9
997,Banditos 9U Texas,2,0,0,10,19,1.0,1
997,SOUTH COAST CREAM X.,2,0,0,12,24,1.0,2
997,Lamar Elite - 9U - Red,1,0,1,16,17,0.75,3
997,LC Legends,1,1,0,15,16,0.5,4
997,Houston Bandits 9u,1,1,0,18,19,0.5,5
997,Katy Bombers 9U,1,1,0,20,16,0.5,6
997,Marucci Elite Texas - Holden,0,1,1,19,17,0.25,7
997,Texans,0,2,0,23,13,0.0,8
997,Texas Elite Lobos - Gold,0,2,0,24,16,0.0,9
998,Marucci Elite Texas - Holden,2,0,0,10,17,1.0,1
998,SOUTH COAST CREAM X.,2,0,0,12,24,1.0,2
998,Texans,2,0,0,12,22,1.0,3
998,Banditos 9U Texas,1,1,0,19,16,0.5,4
998,Houston Bandits 9u,1,1,0,20,16,0.5,5
998,Katy Bombers 9U,1,1,0,20,16,0.5,6
998,LC Legends,0,2,0,15,8,0.0,7
998,Lamar Elite - 9U - Red,0,2,0,19,16,0.0,8
998,Texas Elite Lobos - Gold,0,2,0,24,16,0.0,9
999,SOUTH COAST CREAM X.,2,0,0,12,24,1.0,1
999,Banditos 9U Texas,2,0,0,12,19,1.0,2
999,Lamar Elite - 9U - Red,2,0,0,15,24,1.0,3
999,LC Legends,1,1,0,17,17,0.5,4
999,Katy Bombers 9U,1,1,0,20,16,0.5,5
999,Houston Bandits 9u,0,1,1,20,15,0.25,6
999,Marucci Elite Texas - Holden,0,1,1,22,18,0.25,7
999,Texans,0,2,0,24,17,0.0,8
999,Texas Elite Lobos - Gold,0,2,0,24,16,0.0,9
1000,SOUTH COAST CREAM X.,2,0,0,12,24,1.0,1
1000,Texans,2,0,0,15,22,1.0,2
1000,Houston Bandits 9u,2,0,0,18,29,1.0,3
1000,Banditos 9U Texas,1,1,0,15,15,0.5,4
1000,Katy Bombers 9U,1,1,0,20,16,0.5,5
1000,Lamar Elite - 9U - Red,1,1,0,22,18,0.5,6
1000,Marucci Elite Texas - Holden,0,2,0,17,10,0.0,7
1000,LC Legends,0,2,0,19,12,0.0,8
1000,Texas Elite Lobos - Gold,0,2,0,24,16,0.0,9
1001,Texans,2,0,0,11,20,1.0,1
1001,SOUTH COAST CREAM X.,2,0,0,12,24,1.0,2
1001,Marucci Elite Texas - Holden,1,0,1,23,26,0.75,3
1001,Banditos 9U Texas,1,1,0,13,16,0.5,4
1001,Katy Bombers 9U,1,1,0,20,16,0.5,5
1001,Lamar Elite - 9U - Red,1,1,0,21,22,0.5,6
1001,Houston Bandits 9u,0,1,1,25,21,0.25,7
1001,LC Legends,0,2,0,19,7,0.0,8
1001,Texas Elite Lobos - Gold,0,2,0,24,16,0.0,9
1002,Houston Bandits 9u,2,0,0,7,14,1.0,1
1002,SOUTH COAST CREAM X.,2,0,0,12,24,1.0,2
1002,Texans,1,0,1,18,22,0.75,3
1002,Banditos 9U Texas,1,1,0,17,17,0.5,4
1002,Lamar Elite - 9U - Red,1,1,0,18,15,0.5,5
1002,Katy Bombers 9U,1,1,0,20,16,0.5,6
1002,LC Legends,0,1,1,17,13,0.25,7
1002,Marucci Elite Texas - Holden,0,2,0,16,12,0.0,8
1002,Texas Elite Lobos - Gold,0,2,0,24,16,0.0,9
1003,Lamar Elite - 9U - Red,2,0,0,10,20,1.0,1
1003,SOUTH COAST CREAM X.,2,0,0,12,24,1.0,2
1003,Texans,2,0,0,19,26,1.0,3
1003,Banditos 9U Texas,1,1,0,17,16,0.5,4
1003,Marucci Elite Texas - Holden,1,1,0,18,14,0.5,5
1003,Katy Bombers 9U,1,1,0,20,16,0.5,6
1003,Houston Bandits 9u,0,2,0,18,12,0.0,7
1003,LC Legends,0,2,0,21,15,0.0,8
1003,Texas Elite Lobos - Gold,0,2,0,24,16,0.0,9
1004,SOUTH COAST CREAM X.,2,0,0,12,24,1.0,1
1004,Texans,2,0,0,18,29,1.0,2
1004,Lamar Elite - 9U - Red,2,0,0,23,29,1.0,3
1004,Banditos 9U Texas,1,1,0,17,19,0.5,4
1004,Katy Bombers 9U,1,1,0,20,16,0.5,5
1004,Marucci Elite Texas - Holden,1,1,0,22,20,0.5,6
1004,Houston Bandits 9u,0,2,0,22,18,0.0,7
1004,Texas Elite Lobos - Gold,0,2,0,24,16,0.0,8
1004,LC Legends,0,2,0,24,11,0.0,9
1005,SOUTH COAST CREAM X.,2,0,0,12,24,1.0,1
1005,Houston Bandits 9u,1,1,0,14,16,0.5,2
1005,Lamar Elite - 9U - Red,1,1,0,15,15,0.5,3
1005,Banditos 9U Texas,1,1,0,16,17,0.5,4
1005,LC Legends,1,1,0,16,15,0.5,5
1005,Marucci Elite Texas - Holden,1,1,0,17,15,0.5,6
1005,Texans,1,1,0,20,20,0.5,7
1005,Katy Bombers 9U,1,1,0,20,16,0.5,8
1005,Texas Elite Lobos - Gold,0,2,0,24,16,0.0,9
1006,SOUTH COAST CREAM X.,2,0,0,12,24,1.0,1
1006,Marucci Elite Texas - Holden,2,0,0,13,24,1.0,2
1006,LC Legends,1,1,0,12,15,0.5,3
1006,Texans,1,1,0,14,17,0.5,4
1006,Houston Bandits 9u,1,1,0,17,16,0.5,5
1006,Banditos 9U Texas,1,1,0,17,11,0.5,6
1006,Katy Bombers 9U,1,1,0,20,16,0.5,7
1006,Lamar Elite - 9U - Red,0,2,0,23,13,0.0,8
1006,Texas Elite Lobos - Gold,0,2,0,24,16,0.0,9
1007,Banditos 9U Texas,2,0,0,11,17,1.0,1
1007,SOUTH COAST CREAM X.,2,0,0,12,24,1.0,2
1007,Houston Bandits 9u,1,0,1,17,18,0.75,3
1007,Lamar Elite - 9U - Red,1,1,0,15,18,0.5,4
1007,Texans,1,1,0,17,22,0.5,5
1007,Katy Bombers 9U,1,1,0,20,16,0.5,6
1007,Marucci Elite Texas - Holden,0,1,1,21,17,0.25,7
1007,LC Legends,0,2,0,23,12,0.0,8
1007,Texas Elite Lobos - Gold,0,2,0,24,16,0.0,9
1008,SOUTH COAST CREAM X.,2,0,0,12,24,1.0,1
1008,Texans,2,0,0,16,20,1.0,2
1008,Houston Bandits 9u,2,0,0,21,23,1.0,3
1008,Banditos 9U Texas,1,1,0,12,15,0.5,4
1008,Marucci Elite Texas - Holden,1,1,0,19,21,0.5,5
1008,Katy Bombers 9U,1,1,0,20,16,0.5,6
1008,Lamar Elite - 9U - Red,0,2,0,15,11,0.0,7
1008,LC Legends,0,2,0,20,13,0.0,8
1008,Texas Elite Lobos - Gold,0,2,0,24,16,0.0,9
1009,SOUTH COAST CREAM X.,2,0,0,12,24,1.0,1
1009,Banditos 9U Texas,2,0,0,15,22,1.0,2
1009,Houston Bandits 9u,2,0,0,15,18,1.0,3
1009,Marucci Elite Texas - Holden,1,1,0,14,17,0.5,4
1009,Katy Bombers 9U,1,1,0,20,16,0.5,5
1009,Texans,1,1,0,23,21,0.5,6
1009,LC Legends,0,2,0,18,13,0.0,7
1009,Lamar Elite - 9U - Red,0,2,0,18,12,0.0,8
1009,Texas Elite Lobos - Gold,0,2,0,24,16,0.0,9
1010,SOUTH COAST CREAM X.,2,0,0,12,24,1.0,1
1010,Banditos 9U Texas,1,0,1,15,19,0.75,2
1010,Texans,1,0,1,18,22,0.75,3
1010,Marucci Elite Texas - Holden,1,0,1,20,25,0.75,4
1010,Lamar Elite - 9U - Red,1,1,0,18,19,0.5,5
1010,Katy Bombers 9U,1,1,0,20,16,0.5,6
1010,Houston Bandits 9u,0,1,1,19,13,0.25,7
1010,LC Legends,0,2,0,19,11,0.0,8
1010,Texas Elite Lobos - Gold,0,2,0,24,16,0.0,9
1011,SOUTH COAST CREAM X.,2,0,0,12,24,1.0,1
1011,Texans,2,0,0,13,22,1.0,2
1011,Lamar Elite - 9U - Red,1,0,1,14,22,0.75,3
1011,Banditos 9U Texas,1,1,0,11,13,0.5,4
1011,Katy Bombers 9U,1,1,0,20,16,0.5,5
1011,Houston Bandits 9u,0,0,2,22,22,0.5,6
1011,Marucci Elite Texas - Holden,0,1,1,28,20,0.25,7
1011,LC Legends,0,2,0,23,12,0.0,8
1011,Texas Elite Lobos - Gold,0,2,0,24,16,0.0,9
1012,Banditos 9U Texas,2,0,0,10,16,1.0,1
1012,SOUTH COAST CREAM X.,2,0,0,12,24,1.0,2
1012,Houston Bandits 9u,2,0,0,16,21,1.0,3
1012,LC Legends,1,1,0,15,17,0.5,4
1012,Lamar Elite - 9U - Red,1,1,0,17,15,0.5,5
1012,Katy Bombers 9U,1,1,0,20,16,0.5,6
1012,Marucci Elite Texas - Holden,0,2,0,18,15,0.0,7
1012,Texans,0,2,0,21,13,0.0,8
1012,Texas Elite Lobos - Gold,0,2,0,24,16,0.0,9
1013,SOUTH COAST CREAM X.,2,0,0,12,24,1.0,1
1013,Texans,2,0,0,12,22,1.0,2
1013,Houston Bandits 9u,2,0,0,17,25,1.0,3
1013,Banditos 9U Texas,1,1,0,15,15,0.5,4
1013,Katy Bombers 9U,1,1,0,20,16,0.5,5
1013,Lamar Elite - 9U - Red,1,1,0,22,19,0.5,6
1013,LC Legends,0,2,0,19,9,0.0,7
1013,Texas Elite Lobos - Gold,0,2,0,24,16,0.0,8
1013,Marucci Elite Texas - Holden,0,2,0,25,20,0.0,9
1014,SOUTH COAST CREAM X.,2,0,0,12,24,1.0,1
1014,Houston Bandits 9u,2,0,0,20,24,1.0,2
1014,Lamar Elite - 9U - Red,1,1,0,16,15,0.5,3
1014,LC Legends,1,1,0,17,14,0.5,4
1014,Texans,1,1,0,18,27,0.5,5
1014,Katy Bombers 9U,1,1,0,20,16,0.5,6
1014,Banditos 9U Texas,1,1,0,22,16,0.5,7
1014,Marucci Elite Texas - Holden,0,2,0,20,17,0.0,8
1014,Texas Elite Lobos - Gold,0,2,0,24,16,0.0,9
1015,SOUTH COAST CREAM X.,2,0,0,12,24,1.0,1
1015,Marucci Elite Texas - Holden,2,0,0,14,26,1.0,2
1015,Banditos 9U Texas,1,0,1,16,20,0.75,3
1015,LC Legends,1,1,0,14,17,0.5,4
1015,Katy Bombers 9U,1,1,0,20,16,0.5,5
1015,Houston Bandits 9u,0,1,1,18,14,0.25,6
1015,Lamar Elite - 9U - Red,0,1,1,20,12,0.25,7
1015,Texans,0,1,1,25,18,0.25,8
1015,Texas Elite Lobos - Gold,0,2,0,24,16,0.0,9
1016,SOUTH COAST CREAM X.,2,0,0,12,24,1.0,1
1016,Texans,2,0,0,13,18,1.0,2
1016,Houston Bandits 9u,2,0,0,16,20,1.0,3
1016,Banditos 9U Texas,1,1,0,13,13,0.5,4
1016,Lamar Elite - 9U - Red,1,1,0,18,16,0.5,5
1016,Katy Bombers 9U,1,1,0,20,16,0.5,6
1016,LC Legends,0,2,0,17,12,0.0,7
1016,Marucci Elite Texas - Holden,0,2,0,21,19,0.0,8
1016,Texas Elite Lobos - Gold,0,2,0,24,16,0.0,9
1017,SOUTH COAST CREAM X.,2,0,0,12,24,1.0,1
1017,Banditos 9U Texas,2,0,0,14,21,1.0,2
1017,Marucci Elite Texas - Holden,2,0,0,15,31,1.0,3
1017,Lamar Elite - 9U - Red,1,1,0,15,14,0.5,4
1017,Texans,1,1,0,18,18,0.5,5
1017,Katy Bombers 9U,1,1,0,20,16,0.5,6
1017,LC Legends,0,2,0,16,9,0.0,7
1017,Texas Elite Lobos - Gold,0,2,0,24,16,0.0,8
1017,Houston Bandits 9u,0,2,0,27,12,0.0,9
1018,SOUTH COAST CREAM X.,2,0,0,12,24,1.0,1
1018,Lamar Elite - 9U - Red,2,0,0,18,26,1.0,2
1018,LC Legends,1,1,0,14,17,0.5,3
1018,Banditos 9U Texas,1,1,0,14,15,0.5,4
1018,Katy Bombers 9U,1,1,0,20,16,0.5,5
1018,Texans,1,1,0,20,16,0.5,6
1018,Marucci Elite Texas - Holden,1,1,0,22,25,0.5,7
1018,Texas Elite Lobos - Gold,0,2,0,24,16,0.0,8
1018,Houston Bandits 9u,0,2,0,26,15,0.0,9
1019,SOUTH COAST CREAM X.,2,0,0,12,24,1.0,1
1019,Lamar Elite - 9U - Red,1,0,1,16,17,0.75,2
1019,Houston Bandits 9u,1,0,1,18,20,0.75,3
1019,Banditos 9U Texas,1,1,0,16,17,0.5,4
1019,LC Legends,1,1,0,16,15,0.5,5
1019,Texans,1,1,0,20,20,0.5,6
1019,Katy Bombers 9U,1,1,0,20,16,0.5,7
1019,Marucci Elite Texas - Holden,0,2,0,17,14,0.0,8
1019,Texas Elite Lobos - Gold,0,2,0,24,16,0.0,9
1020,SOUTH COAST CREAM X.,2,0,0,12,24,1.0,1
1020,Lamar Elite - 9U - Red,2,0,0,15,26,1.0,2
1020,Banditos 9U Texas,1,1,0,13,15,0.5,3
1020,Texans,1,1,0,16,17,0.5,4
1020,LC Legends,1,1,0,16,13,0.5,5
1020,Katy Bombers 9U,1,1,0,20,16,0.5,6
1020,Marucci Elite Texas - Holden,1,1,0,24,19,0.5,7
1020,Texas Elite Lobos - Gold,0,2,0,24,16,0.0,8
1020,Houston Bandits 9u,0,2,0,25,19,0.0,9
1021,SOUTH COAST CREAM X.,2,0,0,12,24,1.0,1
1021,Banditos 9U Texas,2,0,0,13,24,1.0,2
1021,Houston Bandits 9u,2,0,0,18,22,1.0,3
1021,Lamar Elite - 9U - Red,1,1,0,19,22,0.5,4
1021,Katy Bombers 9U,1,1,0,20,16,0.5,5
1021,Texans,1,1,0,27,24,0.5,6
1021,LC Legends,0,2,0,23,15,0.0,7
1021,Texas Elite Lobos - Gold,0,2,0,24,16,0.0,8
1021,Marucci Elite Texas - Holden,0,2,0,25,18,0.0,9
1022,SOUTH COAST CREAM X.,2,0,0,12,24,1.0,1
1022,Lamar Elite - 9U - Red,2,0,0,19,23,1.0,2
1022,Banditos 9U Texas,1,0,1,15,19,0.75,3
1022,Texans,1,0,1,20,22,0.75,4
1022,Houston Bandits 9u,1,1,0,18,20,0.5,5
1022,Katy Bombers 9U,1,1,0,20,16,0.5,6
1022,LC Legends,0,2,0,19,13,0.0,7
1022,Marucci Elite Texas - Holden,0,2,0,24,18,0.0,8
1022,Texas Elite Lobos - Gold,0,2,0,24,16,0.0,9
1023,SOUTH COAST CREAM X.,2,0,0,12,24,1.0,1
1023,Banditos 9U Texas,2,0,0,14,22,1.0,2
1023,LC Legends,1,1,0,16,20,0.5,3
1023,Houston Bandits 9u,1,1,0,19,23,0.5,4
1023,Katy Bombers 9U,1,1,0,20,16,0.5,5
1023,Lamar Elite - 9U - Red,1,1,0,21,25,0.5,6
1023,Marucci Elite Texas - Holden,1,1,0,22,14,0.5,7
1023,Texas Elite Lobos - Gold,0,2,0,24,16,0.0,8
1023,Texans,0,2,0,30,18,0.0,9
1024,SOUTH COAST CREAM X.,2,0,0,12,24,1.0,1
1024,Banditos 9U Texas,2,0,0,12,20,1.0,2
1024,Marucci Elite Texas - Holden,2,0,0,17,21,1.0,3
1024,Houston Bandits 9u,1,1,0,16,18,0.5,4
1024,Katy Bombers 9U,1,1,0,20,16,0.5,5
1024,Texans,1,1,0,22,23,0.5,6
1024,Lamar Elite - 9U - Red,0,2,0,22,16,0.0,7
1024,LC Legends,0,2,0,23,14,0.0,8
1024,Texas Elite Lobos - Gold,0,2,0,24,16,0.0,9
1025,SOUTH COAST CREAM X.,2,0,0,12,24,1.0,1
1025,Banditos 9U Texas,1,0,1,15,19,0.75,2
1025,Lamar Elite - 9U - Red,1,0,1,16,26,0.75,3
1025,Texans,1,0,1,20,21,0.75,4
1025,Katy Bombers 9U,1,1,0,20,16,0.5,5
1025,Marucci Elite Texas - Holden,1,1,0,23,23,0.5,6
1025,Houston Bandits 9u,0,1,1,23,13,0.25,7
1025,LC Legends,0,2,0,18,13,0.0,8
1025,Texas Elite Lobos - Gold,0,2,0,24,16,0.0,9
1026,SOUTH COAST CREAM X.,2,0,0,12,24,1.0,1
1026,LC Legends,1,1,0,13,18,0.5,2
1026,Banditos 9U Texas,1,1,0,13,16,0.5,3
1026,Marucci Elite Texas - Holden,1,1,0,20,18,0.5,4
1026,Katy Bombers 9U,1,1,0,20,16,0.5,5
1026,Lamar Elite - 9U - Red,1,1,0,21,24,0.5,6
1026,Texans,1,1,0,22,14,0.5,7
1026,Houston Bandits 9u,1,1,0,23,22,0.5,8
1026,Texas Elite Lobos - Gold,0,2,0,24,16,0.0,9
1027,SOUTH COAST CREAM X.,2,0,0,12,24,1.0,1
1027,Texans,2,0,0,16,28,1.0,2
1027,Marucci Elite Texas - Holden,2,0,0,17,24,1.0,3
1027,Banditos 9U Texas,1,1,0,18,16,0.5,4
1027,Houston Bandits 9u,1,1,0,19,19,0.5,5
1027,Katy Bombers 9U,1,1,0,20,16,0.5,6
1027,Lamar Elite - 9U - Red,0,2,0,21,14,0.0,7
1027,LC Legends,0,2,0,22,12,0.0,8
1027,Texas Elite Lobos - Gold,0,2,0,24,16,0.0,9
1028,Banditos 9U Texas,2,0,0,10,25,1.0,1
1028,Houston Bandits 9u,2,0,0,10,16,1.0,2
1028,SOUTH COAST CREAM X.,2,0,0,12,24,1.0,3
1028,LC Legends,1,1,0,12,12,0.5,4
1028,Lamar Elite - 9U - Red,1,1,0,14,10,0.5,5
1028,Katy Bombers 9U,1,1,0,20,16,0.5,6
1028,Marucci Elite Texas - Holden,0,2,0,13,11,0.0,7
1028,Texas Elite Lobos - Gold,0,2,0,24,16,0.0,8
1028,Texans,0,2,0,25,10,0.0,9
1029,Banditos 9U Texas,2,0,0,10,17,1.0,1
1029,SOUTH COAST CREAM X.,2,0,0,12,24,1.0,2
1029,Houston Bandits 9u,1,0,1,13,18,0.75,3
1029,Marucci Elite Texas - Holden,1,0,1,13,14,0.75,4
1029,Texans,1,1,0,14,13,0.5,5
1029,Katy Bombers 9U,1,1,0,20,16,0.5,6
1029,LC Legends,0,2,0,15,9,0.0,7
1029,Lamar Elite - 9U - Red,0,2,0,22,16,0.0,8
1029,Texas Elite Lobos - Gold,0,2,0,24,16,0.0,9
1030,Banditos 9U Texas,2,0,0,9,20,1.0,1
1030,Houston Bandits 9u,2,0,0,10,14,1.0,2
1030,SOUTH COAST CREAM X.,2,0,0,12,24,1.0,3
1030,Lamar Elite - 9U - Red,1,1,0,10,15,0.5,4
1030,LC Legends,1,1,0,20,17,0.5,5
1030,Katy Bombers 9U,1,1,0,20,16,0.5,6
1030,Marucci Elite Texas - Holden,0,2,0,20,11,0.0,7
1030,Texas Elite Lobos - Gold,0,2,0,24,16,0.0,8
1030,Texans,0,2,0,25,17,0.0,9
1031,SOUTH COAST CREAM X.,2,0,0,12,24,1.0,1
1031,Marucci Elite Texas - Holden,2,0,0,19,24,1.0,2
1031,Banditos 9U Texas,1,0,1,11,15,0.75,3
1031,Texans,1,0,1,18,20,0.75,4
1031,Houston Bandits 9u,1,1,0,15,16,0.5,5
1031,Katy Bombers 9U,1,1,0,20,16,0.5,6
1031,LC Legends,0,2,0,21,15,0.0,7
1031,Texas Elite Lobos - Gold,0,2,0,24,16,0.0,8
1031,Lamar Elite - 9U - Red,0,2,0,25,19,0.0,9
1032,SOUTH COAST CREAM X.,2,0,0,12,24,1.0,1
1032,Marucci Elite Texas - Holden,2,0,0,13,15,1.0,2
1032,LC Legends,1,1,0,12,18,0.5,3
1032,Lamar Elite - 9U - Red,1,1,0,15,17,0.5,4
1032,Banditos 9U Texas,1,1,0,18,21,0.5,5
1032,Katy Bombers 9U,1,1,0,20,16,0.5,6
1032,Texans,1,1,0,27,18,0.5,7
1032,Houston Bandits 9u,0,2,0,17,13,0.0,8
1032,Texas Elite Lobos - Gold,0,2,0,24,16,0.0,9
1033,SOUTH COAST CREAM X.,2,0,0,12,24,1.0,1
1033,Banditos 9U Texas,2,0,0,12,19,1.0,2
1033,Lamar Elite - 9U - Red,2,0,0,18,23,1.0,3
1033,Houston Bandits 9u,1,1,0,20,24,0.5,4
1033,Katy Bombers 9U,1,1,0,20,16,0.5,5
1033,LC Legends,0,1,1,14,10,0.25,6
1033,Texans,0,1,1,17,14,0.25,7
1033,Texas Elite Lobos - Gold,0,2,0,24,16,0.0,8
1033,Marucci Elite Texas - Holden,0,2,0,30,21,0.0,9
1034,SOUTH COAST CREAM X.,2,0,0,12,24,1.0,1
1034,Texans,2,0,0,12,17,1.0,2
1034,Banditos 9U Texas,1,1,0,13,16,0.5,3
1034,Katy Bombers 9U,1,1,0,20,16,0.5,4
1034,Houston Bandits 9u,1,1,0,23,24,0.5,5
1034,Lamar Elite - 9U - Red,1,1,0,25,27,0.5,6
1034,Marucci Elite Texas - Holden,1,1,0,25,22,0.5,7
1034,LC Legends,0,2,0,16,8,0.0,8
1034,Texas Elite Lobos - Gold,0,2,0,24,16,0.0,9
1035,SOUTH COAST CREAM X.,2,0,0,12,24,1.0,1
1035,Marucci Elite Texas - Holden,1,0,1,17,18,0.75,2
1035,LC Legends,1,1,0,12,16,0.5,3
1035,Banditos 9U Texas,1,1,0,13,15,0.5,4
1035,Texans,1,1,0,19,13,0.5,5
1035,Katy Bombers 9U,1,1,0,20,16,0.5,6
1035,Lamar Elite - 9U - Red,1,1,0,24,25,0.5,7
1035,Houston Bandits 9u,0,1,1,16,14,0.25,8
1035,Texas Elite Lobos - Gold,0,2,0,24,16,0.0,9
1036,SOUTH COAST CREAM X.,2,0,0,12,24,1.0,1
1036,Houston Bandits 9u,2,0,0,20,22,1.0,2
1036,Banditos 9U Texas,1,1,0,10,13,0.5,3
1036,LC Legends,1,1,0,13,16,0.5,4
1036,Marucci Elite Texas - Holden,1,1,0,17,18,0.5,5
1036,Texans,1,1,0,17,11,0.5,6
1036,Katy Bombers 9U,1,1,0,20,16,0.5,7
1036,Lamar Elite - 9U - Red,0,2,0,19,16,0.0,8
1036,Texas Elite Lobos - Gold,0,2,0,24,16,0.0,9
1037,SOUTH COAST CREAM X.,2,0,0,12,24,1.0,1
1037,Texans,2,0,0,16,21,1.0,2
1037,Houston Bandits 9u,1,0,1,19,21,0.75,3
1037,Banditos 9U Texas,1,1,0,12,13,0.5,4
1037,Marucci Elite Texas - Holden,0,0,2,15,15,0.5,5
1037,Katy Bombers 9U,1,1,0,20,16,0.5,6
1037,Lamar Elite - 9U - Red,0,1,1,16,14,0.25,7
1037,LC Legends,0,2,0,21,15,0.0,8
1037,Texas Elite Lobos - Gold,0,2,0,24,16,0.0,9
1038,SOUTH COAST CREAM X.,2,0,0,12,24,1.0,1
1038,Texans,2,0,0,16,21,1.0,2
1038,Marucci Elite Texas - Holden,2,0,0,18,21,1.0,3
1038,Banditos 9U Texas,1,1,0,14,15,0.5,4
1038,Houston Bandits 9u,1,1,0,18,22,0.5,5
1038,Katy Bombers 9U,1,1,0,20,16,0.5,6
1038,LC Legends,0,2,0,19,13,0.0,7
1038,Lamar Elite - 9U - Red,0,2,0,22,15,0.0,8
1038,Texas Elite Lobos - Gold,0,2,0,24,16,0.0,9
1039,SOUTH COAST CREAM X.,2,0,0,12,24,1.0,1
1039,Lamar Elite - 9U - Red,2,0,0,23,29,1.0,2
1039,Banditos 9U Texas,1,1,0,15,18,0.5,3
1039,LC Legends,1,1,0,15,13,0.5,4
1039,Texans,1,1,0,19,18,0.5,5
1039,Katy Bombers 9U,1,1,0,20,16,0.5,6
1039,Marucci Elite Texas - Holden,1,1,0,21,24,0.5,7
1039,Texas Elite Lobos - Gold,0,2,0,24,16,0.0,8
1039,Houston Bandits 9u,0,2,0,25,16,0.0,9
1040,SOUTH COAST CREAM X.,2,0,0,12,24,1.0,1
1040,Banditos 9U Texas,2,0,0,15,21,1.0,2
1040,Marucci Elite Texas - Holden,2,0,0,17,20,1.0,3
1040,LC Legends,1,1,0,10,19,0.5,4
1040,Katy Bombers 9U,1,1,0,20,16,0.5,5
1040,Houston Bandits 9u,0,1,1,15,13,0.25,6
1040,Lamar Elite - 9U - Red,0,1,1,19,18,0.25,7
1040,Texas Elite Lobos - Gold,0,2,0,24,16,0.0,8
1040,Texans,0,2,0,28,13,0.0,9
1041,SOUTH COAST CREAM X.,2,0,0,12,24,1.0,1
1041,Houston Bandits 9u,2,0,0,13,18,1.0,2
1041,Lamar Elite - 9U - Red,1,1,0,13,22,0.5,3
1041,Banditos 9U Texas,1,1,0,14,15,0.5,4
1041,Texans,1,1,0,20,22,0.5,5
1041,LC Legends,1,1,0,20,17,0.5,6
1041,Katy Bombers 9U,1,1,0,20,16,0.5,7
1041,Texas Elite Lobos - Gold,0,2,0,24,16,0.0,8
1041,Marucci Elite Texas - Holden,0,2,0,25,11,0.0,9
1042,SOUTH COAST CREAM X.,2,0,0,12,24,1.0,1
1042,Marucci Elite Texas - Holden,2,0,0,12,18,1.0,2
1042,Texans,2,0,0,17,25,1.0,3
1042,Lamar Elite - 9U - Red,1,1,0,17,21,0.5,4
1042,Banditos 9U Texas,1,1,0,18,19,0.5,5
1042,Katy Bombers 9U,1,1,0,20,16,0.5,6
1042,LC Legends,0,2,0,19,10,0.0,7
1042,Texas Elite Lobos - Gold,0,2,0,24,16,0.0,8
1042,Houston Bandits 9u,0,2,0,25,15,0.0,9
1043,Banditos 9U Texas,2,0,0,8,19,1.0,1
1043,SOUTH COAST CREAM X.,2,0,0,12,24,1.0,2
1043,Lamar Elite - 9U - Red,2,0,0,17,33,1.0,3
1043,Katy Bombers 9U,1,1,0,20,16,0.5,4
1043,Houston Bandits 9u,1,1,0,25,19,0.5,5
1043,LC Legends,0,1,1,18,14,0.25,6
1043,Texans,0,1,1,21,14,0.25,7
1043,Texas Elite Lobos - Gold,0,2,0,24,16,0.0,8
1043,Marucci Elite Texas - Holden,0,2,0,26,16,0.0,9
1044,SOUTH COAST CREAM X.,2,0,0,12,24,1.0,1
1044,Lamar Elite - 9U - Red,2,0,0,19,25,1.0,2
1044,Texans,1,0,1,21,25,0.75,3
1044,Banditos 9U Texas,1,1,0,16,16,0.5,4
1044,Katy Bombers 9U,1,1,0,20,16,0.5,5
1044,Marucci Elite Texas - Holden,1,1,0,21,18,0.5,6
1044,LC Legends,0,1,1,21,17,0.25,7
1044,Houston Bandits 9u,0,2,0,21,18,0.0,8
1044,Texas Elite Lobos - Gold,0,2,0,24,16,0.0,9
1045,SOUTH COAST CREAM X.,2,0,0,12,24,1.0,1
1045,Banditos 9U Texas,2,0,0,12,21,1.0,2
1045,Marucci Elite Texas - Holden,2,0,0,21,27,1.0,3
1045,Texans,1,1,0,20,17,0.5,4
1045,Katy Bombers 9U,1,1,0,20,16,0.5,5
1045,Lamar Elite - 9U - Red,1,1,0,23,22,0.5,6
1045,LC Legends,0,2,0,17,11,0.0,7
1045,Texas Elite Lobos - Gold,0,2,0,24,16,0.0,8
1045,Houston Bandits 9u,0,2,0,25,20,0.0,9
1046,Banditos 9U Texas,2,0,0,9,17,1.0,1
1046,SOUTH COAST CREAM X.,2,0,0,12,24,1.0,2
1046,Texans,1,1,0,18,18,0.5,3
1046,Lamar Elite - 9U - Red,1,1,0,19,20,0.5,4
1046,Katy Bombers 9U,1,1,0,20,16,0.5,5
1046,Houston Bandits 9u,1,1,0,21,22,0.5,6
1046,Marucci Elite Texas - Holden,1,1,0,22,20,0.5,7
1046,LC Legends,0,2,0,21,13,0.0,8
1046,Texas Elite Lobos - Gold,0,2,0,24,16,0.0,9
1047,SOUTH COAST CREAM X.,2,0,0,12,24,1.0,1
1047,Houston Bandits 9u,2,0,0,16,23,1.0,2
1047,Banditos 9U Texas,1,0,1,8,12,0.75,3
1047,LC Legends,1,1,0,16,16,0.5,4
1047,Katy Bombers 9U,1,1,0,20,16,0.5,5
1047,Lamar Elite - 9U - Red,1,1,0,22,21,0.5,6
1047,Texans,0,1,1,16,12,0.25,7
1047,Marucci Elite Texas - Holden,0,2,0,24,18,0.0,8
1047,Texas Elite Lobos - Gold,0,2,0,24,16,0.0,9
1048,SOUTH COAST CREAM X.,2,0,0,12,24,1.0,1
1048,Texans,2,0,0,12,18,1.0,2
1048,Marucci Elite Texas - Holden,2,0,0,14,21,1.0,3
1048,Banditos 9U Texas,1,1,0,12,13,0.5,4
1048,Houston Bandits 9u,1,1,0,20,23,0.5,5
1048,Katy Bombers 9U,1,1,0,20,16,0.5,6
1048,LC Legends,0,2,0,18,11,0.0,7
1048,Texas Elite Lobos - Gold,0,2,0,24,16,0.0,8
1048,Lamar Elite - 9U - Red,0,2,0,24,14,0.0,9
1049,SOUTH COAST CREAM X.,2,0,0,12,24,1.0,1
1049,Texans,2,0,0,13,22,1.0,2
1049,Banditos 9U Texas,1,1,0,16,14,0.5,3
1049,Marucci Elite Texas - Holden,1,1,0,18,20,0.5,4
1049,Houston Bandits 9u,1,1,0,19,16,0.5,5
1049,Lamar Elite - 9U - Red,1,1,0,20,21,0.5,6
1049,Katy Bombers 9U,1,1,0,20,16,0.5,7
1049,LC Legends,0,2,0,18,11,0.0,8
1049,Texas Elite Lobos - Gold,0,2,0,24,16,0.0,9
1050,SOUTH COAST CREAM X.,2,0,0,12,24,1.0,1
1050,Marucci Elite Texas - Holden,2,0,0,19,28,1.0,2
1050,LC Legends,1,1,0,15,21,0.5,3
1050,Banditos 9U Texas,1,1,0,15,16,0.5,4
1050,Katy Bombers 9U,1,1,0,20,16,0.5,5
1050,Houston Bandits 9u,1,1,0,21,18,0.5,6
1050,Texans,1,1,0,25,18,0.5,7
1050,Lamar Elite - 9U - Red,0,2,0,22,16,0.0,8
1050,Texas Elite Lobos - Gold,0,2,0,24,16,0.0,9
1051,Banditos 9U Texas,2,0,0,9,18,1.0,1
1051,SOUTH COAST CREAM X.,2,0,0,12,24,1.0,2
1051,Lamar Elite - 9U - Red,2,0,0,16,25,1.0,3
1051,Marucci Elite Texas - Holden,1,1,0,17,24,0.5,4
1051,LC Legends,1,1,0,17,15,0.5,5
1051,Katy Bombers 9U,1,1,0,20,16,0.5,6
1051,Texans,0,2,0,21,14,0.0,7
1051,Texas Elite Lobos - Gold,0,2,0,24,16,0.0,8
1051,Houston Bandits 9u,0,2,0,28,12,0.0,9
1052,SOUTH COAST CREAM X.,2,0,0,12,24,1.0,1
1052,LC Legends,1,1,0,14,20,0.5,2
1052,Houston Bandits 9u,1,1,0,14,18,0.5,3
1052,Banditos 9U Texas,1,1,0,15,18,0.5,4
1052,Lamar Elite - 9U - Red,1,1,0,19,19,0.5,5
1052,Marucci Elite Texas - Holden,1,1,0,19,15,0.5,6
1052,Katy Bombers 9U,1,1,0,20,16,0.5,7
1052,Texans,1,1,0,26,17,0.5,8
1052,Texas Elite Lobos - Gold,0,2,0,24,16,0.0,9
1053,SOUTH COAST CREAM X.,2,0,0,12,24,1.0,1
1053,Banditos 9U Texas,1,1,0,11,11,0.5,2
1053,LC Legends,1,1,0,15,17,0.5,3
1053,Marucci Elite Texas - Holden,1,1,0,15,17,0.5,4
1053,Texans,1,1,0,16,14,0.5,5
1053,Houston Bandits 9u,1,1,0,18,19,0.5,6
1053,Katy Bombers 9U,1,1,0,20,16,0.5,7
1053,Lamar Elite - 9U - Red,1,1,0,24,21,0.5,8
1053,Texas Elite Lobos - Gold,0,2,0,24,16,0.0,9
1054,SOUTH COAST CREAM X.,2,0,0,12,24,1.0,1
1054,Banditos 9U Texas,2,0,0,12,17,1.0,2
1054,Marucci Elite Texas - Holden,1,0,1,15,17,0.75,3
1054,Lamar Elite - 9U - Red,1,1,0,14,23,0.5,4
1054,Texans,1,1,0,19,19,0.5,5
1054,Katy Bombers 9U,1,1,0,20,16,0.5,6
1054,Houston Bandits 9u,0,1,1,24,13,0.25,7
1054,LC Legends,0,2,0,19,14,0.0,8
1054,Texas Elite Lobos - Gold,0,2,0,24,16,0.0,9
1055,SOUTH COAST CREAM X.,2,0,0,12,24,1.0,1
1055,Lamar Elite - 9U - Red,2,0,0,18,30,1.0,2
1055,Banditos 9U Texas,1,0,1,11,15,0.75,3
1055,LC Legends,1,1,0,14,17,0.5,4
1055,Katy Bombers 9U,1,1,0,20,16,0.5,5
1055,Marucci Elite Texas - Holden,1,1,0,24,16,0.5,6
1055,Texans,0,1,1,20,13,0.25,7
1055,Houston Bandits 9u,0,2,0,23,19,0.0,8
1055,Texas Elite Lobos - Gold,0,2,0,24,16,0.0,9
1056,SOUTH COAST CREAM X.,2,0,0,12,24,1.0,1
1056,Houston Bandits 9u,2,0,0,15,27,1.0,2
1056,LC Legends,1,1,0,15,19,0.5,3
1056,Katy Bombers 9U,1,1,0,20,16,0.5,4
1056,Banditos 9U Texas,1,1,0,21,19,0.5,5
1056,Marucci Elite Texas - Holden,1,1,0,23,17,0.5,6
1056,Texans,1,1,0,26,24,0.5,7
1056,Texas Elite Lobos - Gold,0,2,0,24,16,0.0,8
1056,Lamar Elite - 9U - Red,0,2,0,27,21,0.0,9
1057,SOUTH COAST CREAM X.,2,0,0,12,24,1.0,1
1057,Marucci Elite Texas - Holden,2,0,0,13,20,1.0,2
1057,Banditos 9U Texas,1,1,0,15,12,0.5,3
1057,LC Legends,1,1,0,18,21,0.5,4
1057,Houston Bandits 9u,1,1,0,18,18,0.5,5
1057,Katy Bombers 9U,1,1,0,20,16,0.5,6
1057,Texans,1,1,0,21,21,0.5,7
1057,Lamar Elite - 9U - Red,0,2,0,16,9,0.0,8
1057,Texas Elite Lobos - Gold,0,2,0,24,16,0.0,9
1058,SOUTH COAST CREAM X.,2,0,0,12,24,1.0,1
1058,Texans,2,0,0,19,26,1.0,2
1058,Lamar Elite - 9U - Red,2,0,0,20,27,1.0,3
1058,Banditos 9U Texas,1,1,0,19,19,0.5,4
1058,Katy Bombers 9U,1,1,0,20,16,0.5,5
1058,Marucci Elite Texas - Holden,1,1,0,25,22,0.5,6
1058,Houston Bandits 9u,0,2,0,19,15,0.0,7
1058,LC Legends,0,2,0,19,12,0.0,8
1058,Texas Elite Lobos - Gold,0,2,0,24,16,0.0,9
1059,SOUTH COAST CREAM X.,2,0,0,12,24,1.0,1
1059,Marucci Elite Texas - Holden,2,0,0,15,21,1.0,2
1059,Banditos 9U Texas,1,0,1,12,16,0.75,3
1059,LC Legends,1,1,0,13,13,0.5,4
1059,Houston Bandits 9u,1,1,0,14,19,0.5,5
1059,Katy Bombers 9U,1,1,0,20,16,0.5,6
1059,Texans,0,1,1,17,13,0.25,7
1059,Texas Elite Lobos - Gold,0,2,0,24,16,0.0,8
1059,Lamar Elite - 9U - Red,0,2,0,24,13,0.0,9
1060,SOUTH COAST CREAM X.,2,0,0,12,24,1.0,1
1060,Lamar Elite - 9U - Red,1,0,1,13,16,0.75,2
1060,Marucci Elite Texas - Holden,1,1,0,15,20,0.5,3
1060,LC Legends,1,1,0,15,19,0.5,4
1060,Banditos 9U Texas,1,1,0,15,16,0.5,5
1060,Katy Bombers 9U,1,1,0,20,16,0.5,6
1060,Texans,1,1,0,23,18,0.5,7
1060,Houston Bandits 9u,0,1,1,25,17,0.25,8
1060,Texas Elite Lobos - Gold,0,2,0,24,16,0.0,9
1061,Houston Bandits 9u,2,0,0,9,15,1.0,1
1061,Banditos 9U Texas,2,0,0,10,20,1.0,2
1061,SOUTH COAST CREAM X.,2,0,0,12,24,1.0,3
1061,LC Legends,1,1,0,15,14,0.5,4
1061,Lamar Elite - 9U - Red,1,1,0,16,21,0.5,5
1061,Katy Bombers 9U,1,1,0,20,16,0.5,6
1061,Texans,0,2,0,22,13,0.0,7
1061,Marucci Elite Texas - Holden,0,2,0,23,12,0.0,8
1061,Texas Elite Lobos - Gold,0,2,0,24,16,0.0,9
1062,SOUTH COAST CREAM X.,2,0,0,12,24,1.0,1
1062,Lamar Elite - 9U - Red,1,0,1,12,21,0.75,2
1062,Texans,1,0,1,25,27,0.75,3
1062,Banditos 9U Texas,1,1,0,16,18,0.5,4
1062,Marucci Elite Texas - Holden,1,1,0,20,20,0.5,5
1062,Katy Bombers 9U,1,1,0,20,16,0.5,6
1062,Houston Bandits 9u,0,1,1,20,11,0.25,7
1062,LC Legends,0,1,1,23,19,0.25,8
1062,Texas Elite Lobos - Gold,0,2,0,24,16,0.0,9
1063,SOUTH COAST CREAM X.,2,0,0,12,24,1.0,1
1063,Marucci Elite Texas - Holden,1,0,1,10,19,0.75,2
1063,Texans,1,0,1,19,21,0.75,3
1063,Banditos 9U Texas,1,1,0,15,17,0.5,4
1063,Katy Bombers 9U,1,1,0,20,16,0.5,5
1063,Lamar Elite - 9U - Red,1,1,0,21,14,0.5,6
1063,Houston Bandits 9u,0,1,1,16,14,0.25,7
1063,LC Legends,0,1,1,18,14,0.25,8
1063,Texas Elite Lobos - Gold,0,2,0,24,16,0.0,9
1064,SOUTH COAST CREAM X.,2,0,0,12,24,1.0,1
1064,Banditos 9U Texas,2,0,0,14,21,1.0,2
1064,Marucci Elite Texas - Holden,1,1,0,12,15,0.5,3
1064,Lamar Elite - 9U - Red,1,1,0,16,15,0.5,4
1064,Houston Bandits 9u,1,1,0,16,14,0.5,5
1064,Texans,1,1,0,20,20,0.5,6
1064,Katy Bombers 9U,1,1,0,20,16,0.5,7
1064,LC Legends,0,2,0,18,11,0.0,8
1064,Texas Elite Lobos - Gold,0,2,0,24,16,0.0,9
1065,Banditos 9U Texas,2,0,0,8,18,1.0,1
1065,SOUTH COAST CREAM X.,2,0,0,12,24,1.0,2
1065,Lamar Elite - 9U - Red,2,0,0,17,24,1.0,3
1065,Marucci Elite Texas - Holden,1,1,0,16,20,0.5,4
1065,Texans,1,1,0,16,14,0.5,5
1065,Katy Bombers 9U,1,1,0,20,16,0.5,6
1065,LC Legends,0,2,0,18,10,0.0,7
1065,Texas Elite Lobos - Gold,0,2,0,24,16,0.0,8
1065,Houston Bandits 9u,0,2,0,25,14,0.0,9
1066,SOUTH COAST CREAM X.,2,0,0,12,24,1.0,1
1066,Banditos 9U Texas,2,0,0,16,22,1.0,2
1066,Lamar Elite - 9U - Red,1,0,1,21,23,0.75,3
1066,Katy Bombers 9U,1,1,0,20,16,0.5,4
1066,Houston Bandits 9u,1,1,0,21,22,0.5,5
1066,Texans,1,1,0,22,27,0.5,6
1066,Marucci Elite Texas - Holden,0,1,1,21,18,0.25,7
1066,LC Legends,0,2,0,23,12,0.0,8
1066,Texas Elite Lobos - Gold,0,2,0,24,16,0.0,9
1067,Banditos 9U Texas,2,0,0,7,20,1.0,1
1067,SOUTH COAST CREAM X.,2,0,0,12,24,1.0,2
1067,Lamar Elite - 9U - Red,2,0,0,19,25,1.0,3
1067,LC Legends,1,1,0,17,16,0.5,4
1067,Marucci Elite Texas - Holden,1,1,0,19,20,0.5,5
1067,Katy Bombers 9U,1,1,0,20,16,0.5,6
1067,Texas Elite Lobos - Gold,0,2,0,24,16,0.0,7
1067,Texans,0,2,0,24,12,0.0,8
1067,Houston Bandits 9u,0,2,0,27,20,0.0,9
1068,SOUTH COAST CREAM X.,2,0,0,12,24,1.0,1
1068,Lamar Elite - 9U - Red,2,0,0,13,29,1.0,2
1068,LC Legends,1,1,0,14,15,0.5,3
1068,Texans,1,1,0,15,17,0.5,4
1068,Banditos 9U Texas,1,1,0,15,12,0.5,5
1068,Houston Bandits 9u,1,1,0,17,20,0.5,6
1068,Katy Bombers 9U,1,1,0,20,16,0.5,7
1068,Texas Elite Lobos - Gold,0,2,0,24,16,0.0,8
1068,Marucci Elite Texas - Holden,0,2,0,31,12,0.0,9
1069,Houston Bandits 9u,2,0,0,6,16,1.0,1
1069,SOUTH COAST CREAM X.,2,0,0,12,24,1.0,2
1069,Banditos 9U Texas,1,1,0,14,14,0.5,3
1069,Texans,1,1,0,15,17,0.5,4
1069,LC Legends,1,1,0,15,13,0.5,5
1069,Lamar Elite - 9U - Red,1,1,0,20,18,0.5,6
1069,Katy Bombers 9U,1,1,0,20,16,0.5,7
1069,Texas Elite Lobos - Gold,0,2,0,24,16,0.0,8
1069,Marucci Elite Texas - Holden,0,2,0,25,17,0.0,9
1070,SOUTH COAST CREAM X.,2,0,0,12,24,1.0,1
1070,Marucci Elite Texas - Holden,2,0,0,15,22,1.0,2
1070,Banditos 9U Texas,1,1,0,12,13,0.5,3
1070,Texans,1,1,0,15,16,0.5,4
1070,LC Legends,1,1,0,16,14,0.5,5
1070,Lamar Elite - 9U - Red,1,1,0,19,20,0.5,6
1070,Katy Bombers 9U,1,1,0,20,16,0.5,7
1070,Houston Bandits 9u,0,2,0,21,13,0.0,8
1070,Texas Elite Lobos - Gold,0,2,0,24,16,0.0,9
1071,Banditos 9U Texas,2,0,0,9,17,1.0,1
1071,SOUTH COAST CREAM X.,2,0,0,12,24,1.0,2
1071,Houston Bandits 9u,2,0,0,19,31,1.0,3
1071,Texans,1,1,0,16,22,0.5,4
1071,Katy Bombers 9U,1,1,0,20,16,0.5,5
1071,Lamar Elite - 9U - Red,1,1,0,22,18,0.5,6
1071,Marucci Elite Texas - Holden,0,2,0,22,14,0.0,7
1071,Texas Elite Lobos - Gold,0,2,0,24,16,0.0,8
1071,LC Legends,0,2,0,25,11,0.0,9
1072,SOUTH COAST CREAM X.,2,0,0,12,24,1.0,1
1072,Houston Bandits 9u,2,0,0,18,26,1.0,2
1072,Texans,2,0,0,19,23,1.0,3
1072,Banditos 9U Texas,1,1,0,14,15,0.5,4
1072,Lamar Elite - 9U - Red,1,1,0,20,18,0.5,5
1072,Katy Bombers 9U,1,1,0,20,16,0.5,6
1072,LC Legends,0,2,0,21,16,0.0,7
1072,Marucci Elite Texas - Holden,0,2,0,22,16,0.0,8
1072,Texas Elite Lobos - Gold,0,2,0,24,16,0.0,9
1073,SOUTH COAST CREAM X.,2,0,0,12,24,1.0,1
1073,Lamar Elite - 9U - Red,2,0,0,20,27,1.0,2
1073,Banditos 9U Texas,1,1,0,13,15,0.5,3
1073,LC Legends,1,1,0,14,12,0.5,4
1073,Texans,1,1,0,15,15,0.5,5
1073,Katy Bombers 9U,1,1,0,20,16,0.5,6
1073,Marucci Elite Texas - Holden,1,1,0,22,19,0.5,7
1073,Houston Bandits 9u,0,2,0,24,20,0.0,8
1073,Texas Elite Lobos - Gold,0,2,0,24,16,0.0,9
1074,SOUTH COAST CREAM X.,2,0,0,12,24,1.0,1
1074,Texans,2,0,0,18,26,1.0,2
1074,Marucci Elite Texas - Holden,2,0,0,19,23,1.0,3
1074,Banditos 9U Texas,1,1,0,16,17,0.5,4
1074,Lamar Elite - 9U - Red,1,1,0,19,21,0.5,5
1074,Katy Bombers 9U,1,1,0,20,16,0.5,6
1074,LC Legends,0,2,0,22,13,0.0,7
1074,Houston Bandits 9u,0,2,0,23,17,0.0,8
1074,Texas Elite Lobos - Gold,0,2,0,24,16,0.0,9
1075,Banditos 9U Texas,2,0,0,8,14,1.0,1
1075,SOUTH COAST CREAM X.,2,0,0,12,24,1.0,2
1075,Lamar Elite - 9U - Red,2,0,0,14,26,1.0,3
1075,Texans,1,1,0,15,15,0.5,4
1075,Houston Bandits 9u,1,1,0,17,16,0.5,5
1075,Katy Bombers 9U,1,1,0,20,16,0.5,6
1075,LC Legends,0,2,0,19,13,0.0,7
1075,Marucci Elite Texas - Holden,0,2,0,20,9,0.0,8
1075,Texas Elite Lobos - Gold,0,2,0,24,16,0.0,9
1076,SOUTH COAST CREAM X.,2,0,0,12,24,1.0,1
1076,LC Legends,1,1,0,12,12,0.5,2
1076,Texans,1,1,0,13,14,0.5,3
1076,Banditos 9U Texas,1,1,0,14,13,0.5,4
1076,Lamar Elite - 9U - Red,1,1,0,16,17,0.5,5
1076,Marucci Elite Texas - Holden,1,1,0,19,19,0.5,6
1076,Katy Bombers 9U,1,1,0,20,16,0.5,7
1076,Houston Bandits 9u,1,1,0,22,21,0.5,8
1076,Texas Elite Lobos - Gold,0,2,0,24,16,0.0,9
1077,SOUTH COAST CREAM X.,2,0,0,12,24,1.0,1
1077,Banditos 9U Texas,1,0,1,13,17,0.75,2
1077,LC Legends,1,1,0,16,13,0.5,3
1077,Lamar Elite - 9U - Red,1,1,0,19,20,0.5,4
1077,Houston Bandits 9u,1,1,0,20,23,0.5,5
1077,Katy Bombers 9U,1,1,0,20,16,0.5,6
1077,Marucci Elite Texas - Holden,1,1,0,23,19,0.5,7
1077,Texans,0,1,1,18,17,0.25,8
1077,Texas Elite Lobos - Gold,0,2,0,24,16,0.0,9
1078,SOUTH COAST CREAM X.,2,0,0,12,24,1.0,1
1078,Texans,2,0,0,16,22,1.0,2
1078,Houston Bandits 9u,1,0,1,15,19,0.75,3
1078,Banditos 9U Texas,1,1,0,16,17,0.5,4
1078,Lamar Elite - 9U - Red,1,1,0,20,18,0.5,5
1078,Katy Bombers 9U,1,1,0,20,16,0.5,6
1078,Marucci Elite Texas - Holden,0,1,1,15,13,0.25,7
1078,LC Legends,0,2,0,18,11,0.0,8
1078,Texas Elite Lobos - Gold,0,2,0,24,16,0.0,9
1079,SOUTH COAST CREAM X.,2,0,0,12,24,1.0,1
1079,Lamar Elite - 9U - Red,2,0,0,17,21,1.0,2
1079,Texans,2,0,0,19,23,1.0,3
1079,Banditos 9U Texas,1,1,0,16,17,0.5,4
1079,Katy Bombers 9U,1,1,0,20,16,0.5,5
1079,Marucci Elite Texas - Holden,1,1,0,22,20,0.5,6
1079,Houston Bandits 9u,0,2,0,18,16,0.0,7
1079,LC Legends,0,2,0,19,14,0.0,8
1079,Texas Elite Lobos - Gold,0,2,0,24,16,0.0,9
1080,Marucci Elite Texas - Holden,2,0,0,11,18,1.0,1
1080,SOUTH COAST CREAM X.,2,0,0,12,24,1.0,2
1080,Banditos 9U Texas,1,0,1,15,19,0.75,3
1080,Lamar Elite - 9U - Red,1,1,0,19,19,0.5,4
1080,Texans,0,0,2,20,20,0.5,5
1080,Katy Bombers 9U,1,1,0,20,16,0.5,6
1080,LC Legends,0,1,1,17,13,0.25,7
1080,Houston Bandits 9u,0,2,0,23,16,0.0,8
1080,Texas Elite Lobos - Gold,0,2,0,24,16,0.0,9
1081,SOUTH COAST CREAM X.,2,0,0,12,24,1.0,1
1081,Marucci Elite Texas - Holden,2,0,0,16,21,1.0,2
1081,Banditos 9U Texas,1,0,1,16,20,0.75,3
1081,Texans,1,0,1,19,23,0.75,4
1081,Houston Bandits 9u,1,1,0,15,19,0.5,5
1081,Katy Bombers 9U,1,1,0,20,16,0.5,6
1081,LC Legends,0,2,0,19,11,0.0,7
1081,Lamar Elite - 9U - Red,0,2,0,21,12,0.0,8
1081,Texas Elite Lobos - Gold,0,2,0,24,16,0.0,9
1082,SOUTH COAST CREAM X.,2,0,0,12,24,1.0,1
1082,Lamar Elite - 9U - Red,2,0,0,16,32,1.0,2
1082,LC Legends,1,1,0,12,16,0.5,3
1082,Banditos 9U Texas,1,1,0,17,16,0.5,4
1082,Texans,1,1,0,20,17,0.5,5
1082,Katy Bombers 9U,1,1,0,20,16,0.5,6
1082,Marucci Elite Texas - Holden,1,1,0,25,16,0.5,7
1082,Houston Bandits 9u,0,2,0,22,15,0.0,8
1082,Texas Elite Lobos - Gold,0,2,0,24,16,0.0,9
1083,SOUTH COAST CREAM X.,2,0,0,12,24,1.0,1
1083,Texans,2,0,0,18,29,1.0,2
1083,Lamar Elite - 9U - Red,1,0,1,21,23,0.75,3
1083,Marucci Elite Texas - Holden,1,1,0,17,20,0.5,4
1083,Katy Bombers 9U,1,1,0,20,16,0.5,5
1083,Banditos 9U Texas,1,1,0,21,16,0.5,6
1083,Houston Bandits 9u,0,1,1,23,18,0.25,7
1083,LC Legends,0,2,0,20,14,0.0,8
1083,Texas Elite Lobos - Gold,0,2,0,24,16,0.0,9
1084,SOUTH COAST CREAM X.,2,0,0,12,24,1.0,1
1084,Texans,2,0,0,17,24,1.0,2
1084,Banditos 9U Texas,1,1,0,15,18,0.5,3
1084,Houston Bandits 9u,1,1,0,18,19,0.5,4
1084,Katy Bombers 9U,1,1,0,20,16,0.5,5
1084,Lamar Elite - 9U - Red,1,1,0,21,21,0.5,6
1084,Marucci Elite Texas - Holden,1,1,0,21,20,0.5,7
1084,LC Legends,0,2,0,21,11,0.0,8
1084,Texas Elite Lobos - Gold,0,2,0,24,16,0.0,9
1085,SOUTH COAST CREAM X.,2,0,0,12,24,1.0,1
1085,Houston Bandits 9u,2,0,0,18,21,1.0,2
1085,Banditos 9U Texas,1,1,0,13,14,0.5,3
1085,LC Legends,1,1,0,15,17,0.5,4
1085,Texans,1,1,0,19,16,0.5,5
1085,Katy Bombers 9U,1,1,0,20,16,0.5,6
1085,Lamar Elite - 9U - Red,1,1,0,27,28,0.5,7
1085,Marucci Elite Texas - Holden,0,2,0,24,20,0.0,8
1085,Texas Elite Lobos - Gold,0,2,0,24,16,0.0,9
1086,SOUTH COAST CREAM X.,2,0,0,12,24,1.0,1
1086,Texans,2,0,0,14,23,1.0,2
1086,Marucci Elite Texas - Holden,2,0,0,24,28,1.0,3
1086,Banditos 9U Texas,1,1,0,18,17,0.5,4
1086,Katy Bombers 9U,1,1,0,20,16,0.5,5
1086,Houston Bandits 9u,1,1,0,25,26,0.5,6
1086,LC Legends,0,2,0,17,9,0.0,7
1086,Texas Elite Lobos - Gold,0,2,0,24,16,0.0,8
1086,Lamar Elite - 9U - Red,0,2,0,34,29,0.0,9
1087,SOUTH COAST CREAM X.,2,0,0,12,24,1.0,1
1087,Texans,2,0,0,22,29,1.0,2
1087,Houston Bandits 9u,1,1,0,18,20,0.5,3
1087,Banditos 9U Texas,1,1,0,20,20,0.5,4
1087,Lamar Elite - 9U - Red,1,1,0,20,19,0.5,5
1087,Katy Bombers 9U,1,1,0,20,16,0.5,6
1087,Marucci Elite Texas - Holden,1,1,0,21,20,0.5,7
1087,LC Legends,0,2,0,21,14,0.0,8
1087,Texas Elite Lobos - Gold,0,2,0,24,16,0.0,9
1088,Lamar Elite - 9U - Red,2,0,0,10,21,1.0,1
1088,SOUTH COAST CREAM X.,2,0,0,12,24,1.0,2
1088,Banditos 9U Texas,1,0,1,15,19,0.75,3
1088,LC Legends,1,1,0,12,9,0.5,4
1088,Katy Bombers 9U,1,1,0,20,16,0.5,5
1088,Marucci Elite Texas - Holden,1,1,0,21,14,0.5,6
1088,Texans,0,1,1,16,15,0.25,7
1088,Houston Bandits 9u,0,2,0,19,15,0.0,8
1088,Texas Elite Lobos - Gold,0,2,0,24,16,0.0,9
1089,SOUTH COAST CREAM X.,2,0,0,12,24,1.0,1
1089,Texans,2,0,0,15,24,1.0,2
1089,Houston Bandits 9u,2,0,0,15,21,1.0,3
1089,Lamar Elite - 9U - Red,1,1,0,14,15,0.5,4
1089,Banditos 9U Texas,1,1,0,16,13,0.5,5
1089,Katy Bombers 9U,1,1,0,20,16,0.5,6
1089,Marucci Elite Texas - Holden,0,2,0,18,11,0.0,7
1089,LC Legends,0,2,0,20,14,0.0,8
1089,Texas Elite Lobos - Gold,0,2,0,24,16,0.0,9
1090,SOUTH COAST CREAM X.,2,0,0,12,24,1.0,1
1090,Texans,2,0,0,14,23,1.0,2
1090,Lamar Elite - 9U - Red,1,0,1,14,15,0.75,3
1090,Houston Bandits 9u,1,1,0,14,19,0.5,4
1090,Banditos 9U Texas,1,1,0,15,16,0.5,5
1090,Katy Bombers 9U,1,1,0,20,16,0.5,6
1090,Marucci Elite Texas - Holden,0,1,1,19,13,0.25,7
1090,LC Legends,0,2,0,20,10,0.0,8
1090,Texas Elite Lobos - Gold,0,2,0,24,16,0.0,9
1091,SOUTH COAST CREAM X.,2,0,0,12,24,1.0,1
1091,Marucci Elite Texas - Holden,2,0,0,18,24,1.0,2
1091,Houston Bandits 9u,1,1,0,15,13,0.5,3
1091,LC Legends,1,1,0,15,12,0.5,4
1091,Texans,1,1,0,16,19,0.5,5
1091,Banditos 9U Texas,1,1,0,16,16,0.5,6
1091,Katy Bombers 9U,1,1,0,20,16,0.5,7
1091,Lamar Elite - 9U - Red,0,2,0,20,16,0.0,8
1091,Texas Elite Lobos - Gold,0,2,0,24,16,0.0,9
1092,SOUTH COAST CREAM X.,2,0,0,12,24,1.0,1
1092,Texans,2,0,0,12,22,1.0,2
1092,Lamar Elite - 9U - Red,1,0,1,21,26,0.75,3
1092,Banditos 9U Texas,1,1,0,13,14,0.5,4
1092,Houston Bandits 9u,1,1,0,20,18,0.5,5
1092,Katy Bombers 9U,1,1,0,20,16,0.5,6
1092,Marucci Elite Texas - Holden,0,1,1,23,20,0.25,7
1092,LC Legends,0,2,0,21,10,0.0,8
1092,Texas Elite Lobos - Gold,0,2,0,24,16,0.0,9
1093,SOUTH COAST CREAM X.,2,0,0,12,24,1.0,1
1093,Texans,2,0,0,16,24,1.0,2
1093,Houston Bandits 9u,1,1,0,12,17,0.5,3
1093,Marucci Elite Texas - Holden,1,1,0,13,17,0.5,4
1093,Banditos 9U Texas,1,1,0,14,15,0.5,5
1093,Katy Bombers 9U,1,1,0,20,16,0.5,6
1093,Lamar Elite - 9U - Red,1,1,0,25,16,0.5,7
1093,LC Legends,0,2,0,22,13,0.0,8
1093,Texas Elite Lobos - Gold,0,2,0,24,16,0.0,9
1094,SOUTH COAST CREAM X.,2,0,0,12,24,1.0,1
1094,Banditos 9U Texas,2,0,0,13,18,1.0,2
1094,Houston Bandits 9u,1,1,0,14,17,0.5,3
1094,Katy Bombers 9U,1,1,0,20,16,0.5,4
1094,Marucci Elite Texas - Holden,1,1,0,21,22,0.5,5
1094,Texans,1,1,0,22,22,0.5,6
1094,Lamar Elite - 9U - Red,1,1,0,24,20,0.5,7
1094,LC Legends,0,2,0,21,16,0.0,8
1094,Texas Elite Lobos - Gold,0,2,0,24,16,0.0,9
1095,Banditos 9U Texas,2,0,0,11,17,1.0,1
1095,SOUTH COAST CREAM X.,2,0,0,12,24,1.0,2
1095,Marucci Elite Texas - Holden,2,0,0,18,20,1.0,3
1095,LC Legends,1,1,0,16,16,0.5,4
1095,Houston Bandits 9u,1,1,0,20,24,0.5,5
1095,Katy Bombers 9U,1,1,0,20,16,0.5,6
1095,Texans,0,2,0,21,15,0.0,7
1095,Lamar Elite - 9U - Red,0,2,0,23,17,0.0,8
1095,Texas Elite Lobos - Gold,0,2,0,24,16,0.0,9
1096,SOUTH COAST CREAM X.,2,0,0,12,24,1.0,1
1096,Lamar Elite - 9U - Red,2,0,0,20,23,1.0,2
1096,Marucci Elite Texas - Holden,1,1,0,13,19,0.5,3
1096,Banditos 9U Texas,1,1,0,15,13,0.5,4
1096,Texans,1,1,0,18,23,0.5,5
1096,LC Legends,1,1,0,20,17,0.5,6
1096,Katy Bombers 9U,1,1,0,20,16,0.5,7
1096,Texas Elite Lobos - Gold,0,2,0,24,16,0.0,8
1096,Houston Bandits 9u,0,2,0,26,17,0.0,9
1097,Banditos 9U Texas,2,0,0,10,15,1.0,1
1097,SOUTH COAST CREAM X.,2,0,0,12,24,1.0,2
1097,Houston Bandits 9u,1,0,1,13,17,0.75,3
1097,Lamar Elite - 9U - Red,1,0,1,13,16,0.75,4
1097,LC Legends,1,1,0,20,18,0.5,5
1097,Katy Bombers 9U,1,1,0,20,16,0.5,6
1097,Texans,0,2,0,21,18,0.0,7
1097,Marucci Elite Texas - Holden,0,2,0,21,14,0.0,8
1097,Texas Elite Lobos - Gold,0,2,0,24,16,0.0,9
1098,SOUTH COAST CREAM X.,2,0,0,12,24,1.0,1
1098,Texans,2,0,0,14,24,1.0,2
1098,Lamar Elite - 9U - Red,1,1,0,17,14,0.5,3
1098,Houston Bandits 9u,1,1,0,18,21,0.5,4
1098,Marucci Elite Texas - Holden,1,1,0,20,20,0.5,5
1098,Katy Bombers 9U,1,1,0,20,16,0.5,6
1098,Banditos 9U Texas,1,1,0,20,15,0.5,7
1098,LC Legends,0,2,0,16,11,0.0,8
1098,Texas Elite Lobos - Gold,0,2,0,24,16,0.0,9
1099,SOUTH COAST CREAM X.,2,0,0,12,24,1.0,1
1099,Houston Bandits 9u,1,0,1,15,17,0.75,2
1099,Banditos 9U Texas,1,1,0,13,16,0.5,3
1099,Lamar Elite - 9U - Red,1,1,0,16,18,0.5,4
1099,LC Legends,1,1,0,16,17,0.5,5
1099,Katy Bombers 9U,1,1,0,20,16,0.5,6
1099,Texans,1,1,0,21,17,0.5,7
1099,Marucci Elite Texas - Holden,0,1,1,19,15,0.25,8
1099,Texas Elite Lobos - Gold,0,2,0,24,16,0.0,9
1100,Banditos 9U Texas,2,0,0,5,19,1.0,1
1100,SOUTH COAST CREAM X.,2,0,0,12,24,1.0,2
1100,Marucci Elite Texas - Holden,2,0,0,14,30,1.0,3
1100,Texans,1,1,0,19,15,0.5,4
1100,Katy Bombers 9U,1,1,0,20,16,0.5,5
1100,Houston Bandits 9u,1,1,0,22,17,0.5,6
1100,LC Legends,0,2,0,22,12,0.0,7
1100,Texas Elite Lobos - Gold,0,2,0,24,16,0.0,8
1100,Lamar Elite - 9U - Red,0,2,0,27,16,0.0,9
1101,SOUTH COAST CREAM X.,2,0,0,12,24,1.0,1
1101,Houston Bandits 9u,1,0,1,17,33,0.75,2
1101,Banditos 9U Texas,1,1,0,12,15,0.5,3
1101,LC Legends,1,1,0,14,16,0.5,4
1101,Texans,1,1,0,19,14,0.5,5
1101,Katy Bombers 9U,1,1,0,20,16,0.5,6
1101,Lamar Elite - 9U - Red,1,1,0,27,16,0.5,7
1101,Marucci Elite Texas - Holden,0,1,1,23,18,0.25,8
1101,Texas Elite Lobos - Gold,0,2,0,24,16,0.0,9
1102,SOUTH COAST CREAM X.,2,0,0,12,24,1.0,1
1102,Texans,2,0,0,22,27,1.0,2
1102,Houston Bandits 9u,1,0,1,11,19,0.75,3
1102,Marucci Elite Texas - Holden,1,0,1,12,21,0.75,4
1102,Banditos 9U Texas,1,1,0,16,17,0.5,5
1102,Katy Bombers 9U,1,1,0,20,16,0.5,6
1102,LC Legends,0,2,0,23,17,0.0,7
1102,Texas Elite Lobos - Gold,0,2,0,24,16,0.0,8
1102,Lamar Elite - 9U - Red,0,2,0,24,7,0.0,9
1103,SOUTH COAST CREAM X.,2,0,0,12,24,1.0,1
1103,Texans,2,0,0,15,23,1.0,2
1103,Marucci Elite Texas - Holden,2,0,0,16,20,1.0,3
1103,Banditos 9U Texas,1,1,0,16,14,0.5,4
1103,Houston Bandits 9u,1,1,0,19,19,0.5,5
1103,Katy Bombers 9U,1,1,0,20,16,0.5,6
1103,Lamar Elite - 9U - Red,0,2,0,19,15,0.0,7
1103,LC Legends,0,2,0,19,13,0.0,8
1103,Texas Elite Lobos - Gold,0,2,0,24,16,0.0,9
1104,SOUTH COAST CREAM X.,2,0,0,12,24,1.0,1
1104,Houston Bandits 9u,2,0,0,22,26,1.0,2
1104,Banditos 9U Texas,1,1,0,11,14,0.5,3
1104,Texans,1,1,0,20,19,0.5,4
1104,LC Legends,1,1,0,20,18,0.5,5
1104,Katy Bombers 9U,1,1,0,20,16,0.5,6
1104,Marucci Elite Texas - Holden,1,1,0,23,25,0.5,7
1104,Texas Elite Lobos - Gold,0,2,0,24,16,0.0,8
1104,Lamar Elite - 9U - Red,0,2,0,27,21,0.0,9
1105,SOUTH COAST CREAM X.,2,0,0,12,24,1.0,1
1105,Lamar Elite - 9U - Red,2,0,0,12,16,1.0,2
1105,Texans,2,0,0,14,21,1.0,3
1105,Houston Bandits 9u,1,1,0,15,15,0.5,4
1105,Banditos 9U Texas,1,1,0,15,13,0.5,5
1105,Katy Bombers 9U,1,1,0,20,16,0.5,6
1105,LC Legends,0,2,0,18,13,0.0,7
1105,Marucci Elite Texas - Holden,0,2,0,20,16,0.0,8
1105,Texas Elite Lobos - Gold,0,2,0,24,16,0.0,9
1106,SOUTH COAST CREAM X.,2,0,0,12,24,1.0,1
1106,Banditos 9U Texas,2,0,0,12,18,1.0,2
1106,Marucci Elite Texas - Holden,1,0,1,14,20,0.75,3
1106,Houston Bandits 9u,1,0,1,20,25,0.75,4
1106,LC Legends,1,1,0,16,14,0.5,5
1106,Katy Bombers 9U,1,1,0,20,16,0.5,6
1106,Texans,0,2,0,20,16,0.0,7
1106,Texas Elite Lobos - Gold,0,2,0,24,16,0.0,8
1106,Lamar Elite - 9U - Red,0,2,0,25,14,0.0,9
1107,SOUTH COAST CREAM X.,2,0,0,12,24,1.0,1
1107,Houston Bandits 9u,2,0,0,15,21,1.0,2
1107,Texans,1,1,0,16,22,0.5,3
1107,Banditos 9U Texas,1,1,0,17,14,0.5,4
1107,LC Legends,1,1,0,17,14,0.5,5
1107,Katy Bombers 9U,1,1,0,20,16,0.5,6
1107,Lamar Elite - 9U - Red,0,1,1,18,15,0.25,7
1107,Marucci Elite Texas - Holden,0,1,1,21,18,0.25,8
1107,Texas Elite Lobos - Gold,0,2,0,24,16,0.0,9
1108,Banditos 9U Texas,2,0,0,8,22,1.0,1
1108,SOUTH COAST CREAM X.,2,0,0,12,24,1.0,2
1108,Lamar Elite - 9U - Red,1,1,0,14,20,0.5,3
1108,LC Legends,1,1,0,15,18,0.5,4
1108,Marucci Elite Texas - Holden,1,1,0,16,17,0.5,5
1108,Katy Bombers 9U,1,1,0,20,16,0.5,6
1108,Houston Bandits 9u,1,1,0,20,13,0.5,7
1108,Texas Elite Lobos - Gold,0,2,0,24,16,0.0,8
1108,Texans,0,2,0,28,11,0.0,9
1109,SOUTH COAST CREAM X.,2,0,0,12,24,1.0,1
1109,Lamar Elite - 9U - Red,2,0,0,12,16,1.0,2
1109,Houston Bandits 9u,1,1,0,17,17,0.5,3
1109,LC Legends,1,1,0,17,14,0.5,4
1109,Banditos 9U Texas,1,1,0,18,18,0.5,5
1109,Texans,1,1,0,20,23,0.5,6
1109,Katy Bombers 9U,1,1,0,20,16,0.5,7
1109,Marucci Elite Texas - Holden,0,2,0,12,8,0.0,8
1109,Texas Elite Lobos - Gold,0,2,0,24,16,0.0,9
1110,Banditos 9U Texas,2,0,0,9,22,1.0,1
1110,SOUTH COAST CREAM X.,2,0,0,12,24,1.0,2
1110,Houston Bandits 9u,2,0,0,14,22,1.0,3
1110,Marucci Elite Texas - Holden,1,1,0,12,13,0.5,4
1110,Katy Bombers 9U,1,1,0,20,16,0.5,5
1110,Texans,1,1,0,21,13,0.5,6
1110,LC Legends,0,2,0,16,11,0.0,7
1110,Lamar Elite - 9U - Red,0,2,0,20,11,0.0,8
1110,Texas Elite Lobos - Gold,0,2,0,24,16,0.0,9
1111,SOUTH COAST CREAM X.,2,0,0,12,24,1.0,1
1111,Texans,2,0,0,16,31,1.0,2
1111,Marucci Elite Texas - Holden,1,0,1,14,17,0.75,3
1111,Lamar Elite - 9U - Red,1,0,1,19,25,0.75,4
1111,Banditos 9U Texas,1,1,0,18,14,0.5,5
1111,Katy Bombers 9U,1,1,0,20,16,0.5,6
1111,Texas Elite Lobos - Gold,0,2,0,24,16,0.0,7
1111,Houston Bandits 9u,0,2,0,24,15,0.0,8
1111,LC Legends,0,2,0,25,14,0.0,9
1112,SOUTH COAST CREAM X.,2,0,0,12,24,1.0,1
1112,Marucci Elite Texas - Holden,2,0,0,14,21,1.0,2
1112,Texans,1,1,0,15,21,0.5,3
1112,Banditos 9U Texas,1,1,0,16,13,0.5,4
1112,Houston Bandits 9u,1,1,0,17,19,0.5,5
1112,LC Legends,1,1,0,17,14,0.5,6
1112,Katy Bombers 9U,1,1,0,20,16,0.5,7
1112,Texas Elite Lobos - Gold,0,2,0,24,16,0.0,8
1112,Lamar Elite - 9U - Red,0,2,0,26,17,0.0,9
1113,Banditos 9U Texas,2,0,0,10,21,1.0,1
1113,SOUTH COAST CREAM X.,2,0,0,12,24,1.0,2
1113,Marucci Elite Texas - Holden,2,0,0,22,32,1.0,3
1113,Texans,1,1,0,19,15,0.5,4
1113,Katy Bombers 9U,1,1,0,20,16,0.5,5
1113,Houston Bandits 9u,1,1,0,26,20,0.5,6
1113,LC Legends,0,2,0,17,10,0.0,7
1113,Lamar Elite - 9U - Red,0,2,0,23,19,0.0,8
1113,Texas Elite Lobos - Gold,0,2,0,24,16,0.0,9
1114,SOUTH COAST CREAM X.,2,0,0,12,24,1.0,1
1114,Lamar Elite - 9U - Red,1,1,0,12,12,0.5,2
1114,Marucci Elite Texas - Holden,1,1,0,16,17,0.5,3
1114,Houston Bandits 9u,1,1,0,18,17,0.5,4
1114,Katy Bombers 9U,1,1,0,20,16,0.5,5
1114,LC Legends,1,1,0,21,18,0.5,6
1114,Banditos 9U Texas,1,1,0,22,19,0.5,7
1114,Texans,1,1,0,25,31,0.5,8
1114,Texas Elite Lobos - Gold,0,2,0,24,16,0.0,9
1115,SOUTH COAST CREAM X.,2,0,0,12,24,1.0,1
1115,Houston Bandits 9u,2,0,0,21,28,1.0,2
1115,Texans,1,0,1,15,21,0.75,3
1115,Banditos 9U Texas,1,1,0,18,16,0.5,4
1115,Lamar Elite - 9U - Red,1,1,0,20,17,0.5,5
1115,Katy Bombers 9U,1,1,0,20,16,0.5,6
1115,LC Legends,0,1,1,15,11,0.25,7
1115,Marucci Elite Texas - Holden,0,2,0,23,19,0.0,8
1115,Texas Elite Lobos - Gold,0,2,0,24,16,0.0,9
1116,SOUTH COAST CREAM X.,2,0,0,12,24,1.0,1
1116,Lamar Elite - 9U - Red,1,0,1,15,19,0.75,2
1116,Houston Bandits 9u,1,0,1,16,22,0.75,3
1116,LC Legends,1,1,0,15,24,0.5,4
1116,Katy Bombers 9U,1,1,0,20,16,0.5,5
1116,Banditos 9U Texas,1,1,0,21,18,0.5,6
1116,Texans,1,1,0,30,24,0.5,7
1116,Texas Elite Lobos - Gold,0,2,0,24,16,0.0,8
1116,Marucci Elite Texas - Holden,0,2,0,27,17,0.0,9
1117,SOUTH COAST CREAM X.,2,0,0,12,24,1.0,1
1117,Marucci Elite Texas - Holden,2,0,0,14,22,1.0,2
1117,Texans,2,0,0,15,27,1.0,3
1117,Banditos 9U Texas,1,1,0,14,15,0.5,4
1117,Houston Bandits 9u,1,1,0,15,17,0.5,5
1117,Katy Bombers 9U,1,1,0,20,16,0.5,6
1117,Lamar Elite - 9U - Red,0,2,0,22,12,0.0,7
1117,Texas Elite Lobos - Gold,0,2,0,24,16,0.0,8
1117,LC Legends,0,2,0,25,12,0.0,9
1118,SOUTH COAST CREAM X.,2,0,0,12,24,1.0,1
1118,Marucci Elite Texas - Holden,2,0,0,15,21,1.0,2
1118,Banditos 9U Texas,1,0,1,12,16,0.75,3
1118,Houston Bandits 9u,1,1,0,18,16,0.5,4
1118,Katy Bombers 9U,1,1,0,20,16,0.5,5
1118,Texans,0,0,2,21,21,0.5,6
1118,LC Legends,0,1,1,21,17,0.25,7
1118,Lamar Elite - 9U - Red,0,2,0,20,16,0.0,8
1118,Texas Elite Lobos - Gold,0,2,0,24,16,0.0,9
1119,SOUTH COAST CREAM X.,2,0,0,12,24,1.0,1
1119,Lamar Elite - 9U - Red,2,0,0,13,18,1.0,2
1119,Houston Bandits 9u,1,1,0,14,17,0.5,3
1119,Banditos 9U Texas,1,1,0,14,14,0.5,4
1119,LC Legends,1,1,0,17,17,0.5,5
1119,Texans,1,1,0,19,19,0.5,6
1119,Katy Bombers 9U,1,1,0,20,16,0.5,7
1119,Marucci Elite Texas - Holden,0,2,0,18,10,0.0,8
1119,Texas Elite Lobos - Gold,0,2,0,24,16,0.0,9
1120,SOUTH COAST CREAM X.,2,0,0,12,24,1.0,1
1120,Marucci Elite Texas - Holden,2,0,0,17,27,1.0,2
1120,Texans,1,0,1,16,24,0.75,3
1120,Banditos 9U Texas,1,0,1,16,20,0.75,4
1120,Houston Bandits 9u,1,1,0,17,21,0.5,5
1120,Katy Bombers 9U,1,1,0,20,16,0.5,6
1120,LC Legends,0,2,0,20,8,0.0,7
1120,Texas Elite Lobos - Gold,0,2,0,24,16,0.0,8
1120,Lamar Elite - 9U - Red,0,2,0,31,17,0.0,9
1121,Banditos 9U Texas,2,0,0,11,21,1.0,1
1121,SOUTH COAST CREAM X.,2,0,0,12,24,1.0,2
1121,Houston Bandits 9u,1,0,1,14,16,0.75,3
1121,Marucci Elite Texas - Holden,1,0,1,17,20,0.75,4
1121,LC Legends,1,1,0,17,22,0.5,5
1121,Katy Bombers 9U,1,1,0,20,16,0.5,6
1121,Lamar Elite - 9U - Red,0,2,0,24,19,0.0,7
1121,Texas Elite Lobos - Gold,0,2,0,24,16,0.0,8
1121,Texans,0,2,0,31,16,0.0,9
1122,SOUTH COAST CREAM X.,2,0,0,12,24,1.0,1
1122,Houston Bandits 9u,2,0,0,18,24,1.0,2
1122,Banditos 9U Texas,1,0,1,17,21,0.75,3
1122,Texans,1,0,1,25,27,0.75,4
1122,Katy Bombers 9U,1,1,0,20,16,0.5,5
1122,Lamar Elite - 9U - Red,0,1,1,19,17,0.25,6
1122,Marucci Elite Texas - Holden,0,1,1,19,15,0.25,7
1122,LC Legends,0,2,0,22,16,0.0,8
1122,Texas Elite Lobos - Gold,0,2,0,24,16,0.0,9
1123,Banditos 9U Texas,2,0,0,9,22,1.0,1
1123,SOUTH COAST CREAM X.,2,0,0,12,24,1.0,2
1123,Marucci Elite Texas - Holden,2,0,0,14,25,1.0,3
1123,Katy Bombers 9U,1,1,0,20,16,0.5,4
1123,Houston Bandits 9u,1,1,0,22,15,0.5,5
1123,Texans,1,1,0,22,15,0.5,6
1123,Lamar Elite - 9U - Red,0,2,0,17,13,0.0,7
1123,LC Legends,0,2,0,18,12,0.0,8
1123,Texas Elite Lobos - Gold,0,2,0,24,16,0.0,9
1124,SOUTH COAST CREAM X.,2,0,0,12,24,1.0,1
1124,Texans,1,1,0,15,22,0.5,2
1124,Lamar Elite - 9U - Red,1,1,0,17,20,0.5,3
1124,LC Legends,1,1,0,17,14,0.5,4
1124,Banditos 9U Texas,1,1,0,17,13,0.5,5
1124,Houston Bandits 9u,1,1,0,20,19,0.5,6
1124,Katy Bombers 9U,1,1,0,20,16,0.5,7
1124,Marucci Elite Texas - Holden,1,1,0,22,20,0.5,8
1124,Texas Elite Lobos - Gold,0,2,0,24,16,0.0,9
1125,SOUTH COAST CREAM X.,2,0,0,12,24,1.0,1
1125,Banditos 9U Texas,1,1,0,12,13,0.5,2
1125,Marucci Elite Texas - Holden,1,1,0,15,17,0.5,3
1125,Lamar Elite - 9U - Red,1,1,0,17,18,0.5,4
1125,Texans,1,1,0,18,19,0.5,5
1125,LC Legends,1,1,0,19,17,0.5,6
1125,Houston Bandits 9u,1,1,0,19,16,0.5,7
1125,Katy Bombers 9U,1,1,0,20,16,0.5,8
1125,Texas Elite Lobos - Gold,0,2,0,24,16,0.0,9
1126,Lamar Elite - 9U - Red,2,0,0,12,27,1.0,1
1126,SOUTH COAST CREAM X.,2,0,0,12,24,1.0,2
1126,Banditos 9U Texas,2,0,0,12,21,1.0,3
1126,Texans,1,1,0,19,15,0.5,4
1126,Houston Bandits 9u,1,1,0,20,24,0.5,5
1126,Katy Bombers 9U,1,1,0,20,16,0.5,6
1126,LC Legends,0,2,0,15,10,0.0,7
1126,Texas Elite Lobos - Gold,0,2,0,24,16,0.0,8
1126,Marucci Elite Texas - Holden,0,2,0,32,13,0.0,9
1127,SOUTH COAST CREAM X.,2,0,0,12,24,1.0,1
1127,Texans,2,0,0,12,21,1.0,2
1127,Lamar Elite - 9U - Red,1,0,1,21,25,0.75,3
1127,Banditos 9U Texas,1,1,0,18,15,0.5,4
1127,Katy Bombers 9U,1,1,0,20,16,0.5,5
1127,Marucci Elite Texas - Holden,1,1,0,22,19,0.5,6
1127,Houston Bandits 9u,0,1,1,20,19,0.25,7
1127,LC Legends,0,2,0,15,9,0.0,8
1127,Texas Elite Lobos - Gold,0,2,0,24,16,0.0,9
1128,SOUTH COAST CREAM X.,2,0,0,12,24,1.0,1
1128,Banditos 9U Texas,1,1,0,14,17,0.5,2
1128,Lamar Elite - 9U - Red,1,1,0,15,15,0.5,3
1128,Marucci Elite Texas - Holden,1,1,0,15,15,0.5,4
1128,Houston Bandits 9u,1,1,0,17,17,0.5,5
1128,LC Legends,1,1,0,19,16,0.5,6
1128,Katy Bombers 9U,1,1,0,20,16,0.5,7
1128,Texans,1,1,0,21,21,0.5,8
1128,Texas Elite Lobos - Gold,0,2,0,24,16,0.0,9
1129,SOUTH COAST CREAM X.,2,0,0,12,24,1.0,1
1129,Banditos 9U Texas,1,1,0,15,18,0.5,2
1129,LC Legends,1,1,0,15,13,0.5,3
1129,Lamar Elite - 9U - Red,1,1,0,18,18,0.5,4
1129,Marucci Elite Texas - Holden,1,1,0,19,23,0.5,5
1129,Texans,1,1,0,19,18,0.5,6
1129,Houston Bandits 9u,1,1,0,20,16,0.5,7
1129,Katy Bombers 9U,1,1,0,20,16,0.5,8
1129,Texas Elite Lobos - Gold,0,2,0,24,16,0.0,9
1130,SOUTH COAST CREAM X.,2,0,0,12,24,1.0,1
1130,Banditos 9U Texas,2,0,0,13,18,1.0,2
1130,Houston Bandits 9u,2,0,0,18,23,1.0,3
1130,LC Legends,1,1,0,15,17,0.5,4
1130,Lamar Elite - 9U - Red,1,1,0,20,18,0.5,5
1130,Katy Bombers 9U,1,1,0,20,16,0.5,6
1130,Marucci Elite Texas - Holden,0,2,0,19,16,0.0,7
1130,Texans,0,2,0,23,16,0.0,8
1130,Texas Elite Lobos - Gold,0,2,0,24,16,0.0,9
1131,Houston Bandits 9u,2,0,0,7,13,1.0,1
1131,SOUTH COAST CREAM X.,2,0,0,12,24,1.0,2
1131,Texans,2,0,0,17,22,1.0,3
1131,Marucci Elite Texas - Holden,1,1,0,15,15,0.5,4
1131,Banditos 9U Texas,1,1,0,16,17,0.5,5
1131,Katy Bombers 9U,1,1,0,20,16,0.5,6
1131,Lamar Elite - 9U - Red,0,2,0,17,11,0.0,7
1131,LC Legends,0,2,0,18,12,0.0,8
1131,Texas Elite Lobos - Gold,0,2,0,24,16,0.0,9
1132,SOUTH COAST CREAM X.,2,0,0,12,24,1.0,1
1132,Houston Bandits 9u,2,0,0,23,26,1.0,2
1132,LC Legends,1,1,0,15,16,0.5,3
1132,Banditos 9U Texas,1,1,0,18,18,0.5,4
1132,Katy Bombers 9U,1,1,0,20,16,0.5,5
1132,Marucci Elite Texas - Holden,1,1,0,22,23,0.5,6
1132,Texans,1,1,0,22,21,0.5,7
1132,Texas Elite Lobos - Gold,0,2,0,24,16,0.0,8
1132,Lamar Elite - 9U - Red,0,2,0,25,21,0.0,9
1133,SOUTH COAST CREAM X.,2,0,0,12,24,1.0,1
1133,Marucci Elite Texas - Holden,2,0,0,21,25,1.0,2
1133,Banditos 9U Texas,1,1,0,11,13,0.5,3
1133,Lamar Elite - 9U - Red,1,1,0,16,17,0.5,4
1133,LC Legends,1,1,0,17,18,0.5,5
1133,Texans,1,1,0,19,16,0.5,6
1133,Katy Bombers 9U,1,1,0,20,16,0.5,7
1133,Houston Bandits 9u,0,2,0,20,15,0.0,8
1133,Texas Elite Lobos - Gold,0,2,0,24,16,0.0,9
1134,SOUTH COAST CREAM X.,2,0,0,12,24,1.0,1
1134,Houston Bandits 9u,2,0,0,17,24,1.0,2
1134,Banditos 9U Texas,1,1,0,16,11,0.5,3
1134,Texans,1,1,0,18,24,0.5,4
1134,Lamar Elite - 9U - Red,1,1,0,18,24,0.5,5
1134,LC Legends,1,1,0,20,19,0.5,6
1134,Katy Bombers 9U,1,1,0,20,16,0.5,7
1134,Texas Elite Lobos - Gold,0,2,0,24,16,0.0,8
1134,Marucci Elite Texas - Holden,0,2,0,27,14,0.0,9
1135,Banditos 9U Texas,2,0,0,10,22,1.0,1
1135,SOUTH COAST CREAM X.,2,0,0,12,24,1.0,2
1135,Houston Bandits 9u,2,0,0,14,27,1.0,3
1135,LC Legends,1,1,0,16,14,0.5,4
1135,Katy Bombers 9U,1,1,0,20,16,0.5,5
1135,Lamar Elite - 9U - Red,1,1,0,25,21,0.5,6
1135,Marucci Elite Texas - Holden,0,2,0,22,13,0.0,7
1135,Texas Elite Lobos - Gold,0,2,0,24,16,0.0,8
1135,Texans,0,2,0,24,14,0.0,9
1136,SOUTH COAST CREAM X.,2,0,0,12,24,1.0,1
1136,Texans,2,0,0,15,20,1.0,2
1136,Marucci Elite Texas - Holden,2,0,0,20,26,1.0,3
1136,Banditos 9U Texas,1,1,0,14,14,0.5,4
1136,Houston Bandits 9u,1,1,0,15,17,0.5,5
1136,Katy Bombers 9U,1,1,0,20,16,0.5,6
1136,LC Legends,0,2,0,18,13,0.0,7
1136,Texas Elite Lobos - Gold,0,2,0,24,16,0.0,8
1136,Lamar Elite - 9U - Red,0,2,0,27,19,0.0,9
1137,SOUTH COAST CREAM X.,2,0,0,12,24,1.0,1
1137,Marucci Elite Texas - Holden,2,0,0,15,25,1.0,2
1137,LC Legends,1,1,0,14,15,0.5,3
1137,Houston Bandits 9u,1,1,0,19,30,0.5,4
1137,Katy Bombers 9U,1,1,0,20,16,0.5,5
1137,Texans,1,1,0,21,23,0.5,6
1137,Banditos 9U Texas,1,1,0,21,18,0.5,7
1137,Texas Elite Lobos - Gold,0,2,0,24,16,0.0,8
1137,Lamar Elite - 9U - Red,0,2,0,32,11,0.0,9
1138,SOUTH COAST CREAM X.,2,0,0,12,24,1.0,1
1138,Marucci Elite Texas - Holden,2,0,0,13,20,1.0,2
1138,Texans,2,0,0,15,23,1.0,3
1138,Houston Bandits 9u,1,1,0,16,22,0.5,4
1138,Banditos 9U Texas,1,1,0,16,16,0.5,5
1138,Katy Bombers 9U,1,1,0,20,16,0.5,6
1138,LC Legends,0,2,0,19,11,0.0,7
1138,Texas Elite Lobos - Gold,0,2,0,24,16,0.0,8
1138,Lamar Elite - 9U - Red,0,2,0,26,13,0.0,9
1139,SOUTH COAST CREAM X.,2,0,0,12,24,1.0,1
1139,Texans,2,0,0,18,26,1.0,2
1139,Banditos 9U Texas,1,1,0,16,14,0.5,3
1139,Houston Bandits 9u,1,1,0,17,20,0.5,4
1139,Lamar Elite - 9U - Red,1,1,0,17,20,0.5,5
1139,Katy Bombers 9U,1,1,0,20,16,0.5,6
1139,Marucci Elite Texas - Holden,1,1,0,24,18,0.5,7
1139,LC Legends,0,2,0,22,16,0.0,8
1139,Texas Elite Lobos - Gold,0,2,0,24,16,0.0,9
1140,SOUTH COAST CREAM X.,2,0,0,12,24,1.0,1
1140,Banditos 9U Texas,2,0,0,13,22,1.0,2
1140,Houston Bandits 9u,1,1,0,14,18,0.5,3
1140,Lamar Elite - 9U - Red,1,1,0,16,11,0.5,4
1140,Marucci Elite Texas - Holden,1,1,0,19,20,0.5,5
1140,Katy Bombers 9U,1,1,0,20,16,0.5,6
1140,LC Legends,0,1,1,13,9,0.25,7
1140,Texans,0,1,1,19,14,0.25,8
1140,Texas Elite Lobos - Gold,0,2,0,24,16,0.0,9
1141,Houston Bandits 9u,2,0,0,9,25,1.0,1
1141,Banditos 9U Texas,2,0,0,11,19,1.0,2
1141,SOUTH COAST CREAM X.,2,0,0,12,24,1.0,3
1141,LC Legends,1,1,0,17,15,0.5,4
1141,Marucci Elite Texas - Holden,1,1,0,18,15,0.5,5
1141,Katy Bombers 9U,1,1,0,20,16,0.5,6
1141,Lamar Elite - 9U - Red,0,2,0,20,7,0.0,7
1141,Texans,0,2,0,22,16,0.0,8
1141,Texas Elite Lobos - Gold,0,2,0,24,16,0.0,9
1142,SOUTH COAST CREAM X.,2,0,0,12,24,1.0,1
1142,Houston Bandits 9u,2,0,0,14,20,1.0,2
1142,Marucci Elite Texas - Holden,1,1,0,13,14,0.5,3
1142,LC Legends,1,1,0,17,15,0.5,4
1142,Katy Bombers 9U,1,1,0,20,16,0.5,5
1142,Banditos 9U Texas,1,1,0,21,19,0.5,6
1142,Texans,1,1,0,22,26,0.5,7
1142,Lamar Elite - 9U - Red,0,2,0,16,9,0.0,8
1142,Texas Elite Lobos - Gold,0,2,0,24,16,0.0,9
1143,SOUTH COAST CREAM X.,2,0,0,12,24,1.0,1
1143,Houston Bandits 9u,2,0,0,22,24,1.0,2
1143,Banditos 9U Texas,1,0,1,12,16,0.75,3
1143,Texans,1,0,1,14,15,0.75,4
1143,Lamar Elite - 9U - Red,1,1,0,15,21,0.5,5
1143,Katy Bombers 9U,1,1,0,20,16,0.5,6
1143,LC Legends,0,2,0,15,10,0.0,7
1143,Texas Elite Lobos - Gold,0,2,0,24,16,0.0,8
1143,Marucci Elite Texas - Holden,0,2,0,26,18,0.0,9
1144,Banditos 9U Texas,2,0,0,9,18,1.0,1
1144,SOUTH COAST CREAM X.,2,0,0,12,24,1.0,2
1144,Houston Bandits 9u,2,0,0,14,18,1.0,3
1144,LC Legends,1,1,0,15,14,0.5,4
1144,Lamar Elite - 9U - Red,1,1,0,19,21,0.5,5
1144,Katy Bombers 9U,1,1,0,20,16,0.5,6
1144,Texans,0,2,0,20,12,0.0,7
1144,Marucci Elite Texas - Holden,0,2,0,24,18,0.0,8
1144,Texas Elite Lobos - Gold,0,2,0,24,16,0.0,9
1145,Houston Bandits 9u,2,0,0,12,26,1.0,1
1145,SOUTH COAST CREAM X.,2,0,0,12,24,1.0,2
1145,LC Legends,1,1,0,16,17,0.5,3
1145,Katy Bombers 9U,1,1,0,20,16,0.5,4
1145,Texans,1,1,0,21,29,0.5,5
1145,Banditos 9U Texas,1,1,0,25,16,0.5,6
1145,Lamar Elite - 9U - Red,1,1,0,28,19,0.5,7
1145,Marucci Elite Texas - Holden,0,2,0,24,19,0.0,8
1145,Texas Elite Lobos - Gold,0,2,0,24,16,0.0,9
1146,SOUTH COAST CREAM X.,2,0,0,12,24,1.0,1
1146,Banditos 9U Texas,2,0,0,12,21,1.0,2
1146,Houston Bandits 9u,1,1,0,13,18,0.5,3
1146,Lamar Elite - 9U - Red,1,1,0,16,15,0.5,4
1146,Marucci Elite Texas - Holden,1,1,0,19,15,0.5,5
1146,Katy Bombers 9U,1,1,0,20,16,0.5,6
1146,Texans,1,1,0,25,22,0.5,7
1146,LC Legends,0,2,0,22,16,0.0,8
1146,Texas Elite Lobos - Gold,0,2,0,24,16,0.0,9
1147,SOUTH COAST CREAM X.,2,0,0,12,24,1.0,1
1147,Houston Bandits 9u,2,0,0,13,29,1.0,2
1147,Texans,2,0,0,21,25,1.0,3
1147,Banditos 9U Texas,1,1,0,14,16,0.5,4
1147,Katy Bombers 9U,1,1,0,20,16,0.5,5
1147,Marucci Elite Texas - Holden,1,1,0,21,21,0.5,6
1147,LC Legends,0,2,0,23,17,0.0,7
1147,Texas Elite Lobos - Gold,0,2,0,24,16,0.0,8
1147,Lamar Elite - 9U - Red,0,2,0,31,15,0.0,9
1148,SOUTH COAST CREAM X.,2,0,0,12,24,1.0,1
1148,Texans,2,0,0,13,19,1.0,2
1148,Lamar Elite - 9U - Red,1,0,1,19,24,0.75,3
1148,Houston Bandits 9u,1,0,1,20,24,0.75,4
1148,Banditos 9U Texas,1,1,0,15,15,0.5,5
1148,Katy Bombers 9U,1,1,0,20,16,0.5,6
1148,LC Legends,0,2,0,16,10,0.0,7
1148,Marucci Elite Texas - Holden,0,2,0,22,13,0.0,8
1148,Texas Elite Lobos - Gold,0,2,0,24,16,0.0,9
1149,Houston Bandits 9u,2,0,0,10,19,1.0,1
1149,Texans,2,0,0,11,20,1.0,2
1149,SOUTH COAST CREAM X.,2,0,0,12,24,1.0,3
1149,Banditos 9U Texas,1,1,0,13,14,0.5,4
1149,Katy Bombers 9U,1,1,0,20,16,0.5,5
1149,Lamar Elite - 9U - Red,0,1,1,15,13,0.25,6
1149,Marucci Elite Texas - Holden,0,1,1,22,15,0.25,7
1149,LC Legends,0,2,0,19,9,0.0,8
1149,Texas Elite Lobos - Gold,0,2,0,24,16,0.0,9
1150,Texans,2,0,0,12,26,1.0,1
1150,SOUTH COAST CREAM X.,2,0,0,12,24,1.0,2
1150,Lamar Elite - 9U - Red,1,1,0,15,16,0.5,3
1150,Marucci Elite Texas - Holden,1,1,0,19,19,0.5,4
1150,Banditos 9U Texas,1,1,0,19,10,0.5,5
1150,Katy Bombers 9U,1,1,0,20,16,0.5,6
1150,Houston Bandits 9u,1,1,0,21,20,0.5,7
1150,LC Legends,0,2,0,19,14,0.0,8
1150,Texas Elite Lobos - Gold,0,2,0,24,16,0.0,9
1151,SOUTH COAST CREAM X.,2,0,0,12,24,1.0,1
1151,Marucci Elite Texas - Holden,2,0,0,12,21,1.0,2
1151,Banditos 9U Texas,2,0,0,13,18,1.0,3
1151,LC Legends,1,1,0,14,14,0.5,4
1151,Houston Bandits 9u,1,1,0,15,10,0.5,5
1151,Katy Bombers 9U,1,1,0,20,16,0.5,6
1151,Texans,0,2,0,20,15,0.0,7
1151,Lamar Elite - 9U - Red,0,2,0,22,18,0.0,8
1151,Texas Elite Lobos - Gold,0,2,0,24,16,0.0,9
1152,Banditos 9U Texas,2,0,0,11,19,1.0,1
1152,SOUTH COAST CREAM X.,2,0,0,12,24,1.0,2
1152,Houston Bandits 9u,2,0,0,18,26,1.0,3
1152,LC Legends,1,1,0,12,12,0.5,4
1152,Katy Bombers 9U,1,1,0,20,16,0.5,5
1152,Lamar Elite - 9U - Red,0,1,1,24,21,0.25,6
1152,Marucci Elite Texas - Holden,0,1,1,24,19,0.25,7
1152,Texans,0,2,0,19,11,0.0,8
1152,Texas Elite Lobos - Gold,0,2,0,24,16,0.0,9
1153,Banditos 9U Texas,2,0,0,9,15,1.0,1
1153,SOUTH COAST CREAM X.,2,0,0,12,24,1.0,2
1153,Houston Bandits 9u,2,0,0,23,30,1.0,3
1153,LC Legends,1,1,0,14,11,0.5,4
1153,Lamar Elite - 9U - Red,1,1,0,20,24,0.5,5
1153,Katy Bombers 9U,1,1,0,20,16,0.5,6
1153,Texans,0,2,0,14,11,0.0,7
1153,Texas Elite Lobos - Gold,0,2,0,24,16,0.0,8
1153,Marucci Elite Texas - Holden,0,2,0,29,18,0.0,9
1154,SOUTH COAST CREAM X.,2,0,0,12,24,1.0,1
1154,Houston Bandits 9u,2,0,0,14,23,1.0,2
1154,Banditos 9U Texas,1,1,0,14,16,0.5,3
1154,LC Legends,1,1,0,14,16,0.5,4
1154,Lamar Elite - 9U - Red,1,1,0,16,15,0.5,5
1154,Katy Bombers 9U,1,1,0,20,16,0.5,6
1154,Texans,1,1,0,20,16,0.5,7
1154,Texas Elite Lobos - Gold,0,2,0,24,16,0.0,8
1154,Marucci Elite Texas - Holden,0,2,0,25,17,0.0,9
1155,SOUTH COAST CREAM X.,2,0,0,12,24,1.0,1
1155,Banditos 9U Texas,1,0,1,15,19,0.75,2
1155,Texans,1,0,1,16,17,0.75,3
1155,Lamar Elite - 9U - Red,1,1,0,14,18,0.5,4
1155,Katy Bombers 9U,1,1,0,20,16,0.5,5
1155,Houston Bandits 9u,1,1,0,22,19,0.5,6
1155,Marucci Elite Texas - Holden,1,1,0,27,26,0.5,7
1155,LC Legends,0,2,0,14,9,0.0,8
1155,Texas Elite Lobos - Gold,0,2,0,24,16,0.0,9
1156,SOUTH COAST CREAM X.,2,0,0,12,24,1.0,1
1156,Lamar Elite - 9U - Red,2,0,0,17,21,1.0,2
1156,Banditos 9U Texas,1,1,0,14,17,0.5,3
1156,LC Legends,1,1,0,15,13,0.5,4
1156,Texans,1,1,0,18,17,0.5,5
1156,Houston Bandits 9u,1,1,0,18,17,0.5,6
1156,Katy Bombers 9U,1,1,0,20,16,0.5,7
1156,Marucci Elite Texas - Holden,0,2,0,16,13,0.0,8
1156,Texas Elite Lobos - Gold,0,2,0,24,16,0.0,9
1157,SOUTH COAST CREAM X.,2,0,0,12,24,1.0,1
1157,Banditos 9U Texas,1,1,0,11,13,0.5,2
1157,Marucci Elite Texas - Holden,1,1,0,13,15,0.5,3
1157,LC Legends,1,1,0,13,13,0.5,4
1157,Texans,1,1,0,14,12,0.5,5
1157,Houston Bandits 9u,1,1,0,16,15,0.5,6
1157,Lamar Elite - 9U - Red,1,1,0,19,18,0.5,7
1157,Katy Bombers 9U,1,1,0,20,16,0.5,8
1157,Texas Elite Lobos - Gold,0,2,0,24,16,0.0,9
1158,SOUTH COAST CREAM X.,2,0,0,12,24,1.0,1
1158,Banditos 9U Texas,2,0,0,12,17,1.0,2
1158,Marucci Elite Texas - Holden,2,0,0,14,20,1.0,3
1158,Houston Bandits 9u,1,1,0,17,17,0.5,4
1158,Texans,1,1,0,19,21,0.5,5
1158,Katy Bombers 9U,1,1,0,20,16,0.5,6
1158,Lamar Elite - 9U - Red,0,2,0,18,12,0.0,7
1158,LC Legends,0,2,0,21,14,0.0,8
1158,Texas Elite Lobos - Gold,0,2,0,24,16,0.0,9
1159,SOUTH COAST CREAM X.,2,0,0,12,24,1.0,1
1159,Houston Bandits 9u,1,1,0,14,16,0.5,2
1159,LC Legends,1,1,0,15,16,0.5,3
1159,Banditos 9U Texas,1,1,0,16,18,0.5,4
1159,Lamar Elite - 9U - Red,1,1,0,17,22,0.5,5
1159,Katy Bombers 9U,1,1,0,20,16,0.5,6
1159,Texans,1,1,0,22,19,0.5,7
1159,Marucci Elite Texas - Holden,1,1,0,22,15,0.5,8
1159,Texas Elite Lobos - Gold,0,2,0,24,16,0.0,9
1160,SOUTH COAST CREAM X.,2,0,0,12,24,1.0,1
1160,Banditos 9U Texas,1,0,1,11,15,0.75,2
1160,Lamar Elite - 9U - Red,1,0,1,18,19,0.75,3
1160,Marucci Elite Texas - Holden,0,0,2,14,14,0.5,4
1160,LC Legends,1,1,0,16,18,0.5,5
1160,Katy Bombers 9U,1,1,0,20,16,0.5,6
1160,Houston Bandits 9u,0,1,1,17,16,0.25,7
1160,Texans,0,1,1,21,15,0.25,8
1160,Texas Elite Lobos - Gold,0,2,0,24,16,0.0,9
1161,Banditos 9U Texas,2,0,0,9,15,1.0,1
1161,SOUTH COAST CREAM X.,2,0,0,12,24,1.0,2
1161,Marucci Elite Texas - Holden,2,0,0,17,22,1.0,3
1161,LC Legends,1,1,0,16,13,0.5,4
1161,Katy Bombers 9U,1,1,0,20,16,0.5,5
1161,Lamar Elite - 9U - Red,1,1,0,22,21,0.5,6
1161,Texans,0,2,0,16,13,0.0,7
1161,Houston Bandits 9u,0,2,0,21,17,0.0,8
1161,Texas Elite Lobos - Gold,0,2,0,24,16,0.0,9
1162,SOUTH COAST CREAM X.,2,0,0,12,24,1.0,1
1162,Marucci Elite Texas - Holden,2,0,0,15,20,1.0,2
1162,Banditos 9U Texas,1,1,0,15,17,0.5,3
1162,LC Legends,1,1,0,16,19,0.5,4
1162,Lamar Elite - 9U - Red,1,1,0,19,21,0.5,5
1162,Katy Bombers 9U,1,1,0,20,16,0.5,6
1162,Texans,1,1,0,24,19,0.5,7
1162,Houston Bandits 9u,0,2,0,23,16,0.0,8
1162,Texas Elite Lobos - Gold,0,2,0,24,16,0.0,9
1163,SOUTH COAST CREAM X.,2,0,0,12,24,1.0,1
1163,Texans,2,0,0,19,31,1.0,2
1163,Banditos 9U Texas,1,1,0,18,18,0.5,3
1163,Lamar Elite - 9U - Red,1,1,0,19,25,0.5,4
1163,Katy Bombers 9U,1,1,0,20,16,0.5,5
1163,Houston Bandits 9u,1,1,0,21,20,0.5,6
1163,Marucci Elite Texas - Holden,1,1,0,22,17,0.5,7
1163,Texas Elite Lobos - Gold,0,2,0,24,16,0.0,8
1163,LC Legends,0,2,0,25,13,0.0,9
1164,SOUTH COAST CREAM X.,2,0,0,12,24,1.0,1
1164,Marucci Elite Texas - Holden,2,0,0,16,21,1.0,2
1164,Banditos 9U Texas,1,0,1,17,21,0.75,3
1164,Houston Bandits 9u,1,1,0,17,17,0.5,4
1164,LC Legends,1,1,0,17,16,0.5,5
1164,Katy Bombers 9U,1,1,0,20,16,0.5,6
1164,Texans,0,1,1,25,22,0.25,7
1164,Lamar Elite - 9U - Red,0,2,0,22,17,0.0,8
1164,Texas Elite Lobos - Gold,0,2,0,24,16,0.0,9
1165,SOUTH COAST CREAM X.,2,0,0,12,24,1.0,1
1165,Banditos 9U Texas,2,0,0,13,19,1.0,2
1165,Lamar Elite - 9U - Red,1,0,1,22,29,0.75,3
1165,Houston Bandits 9u,1,0,1,23,25,0.75,4
1165,Texans,1,1,0,20,21,0.5,5
1165,Katy Bombers 9U,1,1,0,20,16,0.5,6
1165,LC Legends,0,2,0,20,13,0.0,7
1165,Texas Elite Lobos - Gold,0,2,0,24,16,0.0,8
1165,Marucci Elite Texas - Holden,0,2,0,30,21,0.0,9
1166,SOUTH COAST CREAM X.,2,0,0,12,24,1.0,1
1166,Lamar Elite - 9U - Red,2,0,0,13,19,1.0,2
1166,Texans,2,0,0,16,24,1.0,3
1166,Marucci Elite Texas - Holden,1,1,0,15,20,0.5,4
1166,Banditos 9U Texas,1,1,0,16,14,0.5,5
1166,Katy Bombers 9U,1,1,0,20,16,0.5,6
1166,LC Legends,0,2,0,20,14,0.0,7
1166,Houston Bandits 9u,0,2,0,22,11,0.0,8
1166,Texas Elite Lobos - Gold,0,2,0,24,16,0.0,9
1167,SOUTH COAST CREAM X.,2,0,0,12,24,1.0,1
1167,Marucci Elite Texas - Holden,2,0,0,16,29,1.0,2
1167,Banditos 9U Texas,1,1,0,13,15,0.5,3
1167,LC Legends,1,1,0,15,13,0.5,4
1167,Texans,1,1,0,16,16,0.5,5
1167,Lamar Elite - 9U - Red,1,1,0,19,17,0.5,6
1167,Katy Bombers 9U,1,1,0,20,16,0.5,7
1167,Texas Elite Lobos - Gold,0,2,0,24,16,0.0,8
1167,Houston Bandits 9u,0,2,0,29,18,0.0,9
1168,SOUTH COAST CREAM X.,2,0,0,12,24,1.0,1
1168,Lamar Elite - 9U - Red,2,0,0,17,22,1.0,2
1168,Texans,1,0,1,19,23,0.75,3
1168,Banditos 9U Texas,1,1,0,15,15,0.5,4
1168,Marucci Elite Texas - Holden,1,1,0,18,23,0.5,5
1168,Katy Bombers 9U,1,1,0,20,16,0.5,6
1168,LC Legends,0,1,1,20,16,0.25,7
1168,Texas Elite Lobos - Gold,0,2,0,24,16,0.0,8
1168,Houston Bandits 9u,0,2,0,26,16,0.0,9
1169,SOUTH COAST CREAM X.,2,0,0,12,24,1.0,1
1169,Lamar Elite - 9U - Red,1,0,1,14,23,0.75,2
1169,Texans,1,0,1,14,21,0.75,3
1169,Banditos 9U Texas,1,1,0,16,13,0.5,4
1169,Marucci Elite Texas - Holden,1,1,0,18,10,0.5,5
1169,Katy Bombers 9U,1,1,0,20,16,0.5,6
1169,LC Legends,0,1,1,17,13,0.25,7
1169,Houston Bandits 9u,0,1,1,18,17,0.25,8
1169,Texas Elite Lobos - Gold,0,2,0,24,16,0.0,9
1170,SOUTH COAST CREAM X.,2,0,0,12,24,1.0,1
1170,Lamar Elite - 9U - Red,1,1,0,15,18,0.5,2
1170,Banditos 9U Texas,1,1,0,16,19,0.5,3
1170,LC Legends,1,1,0,18,15,0.5,4
1170,Houston Bandits 9u,1,1,0,19,19,0.5,5
1170,Marucci Elite Texas - Holden,1,1,0,20,17,0.5,6
1170,Katy Bombers 9U,1,1,0,20,16,0.5,7
1170,Texans,1,1,0,22,22,0.5,8
1170,Texas Elite Lobos - Gold,0,2,0,24,16,0.0,9
1171,SOUTH COAST CREAM X.,2,0,0,12,24,1.0,1
1171,Lamar Elite - 9U - Red,2,0,0,18,23,1.0,2
1171,Banditos 9U Texas,1,1,0,18,21,0.5,3
1171,LC Legends,1,1,0,18,15,0.5,4
1171,Katy Bombers 9U,1,1,0,20,16,0.5,5
1171,Texans,1,1,0,24,24,0.5,6
1171,Marucci Elite Texas - Holden,1,1,0,27,25,0.5,7
1171,Houston Bandits 9u,0,2,0,20,17,0.0,8
1171,Texas Elite Lobos - Gold,0,2,0,24,16,0.0,9
1172,SOUTH COAST CREAM X.,2,0,0,12,24,1.0,1
1172,Banditos 9U Texas,2,0,0,12,22,1.0,2
1172,Marucci Elite Texas - Holden,1,0,1,10,13,0.75,3
1172,Houston Bandits 9u,1,1,0,16,19,0.5,4
1172,LC Legends,1,1,0,16,17,0.5,5
1172,Katy Bombers 9U,1,1,0,20,16,0.5,6
1172,Lamar Elite - 9U - Red,0,1,1,21,15,0.25,7
1172,Texas Elite Lobos - Gold,0,2,0,24,16,0.0,8
1172,Texans,0,2,0,27,16,0.0,9
1173,SOUTH COAST CREAM X.,2,0,0,12,24,1.0,1
1173,Lamar Elite - 9U - Red,2,0,0,18,21,1.0,2
1173,Banditos 9U Texas,1,1,0,12,14,0.5,3
1173,LC Legends,1,1,0,13,16,0.5,4
1173,Houston Bandits 9u,1,1,0,17,17,0.5,5
1173,Texans,1,1,0,18,13,0.5,6
1173,Katy Bombers 9U,1,1,0,20,16,0.5,7
1173,Marucci Elite Texas - Holden,0,2,0,19,16,0.0,8
1173,Texas Elite Lobos - Gold,0,2,0,24,16,0.0,9
1174,SOUTH COAST CREAM X.,2,0,0,12,24,1.0,1
1174,Marucci Elite Texas - Holden,2,0,0,14,24,1.0,2
1174,LC Legends,1,1,0,13,18,0.5,3
1174,Banditos 9U Texas,1,1,0,18,15,0.5,4
1174,Katy Bombers 9U,1,1,0,20,16,0.5,5
1174,Texans,1,1,0,21,19,0.5,6
1174,Lamar Elite - 9U - Red,1,1,0,25,24,0.5,7
1174,Texas Elite Lobos - Gold,0,2,0,24,16,0.0,8
1174,Houston Bandits 9u,0,2,0,24,15,0.0,9
1175,Houston Bandits 9u,2,0,0,10,15,1.0,1
1175,SOUTH COAST CREAM X.,2,0,0,12,24,1.0,2
1175,Banditos 9U Texas,2,0,0,14,22,1.0,3
1175,LC Legends,1,1,0,20,17,0.5,4
1175,Katy Bombers 9U,1,1,0,20,16,0.5,5
1175,Lamar Elite - 9U - Red,0,1,1,15,14,0.25,6
1175,Marucci Elite Texas - Holden,0,1,1,16,12,0.25,7
1175,Texas Elite Lobos - Gold,0,2,0,24,16,0.0,8
1175,Texans,0,2,0,27,22,0.0,9
1176,SOUTH COAST CREAM X.,2,0,0,12,24,1.0,1
1176,Banditos 9U Texas,2,0,0,15,20,1.0,2
1176,Houston Bandits 9u,1,0,1,16,23,0.75,3
1176,Texans,1,1,0,18,19,0.5,4
1176,Marucci Elite Texas - Holden,0,0,2,18,18,0.5,5
1176,Katy Bombers 9U,1,1,0,20,16,0.5,6
1176,Lamar Elite - 9U - Red,0,1,1,21,14,0.25,7
1176,LC Legends,0,2,0,16,10,0.0,8
1176,Texas Elite Lobos - Gold,0,2,0,24,16,0.0,9
1177,SOUTH COAST CREAM X.,2,0,0,12,24,1.0,1
1177,Lamar Elite - 9U - Red,1,0,1,8,16,0.75,2
1177,Houston Bandits 9u,1,0,1,13,15,0.75,3
1177,LC Legends,1,1,0,17,23,0.5,4
1177,Banditos 9U Texas,1,1,0,18,17,0.5,5
1177,Katy Bombers 9U,1,1,0,20,16,0.5,6
1177,Texans,1,1,0,28,23,0.5,7
1177,Marucci Elite Texas - Holden,0,2,0,21,11,0.0,8
1177,Texas Elite Lobos - Gold,0,2,0,24,16,0.0,9
1178,Marucci Elite Texas - Holden,2,0,0,11,24,1.0,1
1178,SOUTH COAST CREAM X.,2,0,0,12,24,1.0,2
1178,Banditos 9U Texas,1,0,1,19,23,0.75,3
1178,LC Legends,1,1,0,18,19,0.5,4
1178,Katy Bombers 9U,1,1,0,20,16,0.5,5
1178,Houston Bandits 9u,0,1,1,24,18,0.25,6
1178,Lamar Elite - 9U - Red,0,1,1,26,19,0.25,7
1178,Texans,0,1,1,30,25,0.25,8
1178,Texas Elite Lobos - Gold,0,2,0,24,16,0.0,9
1179,SOUTH COAST CREAM X.,2,0,0,12,24,1.0,1
1179,Banditos 9U Texas,2,0,0,15,20,1.0,2
1179,LC Legends,1,1,0,12,16,0.5,3
1179,Marucci Elite Texas - Holden,1,1,0,13,15,0.5,4
1179,Houston Bandits 9u,1,1,0,18,19,0.5,5
1179,Lamar Elite - 9U - Red,1,1,0,20,17,0.5,6
1179,Katy Bombers 9U,1,1,0,20,16,0.5,7
1179,Texas Elite Lobos - Gold,0,2,0,24,16,0.0,8
1179,Texans,0,2,0,24,15,0.0,9
1180,SOUTH COAST CREAM X.,2,0,0,12,24,1.0,1
1180,Lamar Elite - 9U - Red,1,0,1,21,25,0.75,2
1180,Banditos 9U Texas,1,1,0,14,17,0.5,3
1180,LC Legends,1,1,0,14,16,0.5,4
1180,Houston Bandits 9u,0,0,2,18,18,0.5,5
1180,Katy Bombers 9U,1,1,0,20,16,0.5,6
1180,Texans,1,1,0,21,16,0.5,7
1180,Marucci Elite Texas - Holden,0,1,1,19,15,0.25,8
1180,Texas Elite Lobos - Gold,0,2,0,24,16,0.0,9
1181,SOUTH COAST CREAM X.,2,0,0,12,24,1.0,1
1181,Marucci Elite Texas - Holden,1,0,1,14,17,0.75,2
1181,Banditos 9U Texas,1,1,0,13,13,0.5,3
1181,LC Legends,1,1,0,17,22,0.5,4
1181,Lamar Elite - 9U - Red,1,1,0,17,20,0.5,5
1181,Katy Bombers 9U,1,1,0,20,16,0.5,6
1181,Texans,1,1,0,23,18,0.5,7
1181,Houston Bandits 9u,0,1,1,24,18,0.25,8
1181,Texas Elite Lobos - Gold,0,2,0,24,16,0.0,9
1182,SOUTH COAST CREAM X.,2,0,0,12,24,1.0,1
1182,Banditos 9U Texas,2,0,0,13,22,1.0,2
1182,Marucci Elite Texas - Holden,2,0,0,14,16,1.0,3
1182,Houston Bandits 9u,1,1,0,14,16,0.5,4
1182,Texans,1,1,0,18,17,0.5,5
1182,Katy Bombers 9U,1,1,0,20,16,0.5,6
1182,LC Legends,0,2,0,16,8,0.0,7
1182,Lamar Elite - 9U - Red,0,2,0,17,13,0.0,8
1182,Texas Elite Lobos - Gold,0,2,0,24,16,0.0,9
1183,Houston Bandits 9u,2,0,0,12,25,1.0,1
1183,SOUTH COAST CREAM X.,2,0,0,12,24,1.0,2
1183,LC Legends,1,1,0,16,16,0.5,3
1183,Banditos 9U Texas,1,1,0,18,17,0.5,4
1183,Marucci Elite Texas - Holden,1,1,0,19,13,0.5,5
1183,Katy Bombers 9U,1,1,0,20,16,0.5,6
1183,Texans,1,1,0,21,22,0.5,7
1183,Lamar Elite - 9U - Red,0,2,0,22,15,0.0,8
1183,Texas Elite Lobos - Gold,0,2,0,24,16,0.0,9
1184,Banditos 9U Texas,2,0,0,11,19,1.0,1
1184,SOUTH COAST CREAM X.,2,0,0,12,24,1.0,2
1184,Marucci Elite Texas - Holden,1,0,1,16,28,0.75,3
1184,LC Legends,1,1,0,17,16,0.5,4
1184,Katy Bombers 9U,1,1,0,20,16,0.5,5
1184,Houston Bandits 9u,1,1,0,34,24,0.5,6
1184,Lamar Elite - 9U - Red,0,1,1,24,22,0.25,7
1184,Texans,0,2,0,23,16,0.0,8
1184,Texas Elite Lobos - Gold,0,2,0,24,16,0.0,9
1185,SOUTH COAST CREAM X.,2,0,0,12,24,1.0,1
1185,Banditos 9U Texas,2,0,0,14,20,1.0,2
1185,Marucci Elite Texas - Holden,2,0,0,15,21,1.0,3
1185,LC Legends,1,1,0,12,9,0.5,4
1185,Lamar Elite - 9U - Red,1,1,0,19,21,0.5,5
1185,Katy Bombers 9U,1,1,0,20,16,0.5,6
1185,Texans,0,2,0,17,14,0.0,7
1185,Houston Bandits 9u,0,2,0,23,15,0.0,8
1185,Texas Elite Lobos - Gold,0,2,0,24,16,0.0,9
1186,SOUTH COAST CREAM X.,2,0,0,12,24,1.0,1
1186,Banditos 9U Texas,1,1,0,14,16,0.5,2
1186,Marucci Elite Texas - Holden,1,1,0,16,23,0.5,3
1186,LC Legends,1,1,0,20,19,0.5,4
1186,Houston Bandits 9u,1,1,0,20,16,0.5,5
1186,Katy Bombers 9U,1,1,0,20,16,0.5,6
1186,Texans,1,1,0,23,22,0.5,7
1186,Lamar Elite - 9U - Red,1,1,0,24,21,0.5,8
1186,Texas Elite Lobos - Gold,0,2,0,24,16,0.0,9
1187,SOUTH COAST CREAM X.,2,0,0,12,24,1.0,1
1187,Houston Bandits 9u,1,1,0,17,21,0.5,2
1187,Banditos 9U Texas,1,1,0,18,17,0.5,3
1187,LC Legends,1,1,0,19,18,0.5,4
1187,Marucci Elite Texas - Holden,1,1,0,19,14,0.5,5
1187,Lamar Elite - 9U - Red,1,1,0,20,21,0.5,6
1187,Katy Bombers 9U,1,1,0,20,16,0.5,7
1187,Texans,1,1,0,23,25,0.5,8
1187,Texas Elite Lobos - Gold,0,2,0,24,16,0.0,9
1188,Banditos 9U Texas,2,0,0,10,16,1.0,1
1188,SOUTH COAST CREAM X.,2,0,0,12,24,1.0,2
1188,Houston Bandits 9u,1,0,1,17,19,0.75,3
1188,LC Legends,1,1,0,13,14,0.5,4
1188,Marucci Elite Texas - Holden,1,1,0,16,16,0.5,5
1188,Katy Bombers 9U,1,1,0,20,16,0.5,6
1188,Lamar Elite - 9U - Red,0,1,1,19,17,0.25,7
1188,Texans,0,2,0,18,11,0.0,8
1188,Texas Elite Lobos - Gold,0,2,0,24,16,0.0,9
1189,Banditos 9U Texas,2,0,0,10,23,1.0,1
1189,SOUTH COAST CREAM X.,2,0,0,12,24,1.0,2
1189,Marucci Elite Texas - Holden,2,0,0,17,23,1.0,3
1189,LC Legends,1,1,0,16,16,0.5,4
1189,Lamar Elite - 9U - Red,1,1,0,17,18,0.5,5
1189,Katy Bombers 9U,1,1,0,20,16,0.5,6
1189,Houston Bandits 9u,0,2,0,24,17,0.0,7
1189,Texas Elite Lobos - Gold,0,2,0,24,16,0.0,8
1189,Texans,0,2,0,27,14,0.0,9
1190,SOUTH COAST CREAM X.,2,0,0,12,24,1.0,1
1190,Lamar Elite - 9U - Red,2,0,0,18,28,1.0,2
1190,LC Legends,1,1,0,12,12,0.5,3
1190,Banditos 9U Texas,1,1,0,18,19,0.5,4
1190,Texans,1,1,0,19,18,0.5,5
1190,Katy Bombers 9U,1,1,0,20,16,0.5,6
1190,Marucci Elite Texas - Holden,1,1,0,22,19,0.5,7
1190,Houston Bandits 9u,0,2,0,24,17,0.0,8
1190,Texas Elite Lobos - Gold,0,2,0,24,16,0.0,9
1191,Banditos 9U Texas,2,0,0,10,19,1.0,1
1191,SOUTH COAST CREAM X.,2,0,0,12,24,1.0,2
1191,Lamar Elite - 9U - Red,2,0,0,22,26,1.0,3
1191,Katy Bombers 9U,1,1,0,20,16,0.5,4
1191,Houston Bandits 9u,1,1,0,24,25,0.5,5
1191,LC Legends,0,1,1,15,11,0.25,6
1191,Texans,0,1,1,18,13,0.25,7
1191,Marucci Elite Texas - Holden,0,2,0,22,17,0.0,8
1191,Texas Elite Lobos - Gold,0,2,0,24,16,0.0,9
1192,SOUTH COAST CREAM X.,2,0,0,12,24,1.0,1
1192,Texans,2,0,0,13,22,1.0,2
1192,Lamar Elite - 9U - Red,1,0,1,13,15,0.75,3
1192,Houston Bandits 9u,1,1,0,17,23,0.5,4
1192,Banditos 9U Texas,1,1,0,17,14,0.5,5
1192,Katy Bombers 9U,1,1,0,20,16,0.5,6
1192,Marucci Elite Texas - Holden,0,1,1,20,12,0.25,7
1192,LC Legends,0,2,0,17,11,0.0,8
1192,Texas Elite Lobos - Gold,0,2,0,24,16,0.0,9
1193,Lamar Elite - 9U - Red,2,0,0,8,16,1.0,1
1193,SOUTH COAST CREAM X.,2,0,0,12,24,1.0,2
1193,Houston Bandits 9u,1,1,0,12,14,0.5,3
1193,LC Legends,1,1,0,13,17,0.5,4
1193,Texans,1,1,0,19,25,0.5,5
1193,Katy Bombers 9U,1,1,0,20,16,0.5,6
1193,Banditos 9U Texas,1,1,0,24,14,0.5,7
1193,Marucci Elite Texas - Holden,0,2,0,16,6,0.0,8
1193,Texas Elite Lobos - Gold,0,2,0,24,16,0.0,9
1194,SOUTH COAST CREAM X.,2,0,0,12,24,1.0,1
1194,Banditos 9U Texas,2,0,0,12,18,1.0,2
1194,Houston Bandits 9u,2,0,0,20,24,1.0,3
1194,LC Legends,1,1,0,13,16,0.5,4
1194,Marucci Elite Texas - Holden,1,1,0,20,20,0.5,5
1194,Katy Bombers 9U,1,1,0,20,16,0.5,6
1194,Lamar Elite - 9U - Red,0,2,0,21,17,0.0,7
1194,Texans,0,2,0,22,13,0.0,8
1194,Texas Elite Lobos - Gold,0,2,0,24,16,0.0,9
1195,SOUTH COAST CREAM X.,2,0,0,12,24,1.0,1
1195,Banditos 9U Texas,2,0,0,13,18,1.0,2
1195,Houston Bandits 9u,2,0,0,22,24,1.0,3
1195,Marucci Elite Texas - Holden,1,1,0,16,24,0.5,4
1195,Katy Bombers 9U,1,1,0,20,16,0.5,5
1195,LC Legends,0,1,1,12,8,0.25,6
1195,Texans,0,1,1,14,13,0.25,7
1195,Texas Elite Lobos - Gold,0,2,0,24,16,0.0,8
1195,Lamar Elite - 9U - Red,0,2,0,29,19,0.0,9
1196,SOUTH COAST CREAM X.,2,0,0,12,24,1.0,1
1196,Marucci Elite Texas - Holden,2,0,0,13,21,1.0,2
1196,Banditos 9U Texas,1,1,0,15,14,0.5,3
1196,LC Legends,1,1,0,17,16,0.5,4
1196,Houston Bandits 9u,1,1,0,18,24,0.5,5
1196,Texans,1,1,0,18,20,0.5,6
1196,Katy Bombers 9U,1,1,0,20,16,0.5,7
1196,Lamar Elite - 9U - Red,0,2,0,23,9,0.0,8
1196,Texas Elite Lobos - Gold,0,2,0,24,16,0.0,9
1197,Banditos 9U Texas,2,0,0,10,17,1.0,1
1197,SOUTH COAST CREAM X.,2,0,0,12,24,1.0,2
1197,Houston Bandits 9u,2,0,0,14,21,1.0,3
1197,LC Legends,1,1,0,15,14,0.5,4
1197,Katy Bombers 9U,1,1,0,20,16,0.5,5
1197,Marucci Elite Texas - Holden,0,1,1,16,13,0.25,6
1197,Lamar Elite - 9U - Red,0,1,1,19,15,0.25,7
1197,Texans,0,2,0,19,13,0.0,8
1197,Texas Elite Lobos - Gold,0,2,0,24,16,0.0,9
1198,SOUTH COAST CREAM X.,2,0,0,12,24,1.0,1
1198,LC Legends,1,1,0,14,14,0.5,2
1198,Banditos 9U Texas,1,1,0,16,18,0.5,3
1198,Marucci Elite Texas - Holden,1,1,0,19,26,0.5,4
1198,Houston Bandits 9u,1,1,0,20,19,0.5,5
1198,Texans,1,1,0,20,18,0.5,6
1198,Katy Bombers 9U,1,1,0,20,16,0.5,7
1198,Lamar Elite - 9U - Red,1,1,0,25,19,0.5,8
1198,Texas Elite Lobos - Gold,0,2,0,24,16,0.0,9
1199,Banditos 9U Texas,2,0,0,10,17,1.0,1
1199,SOUTH COAST CREAM X.,2,0,0,12,24,1.0,2
1199,Houston Bandits 9u,2,0,0,16,21,1.0,3
1199,LC Legends,1,1,0,15,12,0.5,4
1199,Marucci Elite Texas - Holden,1,1,0,17,19,0.5,5
1199,Katy Bombers 9U,1,1,0,20,16,0.5,6
1199,Texans,0,2,0,17,13,0.0,7
1199,Lamar Elite - 9U - Red,0,2,0,23,16,0.0,8
1199,Texas Elite Lobos - Gold,0,2,0,24,16,0.0,9
1200,SOUTH COAST CREAM X.,2,0,0,12,24,1.0,1
1200,Marucci Elite Texas - Holden,2,0,0,20,29,1.0,2
1200,Banditos 9U Texas,1,1,0,16,17,0.5,3
1200,LC Legends,1,1,0,17,16,0.5,4
1200,Katy Bombers 9U,1,1,0,20,16,0.5,5
1200,Texans,1,1,0,21,21,0.5,6
1200,Lamar Elite - 9U - Red,0,1,1,20,16,0.25,7
1200,Houston Bandits 9u,0,1,1,21,16,0.25,8
1200,Texas Elite Lobos - Gold,0,2,0,24,16,0.0,9
1201,SOUTH COAST CREAM X.,2,0,0,12,24,1.0,1
1201,Texans,2,0,0,16,28,1.0,2
1201,Banditos 9U Texas,1,1,0,14,16,0.5,3
1201,Katy Bombers 9U,1,1,0,20,16,0.5,4
1201,Houston Bandits 9u,1,1,0,22,24,0.5,5
1201,Lamar Elite - 9U - Red,1,1,0,23,25,0.5,6
1201,Marucci Elite Texas - Holden,1,1,0,24,20,0.5,7
1201,Texas Elite Lobos - Gold,0,2,0,24,16,0.0,8
1201,LC Legends,0,2,0,26,12,0.0,9
1202,Banditos 9U Texas,2,0,0,11,16,1.0,1
1202,SOUTH COAST CREAM X.,2,0,0,12,24,1.0,2
1202,Marucci Elite Texas - Holden,1,1,0,19,28,0.5,3
1202,Lamar Elite - 9U - Red,1,1,0,19,21,0.5,4
1202,Texans,1,1,0,20,20,0.5,5
1202,Katy Bombers 9U,1,1,0,20,16,0.5,6
1202,Houston Bandits 9u,1,1,0,26,15,0.5,7
1202,LC Legends,0,2,0,21,16,0.0,8
1202,Texas Elite Lobos - Gold,0,2,0,24,16,0.0,9
1203,SOUTH COAST CREAM X.,2,0,0,12,24,1.0,1
1203,Texans,2,0,0,14,27,1.0,2
1203,Houston Bandits 9u,2,0,0,22,32,1.0,3
1203,Katy Bombers 9U,1,1,0,20,16,0.5,4
1203,Banditos 9U Texas,1,1,0,20,14,0.5,5
1203,Marucci Elite Texas - Holden,1,1,0,25,28,0.5,6
1203,LC Legends,0,2,0,19,12,0.0,7
1203,Texas Elite Lobos - Gold,0,2,0,24,16,0.0,8
1203,Lamar Elite - 9U - Red,0,2,0,29,16,0.0,9
1204,SOUTH COAST CREAM X.,2,0,0,12,24,1.0,1
1204,Texans,1,0,1,17,19,0.75,2
1204,Banditos 9U Texas,1,1,0,13,15,0.5,3
1204,Lamar Elite - 9U - Red,1,1,0,17,18,0.5,4
1204,Katy Bombers 9U,1,1,0,20,16,0.5,5
1204,Houston Bandits 9u,1,1,0,21,21,0.5,6
1204,Marucci Elite Texas - Holden,1,1,0,24,23,0.5,7
1204,LC Legends,0,1,1,18,14,0.25,8
1204,Texas Elite Lobos - Gold,0,2,0,24,16,0.0,9
1205,SOUTH COAST CREAM X.,2,0,0,12,24,1.0,1
1205,Lamar Elite - 9U - Red,2,0,0,19,25,1.0,2
1205,Banditos 9U Texas,1,0,1,13,17,0.75,3
1205,LC Legends,1,1,0,18,15,0.5,4
1205,Marucci Elite Texas - Holden,1,1,0,20,19,0.5,5
1205,Katy Bombers 9U,1,1,0,20,16,0.5,6
1205,Texans,0,1,1,20,19,0.25,7
1205,Texas Elite Lobos - Gold,0,2,0,24,16,0.0,8
1205,Houston Bandits 9u,0,2,0,25,20,0.0,9
1206,SOUTH COAST CREAM X.,2,0,0,12,24,1.0,1
1206,Lamar Elite - 9U - Red,2,0,0,15,30,1.0,2
1206,Banditos 9U Texas,1,1,0,17,20,0.5,3
1206,LC Legends,1,1,0,19,16,0.5,4
1206,Katy Bombers 9U,1,1,0,20,16,0.5,5
1206,Texans,1,1,0,24,24,0.5,6
1206,Houston Bandits 9u,1,1,0,25,21,0.5,7
1206,Texas Elite Lobos - Gold,0,2,0,24,16,0.0,8
1206,Marucci Elite Texas - Holden,0,2,0,26,15,0.0,9
1207,SOUTH COAST CREAM X.,2,0,0,12,24,1.0,1
1207,Banditos 9U Texas,2,0,0,14,20,1.0,2
1207,Houston Bandits 9u,2,0,0,17,24,1.0,3
1207,LC Legends,1,1,0,18,16,0.5,4
1207,Marucci Elite Texas - Holden,1,1,0,19,19,0.5,5
1207,Katy Bombers 9U,1,1,0,20,16,0.5,6
1207,Lamar Elite - 9U - Red,0,2,0,19,12,0.0,7
1207,Texans,0,2,0,24,20,0.0,8
1207,Texas Elite Lobos - Gold,0,2,0,24,16,0.0,9
1208,SOUTH COAST CREAM X.,2,0,0,12,24,1.0,1
1208,Texans,2,0,0,15,26,1.0,2
1208,Banditos 9U Texas,1,1,0,14,17,0.5,3
1208,Lamar Elite - 9U - Red,1,1,0,17,13,0.5,4
1208,Houston Bandits 9u,1,1,0,18,21,0.5,5
1208,Marucci Elite Texas - Holden,1,1,0,19,20,0.5,6
1208,Katy Bombers 9U,1,1,0,20,16,0.5,7
1208,Texas Elite Lobos - Gold,0,2,0,24,16,0.0,8
1208,LC Legends,0,2,0,24,10,0.0,9
1209,Texans,2,0,0,10,23,1.0,1
1209,SOUTH COAST CREAM X.,2,0,0,12,24,1.0,2
1209,Marucci Elite Texas - Holden,2,0,0,18,22,1.0,3
1209,Banditos 9U Texas,1,1,0,14,13,0.5,4
1209,Katy Bombers 9U,1,1,0,20,16,0.5,5
1209,Houston Bandits 9u,1,1,0,28,29,0.5,6
1209,LC Legends,0,2,0,21,9,0.0,7
1209,Texas Elite Lobos - Gold,0,2,0,24,16,0.0,8
1209,Lamar Elite - 9U - Red,0,2,0,27,22,0.0,9
1210,Lamar Elite - 9U - Red,2,0,0,9,18,1.0,1
1210,SOUTH COAST CREAM X.,2,0,0,12,24,1.0,2
1210,Banditos 9U Texas,1,1,0,14,14,0.5,3
1210,LC Legends,1,1,0,15,15,0.5,4
1210,Marucci Elite Texas - Holden,1,1,0,16,19,0.5,5
1210,Texans,1,1,0,17,17,0.5,6
1210,Katy Bombers 9U,1,1,0,20,16,0.5,7
1210,Houston Bandits 9u,0,2,0,21,9,0.0,8
1210,Texas Elite Lobos - Gold,0,2,0,24,16,0.0,9
1211,Banditos 9U Texas,2,0,0,10,18,1.0,1
1211,SOUTH COAST CREAM X.,2,0,0,12,24,1.0,2
1211,Houston Bandits 9u,2,0,0,14,24,1.0,3
1211,LC Legends,1,1,0,14,16,0.5,4
1211,Marucci Elite Texas - Holden,1,1,0,17,23,0.5,5
1211,Katy Bombers 9U,1,1,0,20,16,0.5,6
1211,Texans,0,2,0,22,12,0.0,7
1211,Texas Elite Lobos - Gold,0,2,0,24,16,0.0,8
1211,Lamar Elite - 9U - Red,0,2,0,25,9,0.0,9
1212,SOUTH COAST CREAM X.,2,0,0,12,24,1.0,1
1212,Houston Bandits 9u,2,0,0,16,18,1.0,2
1212,Lamar Elite - 9U - Red,1,1,0,14,19,0.5,3
1212,Banditos 9U Texas,1,1,0,14,16,0.5,4
1212,LC Legends,1,1,0,16,14,0.5,5
1212,Texans,1,1,0,18,18,0.5,6
1212,Katy Bombers 9U,1,1,0,20,16,0.5,7
1212,Marucci Elite Texas - Holden,0,2,0,18,11,0.0,8
1212,Texas Elite Lobos - Gold,0,2,0,24,16,0.0,9
1213,SOUTH COAST CREAM X.,2,0,0,12,24,1.0,1
1213,Houston Bandits 9u,1,0,1,15,24,0.75,2
1213,Texans,1,0,1,15,16,0.75,3
1213,Banditos 9U Texas,1,1,0,13,16,0.5,4
1213,Katy Bombers 9U,1,1,0,20,16,0.5,5
1213,Lamar Elite - 9U - Red,1,1,0,23,15,0.5,6
1213,LC Legends,0,1,1,15,11,0.25,7
1213,Marucci Elite Texas - Holden,0,1,1,18,17,0.25,8
1213,Texas Elite Lobos - Gold,0,2,0,24,16,0.0,9
1214,SOUTH COAST CREAM X.,2,0,0,12,24,1.0,1
1214,Lamar Elite - 9U - Red,2,0,0,14,19,1.0,2
1214,Marucci Elite Texas - Holden,1,1,0,13,15,0.5,3
1214,LC Legends,1,1,0,16,15,0.5,4
1214,Banditos 9U Texas,1,1,0,18,18,0.5,5
1214,Katy Bombers 9U,1,1,0,20,16,0.5,6
1214,Texans,1,1,0,21,22,0.5,7
1214,Houston Bandits 9u,0,2,0,17,10,0.0,8
1214,Texas Elite Lobos - Gold,0,2,0,24,16,0.0,9
1215,SOUTH COAST CREAM X.,2,0,0,12,24,1.0,1
1215,Houston Bandits 9u,2,0,0,14,19,1.0,2
1215,LC Legends,1,1,0,15,16,0.5,3
1215,Banditos 9U Texas,1,1,0,19,17,0.5,4
1215,Katy Bombers 9U,1,1,0,20,16,0.5,5
1215,Texans,1,1,0,21,22,0.5,6
1215,Lamar Elite - 9U - Red,1,1,0,21,22,0.5,7
1215,Marucci Elite Texas - Holden,0,2,0,20,14,0.0,8
1215,Texas Elite Lobos - Gold,0,2,0,24,16,0.0,9
1216,SOUTH COAST CREAM X.,2,0,0,12,24,1.0,1
1216,Texans,2,0,0,16,24,1.0,2
1216,Marucci Elite Texas - Holden,1,0,1,18,24,0.75,3
1216,Banditos 9U Texas,1,1,0,17,18,0.5,4
1216,Katy Bombers 9U,1,1,0,20,16,0.5,5
1216,Houston Bandits 9u,1,1,0,24,19,0.5,6
1216,Lamar Elite - 9U - Red,0,1,1,23,22,0.25,7
1216,LC Legends,0,2,0,19,10,0.0,8
1216,Texas Elite Lobos - Gold,0,2,0,24,16,0.0,9
1217,SOUTH COAST CREAM X.,2,0,0,12,24,1.0,1
1217,Banditos 9U Texas,2,0,0,14,21,1.0,2
1217,Marucci Elite Texas - Holden,1,0,1,22,24,0.75,3
1217,LC Legends,1,1,0,12,11,0.5,4
1217,Lamar Elite - 9U - Red,0,0,2,16,16,0.5,5
1217,Katy Bombers 9U,1,1,0,20,16,0.5,6
1217,Houston Bandits 9u,0,1,1,22,20,0.25,7
1217,Texans,0,2,0,20,14,0.0,8
1217,Texas Elite Lobos - Gold,0,2,0,24,16,0.0,9
1218,Banditos 9U Texas,2,0,0,9,16,1.0,1
1218,Houston Bandits 9u,2,0,0,12,24,1.0,2
1218,SOUTH COAST CREAM X.,2,0,0,12,24,1.0,3
1218,Marucci Elite Texas - Holden,1,1,0,16,17,0.5,4
1218,LC Legends,1,1,0,17,17,0.5,5
1218,Katy Bombers 9U,1,1,0,20,16,0.5,6
1218,Texans,0,2,0,21,14,0.0,7
1218,Texas Elite Lobos - Gold,0,2,0,24,16,0.0,8
1218,Lamar Elite - 9U - Red,0,2,0,26,13,0.0,9
1219,SOUTH COAST CREAM X.,2,0,0,12,24,1.0,1
1219,Lamar Elite - 9U - Red,2,0,0,15,22,1.0,2
1219,LC Legends,1,1,0,15,20,0.5,3
1219,Banditos 9U Texas,1,1,0,16,15,0.5,4
1219,Katy Bombers 9U,1,1,0,20,16,0.5,5
1219,Marucci Elite Texas - Holden,1,1,0,21,20,0.5,6
1219,Texans,1,1,0,23,19,0.5,7
1219,Houston Bandits 9u,0,2,0,21,15,0.0,8
1219,Texas Elite Lobos - Gold,0,2,0,24,16,0.0,9
1220,SOUTH COAST CREAM X.,2,0,0,12,24,1.0,1
1220,Texans,2,0,0,18,24,1.0,2
1220,Marucci Elite Texas - Holden,2,0,0,19,27,1.0,3
1220,Banditos 9U Texas,1,1,0,16,16,0.5,4
1220,Katy Bombers 9U,1,1,0,20,16,0.5,5
1220,Houston Bandits 9u,1,1,0,23,24,0.5,6
1220,LC Legends,0,2,0,20,14,0.0,7
1220,Texas Elite Lobos - Gold,0,2,0,24,16,0.0,8
1220,Lamar Elite - 9U - Red,0,2,0,26,17,0.0,9
1221,SOUTH COAST CREAM X.,2,0,0,12,24,1.0,1
1221,Houston Bandits 9u,2,0,0,14,19,1.0,2
1221,Banditos 9U Texas,1,1,0,12,15,0.5,3
1221,Lamar Elite - 9U - Red,1,1,0,13,17,0.5,4
1221,LC Legends,1,1,0,16,15,0.5,5
1221,Texans,1,1,0,18,16,0.5,6
1221,Katy Bombers 9U,1,1,0,20,16,0.5,7
1221,Marucci Elite Texas - Holden,0,2,0,21,12,0.0,8
1221,Texas Elite Lobos - Gold,0,2,0,24,16,0.0,9
1222,SOUTH COAST CREAM X.,2,0,0,12,24,1.0,1
1222,Houston Bandits 9u,2,0,0,18,27,1.0,2
1222,Banditos 9U Texas,1,0,1,14,18,0.75,3
1222,Texans,1,0,1,19,23,0.75,4
1222,Katy Bombers 9U,1,1,0,20,16,0.5,5
1222,Lamar Elite - 9U - Red,0,1,1,21,18,0.25,6
1222,Marucci Elite Texas - Holden,0,1,1,22,16,0.25,7
1222,LC Legends,0,2,0,21,13,0.0,8
1222,Texas Elite Lobos - Gold,0,2,0,24,16,0.0,9
1223,SOUTH COAST CREAM X.,2,0,0,12,24,1.0,1
1223,Texans,2,0,0,13,18,1.0,2
1223,Houston Bandits 9u,1,0,1,19,23,0.75,3
1223,Banditos 9U Texas,1,1,0,14,14,0.5,4
1223,Marucci Elite Texas - Holden,0,0,2,20,20,0.5,5
1223,Katy Bombers 9U,1,1,0,20,16,0.5,6
1223,Lamar Elite - 9U - Red,0,1,1,17,13,0.25,7
1223,LC Legends,0,2,0,16,11,0.0,8
1223,Texas Elite Lobos - Gold,0,2,0,24,16,0.0,9
1224,SOUTH COAST CREAM X.,2,0,0,12,24,1.0,1
1224,Marucci Elite Texas - Holden,2,0,0,18,20,1.0,2
1224,Banditos 9U Texas,1,1,0,15,17,0.5,3
1224,LC Legends,1,1,0,16,17,0.5,4
1224,Houston Bandits 9u,1,1,0,17,18,0.5,5
1224,Katy Bombers 9U,1,1,0,20,16,0.5,6
1224,Texans,1,1,0,22,19,0.5,7
1224,Lamar Elite - 9U - Red,0,2,0,19,16,0.0,8
1224,Texas Elite Lobos - Gold,0,2,0,24,16,0.0,9
1225,SOUTH COAST CREAM X.,2,0,0,12,24,1.0,1
1225,Marucci Elite Texas - Holden,1,0,1,15,17,0.75,2
1225,Lamar Elite - 9U - Red,1,0,1,18,22,0.75,3
1225,Banditos 9U Texas,1,1,0,12,13,0.5,4
1225,Texans,1,1,0,18,18,0.5,5
1225,LC Legends,1,1,0,18,17,0.5,6
1225,Katy Bombers 9U,1,1,0,20,16,0.5,7
1225,Houston Bandits 9u,0,2,0,19,13,0.0,8
1225,Texas Elite Lobos - Gold,0,2,0,24,16,0.0,9
1226,Marucci Elite Texas - Holden,2,0,0,11,22,1.0,1
1226,SOUTH COAST CREAM X.,2,0,0,12,24,1.0,2
1226,Texans,2,0,0,15,17,1.0,3
1226,Lamar Elite - 9U - Red,1,1,0,13,14,0.5,4
1226,Banditos 9U Texas,1,1,0,14,17,0.5,5
1226,Katy Bombers 9U,1,1,0,20,16,0.5,6
1226,LC Legends,0,2,0,15,10,0.0,7
1226,Houston Bandits 9u,0,2,0,20,8,0.0,8
1226,Texas Elite Lobos - Gold,0,2,0,24,16,0.0,9
1227,SOUTH COAST CREAM X.,2,0,0,12,24,1.0,1
1227,Houston Bandits 9u,2,0,0,13,20,1.0,2
1227,Texans,2,0,0,18,22,1.0,3
1227,Marucci Elite Texas - Holden,1,1,0,15,18,0.5,4
1227,Banditos 9U Texas,1,1,0,18,19,0.5,5
1227,Katy Bombers 9U,1,1,0,20,16,0.5,6
1227,LC Legends,0,2,0,16,11,0.0,7
1227,Lamar Elite - 9U - Red,0,2,0,23,13,0.0,8
1227,Texas Elite Lobos - Gold,0,2,0,24,16,0.0,9
1228,Banditos 9U Texas,2,0,0,9,18,1.0,1
1228,SOUTH COAST CREAM X.,2,0,0,12,24,1.0,2
1228,Marucci Elite Texas - Holden,1,1,0,18,32,0.5,3
1228,Katy Bombers 9U,1,1,0,20,16,0.5,4
1228,Lamar Elite - 9U - Red,1,1,0,28,18,0.5,5
1228,Houston Bandits 9u,1,1,0,29,25,0.5,6
1228,LC Legends,0,1,1,14,10,0.25,7
1228,Texans,0,1,1,16,11,0.25,8
1228,Texas Elite Lobos - Gold,0,2,0,24,16,0.0,9
1229,SOUTH COAST CREAM X.,2,0,0,12,24,1.0,1
1229,Texans,2,0,0,17,21,1.0,2
1229,Banditos 9U Texas,1,1,0,15,18,0.5,3
1229,Marucci Elite Texas - Holden,1,1,0,16,17,0.5,4
1229,Houston Bandits 9u,1,1,0,16,13,0.5,5
1229,Lamar Elite - 9U - Red,1,1,0,17,19,0.5,6
1229,Katy Bombers 9U,1,1,0,20,16,0.5,7
1229,LC Legends,0,2,0,18,11,0.0,8
1229,Texas Elite Lobos - Gold,0,2,0,24,16,0.0,9
1230,SOUTH COAST CREAM X.,2,0,0,12,24,1.0,1
1230,Texans,2,0,0,17,22,1.0,2
1230,Banditos 9U Texas,1,1,0,16,18,0.5,3
1230,Katy Bombers 9U,1,1,0,20,16,0.5,4
1230,Lamar Elite - 9U - Red,1,1,0,22,27,0.5,5
1230,Marucci Elite Texas - Holden,1,1,0,26,21,0.5,6
1230,Houston Bandits 9u,1,1,0,28,28,0.5,7
1230,LC Legends,0,2,0,18,11,0.0,8
1230,Texas Elite Lobos - Gold,0,2,0,24,16,0.0,9
1231,SOUTH COAST CREAM X.,2,0,0,12,24,1.0,1
1231,Lamar Elite - 9U - Red,2,0,0,13,19,1.0,2
1231,Banditos 9U Texas,2,0,0,14,20,1.0,3
1231,Houston Bandits 9u,1,1,0,12,25,0.5,4
1231,Texans,1,1,0,19,18,0.5,5
1231,Katy Bombers 9U,1,1,0,20,16,0.5,6
1231,LC Legends,0,2,0,16,11,0.0,7
1231,Texas Elite Lobos - Gold,0,2,0,24,16,0.0,8
1231,Marucci Elite Texas - Holden,0,2,0,26,7,0.0,9
1232,Houston Bandits 9u,2,0,0,12,24,1.0,1
1232,SOUTH COAST CREAM X.,2,0,0,12,24,1.0,2
1232,Texans,1,0,1,20,25,0.75,3
1232,Lamar Elite - 9U - Red,1,1,0,13,16,0.5,4
1232,Banditos 9U Texas,1,1,0,19,18,0.5,5
1232,Katy Bombers 9U,1,1,0,20,16,0.5,6
1232,LC Legends,0,1,1,18,14,0.25,7
1232,Texas Elite Lobos - Gold,0,2,0,24,16,0.0,8
1232,Marucci Elite Texas - Holden,0,2,0,25,10,0.0,9
1233,SOUTH COAST CREAM X.,2,0,0,12,24,1.0,1
1233,Lamar Elite - 9U - Red,2,0,0,18,24,1.0,2
1233,Banditos 9U Texas,1,1,0,16,16,0.5,3
1233,Katy Bombers 9U,1,1,0,20,16,0.5,4
1233,Houston Bandits 9u,1,1,0,21,21,0.5,5
1233,LC Legends,1,1,0,22,23,0.5,6
1233,Texans,1,1,0,27,26,0.5,7
1233,Texas Elite Lobos - Gold,0,2,0,24,16,0.0,8
1233,Marucci Elite Texas - Holden,0,2,0,25,19,0.0,9
1234,Banditos 9U Texas,2,0,0,10,21,1.0,1
1234,SOUTH COAST CREAM X.,2,0,0,12,24,1.0,2
1234,Houston Bandits 9u,1,1,0,18,19,0.5,3
1234,Marucci Elite Texas - Holden,1,1,0,19,19,0.5,4
1234,Katy Bombers 9U,1,1,0,20,16,0.5,5
1234,Lamar Elite - 9U - Red,1,1,0,22,21,0.5,6
1234,Texans,1,1,0,23,17,0.5,7
1234,LC Legends,0,2,0,19,14,0.0,8
1234,Texas Elite Lobos - Gold,0,2,0,24,16,0.0,9
1235,SOUTH COAST CREAM X.,2,0,0,12,24,1.0,1
1235,Lamar Elite - 9U - Red,1,1,0,12,21,0.5,2
1235,LC Legends,1,1,0,15,15,0.5,3
1235,Houston Bandits 9u,1,1,0,18,12,0.5,4
1235,Marucci Elite Texas - Holden,1,1,0,20,17,0.5,5
1235,Katy Bombers 9U,1,1,0,20,16,0.5,6
1235,Texans,1,1,0,22,25,0.5,7
1235,Banditos 9U Texas,1,1,0,22,19,0.5,8
1235,Texas Elite Lobos - Gold,0,2,0,24,16,0.0,9
1236,SOUTH COAST CREAM X.,2,0,0,12,24,1.0,1
1236,Houston Bandits 9u,2,0,0,15,22,1.0,2
1236,Marucci Elite Texas - Holden,1,1,0,12,19,0.5,3
1236,LC Legends,1,1,0,18,16,0.5,4
1236,Banditos 9U Texas,1,1,0,19,18,0.5,5
1236,Katy Bombers 9U,1,1,0,20,16,0.5,6
1236,Texans,1,1,0,22,25,0.5,7
1236,Texas Elite Lobos - Gold,0,2,0,24,16,0.0,8
1236,Lamar Elite - 9U - Red,0,2,0,24,10,0.0,9
1237,Banditos 9U Texas,2,0,0,6,20,1.0,1
1237,SOUTH COAST CREAM X.,2,0,0,12,24,1.0,2
1237,Houston Bandits 9u,2,0,0,16,26,1.0,3
1237,LC Legends,1,1,0,16,18,0.5,4
1237,Katy Bombers 9U,1,1,0,20,16,0.5,5
1237,Lamar Elite - 9U - Red,1,1,0,25,24,0.5,6
1237,Texas Elite Lobos - Gold,0,2,0,24,16,0.0,7
1237,Marucci Elite Texas - Holden,0,2,0,26,17,0.0,8
1237,Texans,0,2,0,26,10,0.0,9
1238,Banditos 9U Texas,2,0,0,5,16,1.0,1
1238,SOUTH COAST CREAM X.,2,0,0,12,24,1.0,2
1238,Marucci Elite Texas - Holden,2,0,0,15,27,1.0,3
1238,LC Legends,1,1,0,13,18,0.5,4
1238,Houston Bandits 9u,1,1,0,20,22,0.5,5
1238,Katy Bombers 9U,1,1,0,20,16,0.5,6
1238,Texans,0,2,0,22,6,0.0,7
1238,Texas Elite Lobos - Gold,0,2,0,24,16,0.0,8
1238,Lamar Elite - 9U - Red,0,2,0,32,18,0.0,9
1239,Banditos 9U Texas,2,0,0,10,20,1.0,1
1239,SOUTH COAST CREAM X.,2,0,0,12,24,1.0,2
1239,Houston Bandits 9u,1,0,1,16,23,0.75,3
1239,LC Legends,1,1,0,15,15,0.5,4
1239,Marucci Elite Texas - Holden,1,1,0,19,16,0.5,5
1239,Katy Bombers 9U,1,1,0,20,16,0.5,6
1239,Lamar Elite - 9U - Red,0,1,1,22,18,0.25,7
1239,Texans,0,2,0,23,13,0.0,8
1239,Texas Elite Lobos - Gold,0,2,0,24,16,0.0,9
1240,SOUTH COAST CREAM X.,2,0,0,12,24,1.0,1
1240,Banditos 9U Texas,1,1,0,12,14,0.5,2
1240,Marucci Elite Texas - Holden,1,1,0,12,12,0.5,3
1240,Houston Bandits 9u,1,1,0,13,13,0.5,4
1240,LC Legends,1,1,0,17,20,0.5,5
1240,Lamar Elite - 9U - Red,1,1,0,18,18,0.5,6
1240,Katy Bombers 9U,1,1,0,20,16,0.5,7
1240,Texans,1,1,0,22,17,0.5,8
1240,Texas Elite Lobos - Gold,0,2,0,24,16,0.0,9
1241,SOUTH COAST CREAM X.,2,0,0,12,24,1.0,1
1241,Houston Bandits 9u,2,0,0,17,23,1.0,2
1241,Banditos 9U Texas,1,0,1,12,16,0.75,3
1241,LC Legends,1,1,0,14,12,0.5,4
1241,Lamar Elite - 9U - Red,1,1,0,17,19,0.5,5
1241,Katy Bombers 9U,1,1,0,20,16,0.5,6
1241,Texans,0,1,1,16,14,0.25,7
1241,Texas Elite Lobos - Gold,0,2,0,24,16,0.0,8
1241,Marucci Elite Texas - Holden,0,2,0,26,18,0.0,9
1242,SOUTH COAST CREAM X.,2,0,0,12,24,1.0,1
1242,Lamar Elite - 9U - Red,2,0,0,13,20,1.0,2
1242,LC Legends,1,1,0,16,18,0.5,3
1242,Banditos 9U Texas,1,1,0,16,15,0.5,4
1242,Marucci Elite Texas - Holden,1,1,0,17,14,0.5,5
1242,Katy Bombers 9U,1,1,0,20,16,0.5,6
1242,Texans,1,1,0,21,20,0.5,7
1242,Houston Bandits 9u,0,2,0,20,16,0.0,8
1242,Texas Elite Lobos - Gold,0,2,0,24,16,0.0,9
1243,SOUTH COAST CREAM X.,2,0,0,12,24,1.0,1
1243,Houston Bandits 9u,2,0,0,16,25,1.0,2
1243,Banditos 9U Texas,1,1,0,10,13,0.5,3
1243,LC Legends,1,1,0,19,18,0.5,4
1243,Texans,1,1,0,19,17,0.5,5
1243,Katy Bombers 9U,1,1,0,20,16,0.5,6
1243,Lamar Elite - 9U - Red,1,1,0,22,19,0.5,7
1243,Marucci Elite Texas - Holden,0,2,0,20,14,0.0,8
1243,Texas Elite Lobos - Gold,0,2,0,24,16,0.0,9
1244,Banditos 9U Texas,2,0,0,11,21,1.0,1
1244,SOUTH COAST CREAM X.,2,0,0,12,24,1.0,2
1244,LC Legends,1,1,0,13,15,0.5,3
1244,Katy Bombers 9U,1,1,0,20,16,0.5,4
1244,Houston Bandits 9u,1,1,0,22,22,0.5,5
1244,Marucci Elite Texas - Holden,1,1,0,23,24,0.5,6
1244,Lamar Elite - 9U - Red,1,1,0,25,24,0.5,7
1244,Texas Elite Lobos - Gold,0,2,0,24,16,0.0,8
1244,Texans,0,2,0,24,12,0.0,9
1245,SOUTH COAST CREAM X.,2,0,0,12,24,1.0,1
1245,Lamar Elite - 9U - Red,2,0,0,14,25,1.0,2
1245,Texans,2,0,0,14,19,1.0,3
1245,Banditos 9U Texas,1,1,0,13,16,0.5,4
1245,Katy Bombers 9U,1,1,0,20,16,0.5,5
1245,Marucci Elite Texas - Holden,0,1,1,22,13,0.25,6
1245,Houston Bandits 9u,0,1,1,23,21,0.25,7
1245,LC Legends,0,2,0,18,10,0.0,8
1245,Texas Elite Lobos - Gold,0,2,0,24,16,0.0,9
1246,Marucci Elite Texas - Holden,2,0,0,10,28,1.0,1
1246,SOUTH COAST CREAM X.,2,0,0,12,24,1.0,2
1246,Banditos 9U Texas,1,1,0,16,13,0.5,3
1246,LC Legends,1,1,0,18,18,0.5,4
1246,Texans,1,1,0,19,22,0.5,5
1246,Katy Bombers 9U,1,1,0,20,16,0.5,6
1246,Houston Bandits 9u,1,1,0,26,15,0.5,7
1246,Lamar Elite - 9U - Red,0,2,0,19,12,0.0,8
1246,Texas Elite Lobos - Gold,0,2,0,24,16,0.0,9
1247,SOUTH COAST CREAM X.,2,0,0,12,24,1.0,1
1247,LC Legends,1,1,0,15,14,0.5,2
1247,Banditos 9U Texas,1,1,0,19,19,0.5,3
1247,Marucci Elite Texas - Holden,1,1,0,19,17,0.5,4
1247,Houston Bandits 9u,1,1,0,20,24,0.5,5
1247,Katy Bombers 9U,1,1,0,20,16,0.5,6
1247,Texans,1,1,0,21,22,0.5,7
1247,Lamar Elite - 9U - Red,1,1,0,23,21,0.5,8
1247,Texas Elite Lobos - Gold,0,2,0,24,16,0.0,9
1248,Banditos 9U Texas,2,0,0,11,20,1.0,1
1248,SOUTH COAST CREAM X.,2,0,0,12,24,1.0,2
1248,Lamar Elite - 9U - Red,2,0,0,17,22,1.0,3
1248,Texans,1,1,0,15,17,0.5,4
1248,Marucci Elite Texas - Holden,1,1,0,18,19,0.5,5
1248,Katy Bombers 9U,1,1,0,20,16,0.5,6
1248,Houston Bandits 9u,0,2,0,18,12,0.0,7
1248,LC Legends,0,2,0,18,7,0.0,8
1248,Texas Elite Lobos - Gold,0,2,0,24,16,0.0,9
1249,SOUTH COAST CREAM X.,2,0,0,12,24,1.0,1
1249,Houston Bandits 9u,1,0,1,19,20,0.75,2
1249,Banditos 9U Texas,1,1,0,9,12,0.5,3
1249,LC Legends,1,1,0,16,16,0.5,4
1249,Texans,1,1,0,16,13,0.5,5
1249,Lamar Elite - 9U - Red,0,0,2,17,17,0.5,6
1249,Katy Bombers 9U,1,1,0,20,16,0.5,7
1249,Marucci Elite Texas - Holden,0,1,1,17,16,0.25,8
1249,Texas Elite Lobos - Gold,0,2,0,24,16,0.0,9
1250,Marucci Elite Texas - Holden,2,0,0,10,15,1.0,1
1250,SOUTH COAST CREAM X.,2,0,0,12,24,1.0,2
1250,Banditos 9U Texas,2,0,0,17,24,1.0,3
1250,LC Legends,1,1,0,13,14,0.5,4
1250,Houston Bandits 9u,1,1,0,16,15,0.5,5
1250,Katy Bombers 9U,1,1,0,20,16,0.5,6
1250,Lamar Elite - 9U - Red,0,2,0,18,14,0.0,7
1250,Texas Elite Lobos - Gold,0,2,0,24,16,0.0,8
1250,Texans,0,2,0,26,18,0.0,9
1251,SOUTH COAST CREAM X.,2,0,0,12,24,1.0,1
1251,Banditos 9U Texas,2,0,0,13,20,1.0,2
1251,Marucci Elite Texas - Holden,1,0,1,11,14,0.75,3
1251,Houston Bandits 9u,1,1,0,13,18,0.5,4
1251,Katy Bombers 9U,1,1,0,20,16,0.5,5
1251,Texans,1,1,0,21,22,0.5,6
1251,Lamar Elite - 9U - Red,0,1,1,19,11,0.25,7
1251,LC Legends,0,2,0,21,13,0.0,8
1251,Texas Elite Lobos - Gold,0,2,0,24,16,0.0,9
1252,Banditos 9U Texas,2,0,0,8,14,1.0,1
1252,SOUTH COAST CREAM X.,2,0,0,12,24,1.0,2
1252,Marucci Elite Texas - Holden,2,0,0,20,23,1.0,3
1252,Texans,1,1,0,17,20,0.5,4
1252,Katy Bombers 9U,1,1,0,20,16,0.5,5
1252,Houston Bandits 9u,1,1,0,21,24,0.5,6
1252,Lamar Elite - 9U - Red,0,2,0,22,16,0.0,7
1252,Texas Elite Lobos - Gold,0,2,0,24,16,0.0,8
1252,LC Legends,0,2,0,24,15,0.0,9
1253,SOUTH COAST CREAM X.,2,0,0,12,24,1.0,1
1253,Marucci Elite Texas - Holden,2,0,0,15,19,1.0,2
1253,LC Legends,1,1,0,13,14,0.5,3
1253,Banditos 9U Texas,1,1,0,14,17,0.5,4
1253,Houston Bandits 9u,1,1,0,18,22,0.5,5
1253,Texans,1,1,0,19,15,0.5,6
1253,Katy Bombers 9U,1,1,0,20,16,0.5,7
1253,Lamar Elite - 9U - Red,0,2,0,21,13,0.0,8
1253,Texas Elite Lobos - Gold,0,2,0,24,16,0.0,9
1254,SOUTH COAST CREAM X.,2,0,0,12,24,1.0,1
1254,Banditos 9U Texas,2,0,0,13,19,1.0,2
1254,Houston Bandits 9u,1,0,1,14,21,0.75,3
1254,Marucci Elite Texas - Holden,1,0,1,21,23,0.75,4
1254,Texans,1,1,0,19,18,0.5,5
1254,Katy Bombers 9U,1,1,0,20,16,0.5,6
1254,LC Legends,0,2,0,17,12,0.0,7
1254,Texas Elite Lobos - Gold,0,2,0,24,16,0.0,8
1254,Lamar Elite - 9U - Red,0,2,0,30,21,0.0,9
1255,SOUTH COAST CREAM X.,2,0,0,12,24,1.0,1
1255,LC Legends,1,1,0,17,17,0.5,2
1255,Banditos 9U Texas,1,1,0,18,18,0.5,3
1255,Houston Bandits 9u,1,1,0,18,14,0.5,4
1255,Katy Bombers 9U,1,1,0,20,16,0.5,5
1255,Lamar Elite - 9U - Red,1,1,0,23,28,0.5,6
1255,Texans,1,1,0,23,23,0.5,7
1255,Marucci Elite Texas - Holden,1,1,0,23,22,0.5,8
1255,Texas Elite Lobos - Gold,0,2,0,24,16,0.0,9
1256,Houston Bandits 9u,2,0,0,11,25,1.0,1
1256,SOUTH COAST CREAM X.,2,0,0,12,24,1.0,2
1256,Texans,2,0,0,19,23,1.0,3
1256,Banditos 9U Texas,1,1,0,16,19,0.5,4
1256,Lamar Elite - 9U - Red,1,1,0,16,16,0.5,5
1256,Katy Bombers 9U,1,1,0,20,16,0.5,6
1256,LC Legends,0,2,0,19,12,0.0,7
1256,Texas Elite Lobos - Gold,0,2,0,24,16,0.0,8
1256,Marucci Elite Texas - Holden,0,2,0,28,14,0.0,9
1257,Banditos 9U Texas,2,0,0,12,24,1.0,1
1257,SOUTH COAST CREAM X.,2,0,0,12,24,1.0,2
1257,Marucci Elite Texas - Holden,2,0,0,20,27,1.0,3
1257,Katy Bombers 9U,1,1,0,20,16,0.5,4
1257,Houston Bandits 9u,1,1,0,21,16,0.5,5
1257,Texans,1,1,0,25,22,0.5,6
1257,Lamar Elite - 9U - Red,0,2,0,21,19,0.0,7
1257,LC Legends,0,2,0,22,13,0.0,8
1257,Texas Elite Lobos - Gold,0,2,0,24,16,0.0,9
1258,Texans,2,0,0,9,24,1.0,1
1258,SOUTH COAST CREAM X.,2,0,0,12,24,1.0,2
1258,Houston Bandits 9u,1,0,1,20,21,0.75,3
1258,Banditos 9U Texas,1,1,0,15,12,0.5,4
1258,Lamar Elite - 9U - Red,1,1,0,18,24,0.5,5
1258,Katy Bombers 9U,1,1,0,20,16,0.5,6
1258,Marucci Elite Texas - Holden,0,1,1,26,19,0.25,7
1258,LC Legends,0,2,0,21,9,0.0,8
1258,Texas Elite Lobos - Gold,0,2,0,24,16,0.0,9
1259,SOUTH COAST CREAM X.,2,0,0,12,24,1.0,1
1259,Marucci Elite Texas - Holden,2,0,0,14,22,1.0,2
1259,LC Legends,1,1,0,13,15,0.5,3
1259,Banditos 9U Texas,1,1,0,15,14,0.5,4
1259,Texans,1,1,0,17,16,0.5,5
1259,Houston Bandits 9u,1,1,0,20,18,0.5,6
1259,Katy Bombers 9U,1,1,0,20,16,0.5,7
1259,Lamar Elite - 9U - Red,0,2,0,21,15,0.0,8
1259,Texas Elite Lobos - Gold,0,2,0,24,16,0.0,9
1260,SOUTH COAST CREAM X.,2,0,0,12,24,1.0,1
1260,LC Legends,1,1,0,12,17,0.5,2
1260,Texans,1,1,0,18,19,0.5,3
1260,Banditos 9U Texas,1,1,0,19,13,0.5,4
1260,Katy Bombers 9U,1,1,0,20,16,0.5,5
1260,Lamar Elite - 9U - Red,1,1,0,21,21,0.5,6
1260,Marucci Elite Texas - Holden,1,1,0,22,21,0.5,7
1260,Houston Bandits 9u,1,1,0,25,26,0.5,8
1260,Texas Elite Lobos - Gold,0,2,0,24,16,0.0,9
1261,Banditos 9U Texas,2,0,0,10,18,1.0,1
1261,SOUTH COAST CREAM X.,2,0,0,12,24,1.0,2
1261,Lamar Elite - 9U - Red,2,0,0,21,26,1.0,3
1261,LC Legends,1,1,0,12,16,0.5,4
1261,Katy Bombers 9U,1,1,0,20,16,0.5,5
1261,Marucci Elite Texas - Holden,1,1,0,21,20,0.5,6
1261,Houston Bandits 9u,0,2,0,18,14,0.0,7
1261,Texans,0,2,0,22,10,0.0,8
1261,Texas Elite Lobos - Gold,0,2,0,24,16,0.0,9
1262,SOUTH COAST CREAM X.,2,0,0,12,24,1.0,1
1262,Houston Bandits 9u,2,0,0,17,26,1.0,2
1262,Banditos 9U Texas,1,1,0,16,16,0.5,3
1262,Marucci Elite Texas - Holden,1,1,0,17,15,0.5,4
1262,LC Legends,1,1,0,18,16,0.5,5
1262,Texans,1,1,0,20,22,0.5,6
1262,Katy Bombers 9U,1,1,0,20,16,0.5,7
1262,Lamar Elite - 9U - Red,0,2,0,23,16,0.0,8
1262,Texas Elite Lobos - Gold,0,2,0,24,16,0.0,9
1263,Houston Bandits 9u,2,0,0,8,18,1.0,1
1263,SOUTH COAST CREAM X.,2,0,0,12,24,1.0,2
1263,Texans,2,0,0,12,22,1.0,3
1263,Banditos 9U Texas,1,1,0,13,14,0.5,4
1263,Katy Bombers 9U,1,1,0,20,16,0.5,5
1263,Lamar Elite - 9U - Red,0,1,1,19,15,0.25,6
1263,Marucci Elite Texas - Holden,0,1,1,19,13,0.25,7
1263,LC Legends,0,2,0,21,10,0.0,8
1263,Texas Elite Lobos - Gold,0,2,0,24,16,0.0,9
1264,SOUTH COAST CREAM X.,2,0,0,12,24,1.0,1
1264,Lamar Elite - 9U - Red,1,0,1,15,21,0.75,2
1264,Houston Bandits 9u,1,0,1,18,19,0.75,3
1264,Banditos 9U Texas,1,1,0,11,13,0.5,4
1264,LC Legends,1,1,0,12,16,0.5,5
1264,Texans,1,1,0,17,11,0.5,6
1264,Katy Bombers 9U,1,1,0,20,16,0.5,7
1264,Marucci Elite Texas - Holden,0,2,0,22,15,0.0,8
1264,Texas Elite Lobos - Gold,0,2,0,24,16,0.0,9
1265,SOUTH COAST CREAM X.,2,0,0,12,24,1.0,1
1265,Houston Bandits 9u,2,0,0,14,20,1.0,2
1265,Texans,2,0,0,19,23,1.0,3
1265,Banditos 9U Texas,1,1,0,15,18,0.5,4
1265,Marucci Elite Texas - Holden,1,1,0,18,18,0.5,5
1265,Katy Bombers 9U,1,1,0,20,16,0.5,6
1265,Lamar Elite - 9U - Red,0,2,0,17,11,0.0,7
1265,LC Legends,0,2,0,20,13,0.0,8
1265,Texas Elite Lobos - Gold,0,2,0,24,16,0.0,9
1266,SOUTH COAST CREAM X.,2,0,0,12,24,1.0,1
1266,Banditos 9U Texas,2,0,0,13,20,1.0,2
1266,Houston Bandits 9u,1,0,1,17,21,0.75,3
1266,LC Legends,1,1,0,16,14,0.5,4
1266,Marucci Elite Texas - Holden,1,1,0,18,22,0.5,5
1266,Katy Bombers 9U,1,1,0,20,16,0.5,6
1266,Lamar Elite - 9U - Red,0,1,1,23,15,0.25,7
1266,Texans,0,2,0,22,17,0.0,8
1266,Texas Elite Lobos - Gold,0,2,0,24,16,0.0,9
1267,SOUTH COAST CREAM X.,2,0,0,12,24,1.0,1
1267,Marucci Elite Texas - Holden,1,0,1,22,24,0.75,2
1267,Lamar Elite - 9U - Red,1,0,1,24,31,0.75,3
1267,LC Legends,1,1,0,16,13,0.5,4
1267,Banditos 9U Texas,1,1,0,17,17,0.5,5
1267,Texans,1,1,0,18,21,0.5,6
1267,Katy Bombers 9U,1,1,0,20,16,0.5,7
1267,Texas Elite Lobos - Gold,0,2,0,24,16,0.0,8
1267,Houston Bandits 9u,0,2,0,25,16,0.0,9
1268,Banditos 9U Texas,2,0,0,11,17,1.0,1
1268,Marucci Elite Texas - Holden,2,0,0,11,14,1.0,2
1268,SOUTH COAST CREAM X.,2,0,0,12,24,1.0,3
1268,Lamar Elite - 9U - Red,1,1,0,16,18,0.5,4
1268,Texans,1,1,0,16,16,0.5,5
1268,Katy Bombers 9U,1,1,0,20,16,0.5,6
1268,Houston Bandits 9u,0,2,0,16,11,0.0,7
1268,LC Legends,0,2,0,17,11,0.0,8
1268,Texas Elite Lobos - Gold,0,2,0,24,16,0.0,9
1269,SOUTH COAST CREAM X.,2,0,0,12,24,1.0,1
1269,Banditos 9U Texas,2,0,0,13,22,1.0,2
1269,LC Legends,1,1,0,12,14,0.5,3
1269,Houston Bandits 9u,1,1,0,18,18,0.5,4
1269,Lamar Elite - 9U - Red,1,1,0,18,17,0.5,5
1269,Marucci Elite Texas - Holden,1,1,0,19,20,0.5,6
1269,Katy Bombers 9U,1,1,0,20,16,0.5,7
1269,Texas Elite Lobos - Gold,0,2,0,24,16,0.0,8
1269,Texans,0,2,0,24,13,0.0,9
1270,SOUTH COAST CREAM X.,2,0,0,12,24,1.0,1
1270,Lamar Elite - 9U - Red,2,0,0,18,21,1.0,2
1270,LC Legends,1,1,0,12,16,0.5,3
1270,Marucci Elite Texas - Holden,1,1,0,16,19,0.5,4
1270,Texans,1,1,0,17,17,0.5,5
1270,Banditos 9U Texas,1,1,0,17,13,0.5,6
1270,Katy Bombers 9U,1,1,0,20,16,0.5,7
1270,Houston Bandits 9u,0,2,0,22,16,0.0,8
1270,Texas Elite Lobos - Gold,0,2,0,24,16,0.0,9
1271,SOUTH COAST CREAM X.,2,0,0,12,24,1.0,1
1271,Marucci Elite Texas - Holden,2,0,0,14,18,1.0,2
1271,LC Legends,1,1,0,12,17,0.5,3
1271,Banditos 9U Texas,1,1,0,14,15,0.5,4
1271,Houston Bandits 9u,1,1,0,15,22,0.5,5
1271,Katy Bombers 9U,1,1,0,20,16,0.5,6
1271,Texans,1,1,0,20,14,0.5,7
1271,Lamar Elite - 9U - Red,0,2,0,23,12,0.0,8
1271,Texas Elite Lobos - Gold,0,2,0,24,16,0.0,9
1272,Banditos 9U Texas,2,0,0,8,19,1.0,1
1272,SOUTH COAST CREAM X.,2,0,0,12,24,1.0,2
1272,Lamar Elite - 9U - Red,2,0,0,14,26,1.0,3
1272,Houston Bandits 9u,1,1,0,17,11,0.5,4
1272,Katy Bombers 9U,1,1,0,20,16,0.5,5
1272,Texans,1,1,0,21,16,0.5,6
1272,Marucci Elite Texas - Holden,0,2,0,19,13,0.0,7
1272,LC Legends,0,2,0,20,14,0.0,8
1272,Texas Elite Lobos - Gold,0,2,0,24,16,0.0,9
1273,Marucci Elite Texas - Holden,2,0,0,10,26,1.0,1
1273,Texans,2,0,0,12,26,1.0,2
1273,SOUTH COAST CREAM X.,2,0,0,12,24,1.0,3
1273,Houston Bandits 9u,1,1,0,19,20,0.5,4
1273,Katy Bombers 9U,1,1,0,20,16,0.5,5
1273,Banditos 9U Texas,1,1,0,20,14,0.5,6
1273,LC Legends,0,2,0,18,10,0.0,7
1273,Texas Elite Lobos - Gold,0,2,0,24,16,0.0,8
1273,Lamar Elite - 9U - Red,0,2,0,24,7,0.0,9
1274,Marucci Elite Texas - Holden,2,0,0,11,20,1.0,1
1274,Texans,2,0,0,12,30,1.0,2
1274,SOUTH COAST CREAM X.,2,0,0,12,24,1.0,3
1274,Lamar Elite - 9U - Red,1,1,0,17,16,0.5,4
1274,Katy Bombers 9U,1,1,0,20,16,0.5,5
1274,Banditos 9U Texas,1,1,0,21,14,0.5,6
1274,Houston Bandits 9u,0,2,0,19,11,0.0,7
1274,LC Legends,0,2,0,21,10,0.0,8
1274,Texas Elite Lobos - Gold,0,2,0,24,16,0.0,9
1275,SOUTH COAST CREAM X.,2,0,0,12,24,1.0,1
1275,Lamar Elite - 9U - Red,2,0,0,12,19,1.0,2
1275,Banditos 9U Texas,2,0,0,14,23,1.0,3
1275,LC Legends,1,1,0,12,18,0.5,4
1275,Katy Bombers 9U,1,1,0,20,16,0.5,5
1275,Houston Bandits 9u,1,1,0,21,18,0.5,6
1275,Marucci Elite Texas - Holden,0,2,0,20,16,0.0,7
1275,Texas Elite Lobos - Gold,0,2,0,24,16,0.0,8
1275,Texans,0,2,0,29,14,0.0,9
1276,SOUTH COAST CREAM X.,2,0,0,12,24,1.0,1
1276,Marucci Elite Texas - Holden,2,0,0,14,22,1.0,2
1276,LC Legends,1,1,0,12,15,0.5,3
1276,Banditos 9U Texas,1,1,0,16,18,0.5,4
1276,Katy Bombers 9U,1,1,0,20,16,0.5,5
1276,Texans,1,1,0,21,16,0.5,6
1276,Houston Bandits 9u,0,1,1,21,19,0.25,7
1276,Lamar Elite - 9U - Red,0,1,1,21,15,0.25,8
1276,Texas Elite Lobos - Gold,0,2,0,24,16,0.0,9
1277,SOUTH COAST CREAM X.,2,0,0,12,24,1.0,1
1277,Marucci Elite Texas - Holden,1,1,0,13,16,0.5,2
1277,LC Legends,1,1,0,14,19,0.5,3
1277,Lamar Elite - 9U - Red,1,1,0,15,11,0.5,4
1277,Banditos 9U Texas,1,1,0,16,17,0.5,5
1277,Houston Bandits 9u,1,1,0,18,19,0.5,6
1277,Katy Bombers 9U,1,1,0,20,16,0.5,7
1277,Texans,1,1,0,24,18,0.5,8
1277,Texas Elite Lobos - Gold,0,2,0,24,16,0.0,9
1278,SOUTH COAST CREAM X.,2,0,0,12,24,1.0,1
1278,Lamar Elite - 9U - Red,2,0,0,16,22,1.0,2
1278,Texans,1,0,1,16,18,0.75,3
1278,Banditos 9U Texas,1,1,0,13,15,0.5,4
1278,Katy Bombers 9U,1,1,0,20,16,0.5,5
1278,Houston Bandits 9u,1,1,0,21,21,0.5,6
1278,LC Legends,0,1,1,17,13,0.25,7
1278,Marucci Elite Texas - Holden,0,2,0,21,15,0.0,8
1278,Texas Elite Lobos - Gold,0,2,0,24,16,0.0,9
1279,SOUTH COAST CREAM X.,2,0,0,12,24,1.0,1
1279,Banditos 9U Texas,2,0,0,12,19,1.0,2
1279,Lamar Elite - 9U - Red,2,0,0,19,24,1.0,3
1279,LC Legends,1,1,0,15,14,0.5,4
1279,Houston Bandits 9u,1,1,0,20,20,0.5,5
1279,Katy Bombers 9U,1,1,0,20,16,0.5,6
1279,Texans,0,2,0,21,15,0.0,7
1279,Marucci Elite Texas - Holden,0,2,0,22,17,0.0,8
1279,Texas Elite Lobos - Gold,0,2,0,24,16,0.0,9
1280,SOUTH COAST CREAM X.,2,0,0,12,24,1.0,1
1280,Marucci Elite Texas - Holden,2,0,0,12,22,1.0,2
1280,Texans,1,0,1,23,25,0.75,3
1280,Banditos 9U Texas,1,1,0,14,16,0.5,4
1280,Katy Bombers 9U,1,1,0,20,16,0.5,5
1280,Houston Bandits 9u,1,1,0,21,13,0.5,6
1280,LC Legends,0,1,1,23,19,0.25,7
1280,Lamar Elite - 9U - Red,0,2,0,20,18,0.0,8
1280,Texas Elite Lobos - Gold,0,2,0,24,16,0.0,9
1281,SOUTH COAST CREAM X.,2,0,0,12,24,1.0,1
1281,Banditos 9U Texas,1,1,0,12,15,0.5,2
1281,LC Legends,1,1,0,15,17,0.5,3
1281,Houston Bandits 9u,1,1,0,18,18,0.5,4
1281,Lamar Elite - 9U - Red,1,1,0,20,26,0.5,5
1281,Katy Bombers 9U,1,1,0,20,16,0.5,6
1281,Texans,1,1,0,20,15,0.5,7
1281,Marucci Elite Texas - Holden,1,1,0,25,19,0.5,8
1281,Texas Elite Lobos - Gold,0,2,0,24,16,0.0,9
1282,Texans,2,0,0,10,16,1.0,1
1282,SOUTH COAST CREAM X.,2,0,0,12,24,1.0,2
1282,Houston Bandits 9u,2,0,0,18,23,1.0,3
1282,Banditos 9U Texas,1,1,0,12,11,0.5,4
1282,Katy Bombers 9U,1,1,0,20,16,0.5,5
1282,Lamar Elite - 9U - Red,1,1,0,21,23,0.5,6
1282,LC Legends,0,2,0,16,11,0.0,7
1282,Marucci Elite Texas - Holden,0,2,0,23,16,0.0,8
1282,Texas Elite Lobos - Gold,0,2,0,24,16,0.0,9
1283,Marucci Elite Texas - Holden,2,0,0,12,26,1.0,1
1283,Banditos 9U Texas,2,0,0,12,25,1.0,2
1283,SOUTH COAST CREAM X.,2,0,0,12,24,1.0,3
1283,LC Legends,1,1,0,14,14,0.5,4
1283,Katy Bombers 9U,1,1,0,20,16,0.5,5
1283,Lamar Elite - 9U - Red,0,1,1,22,17,0.25,6
1283,Houston Bandits 9u,0,1,1,22,13,0.25,7
1283,Texas Elite Lobos - Gold,0,2,0,24,16,0.0,8
1283,Texans,0,2,0,27,14,0.0,9
1284,SOUTH COAST CREAM X.,2,0,0,12,24,1.0,1
1284,Houston Bandits 9u,2,0,0,12,23,1.0,2
1284,Banditos 9U Texas,1,0,1,9,13,0.75,3
1284,LC Legends,1,1,0,15,18,0.5,4
1284,Lamar Elite - 9U - Red,1,1,0,16,16,0.5,5
1284,Katy Bombers 9U,1,1,0,20,16,0.5,6
1284,Texans,0,1,1,19,12,0.25,7
1284,Marucci Elite Texas - Holden,0,2,0,20,9,0.0,8
1284,Texas Elite Lobos - Gold,0,2,0,24,16,0.0,9
1285,Banditos 9U Texas,2,0,0,12,24,1.0,1
1285,SOUTH COAST CREAM X.,2,0,0,12,24,1.0,2
1285,Marucci Elite Texas - Holden,2,0,0,15,19,1.0,3
1285,Houston Bandits 9u,1,1,0,13,18,0.5,4
1285,LC Legends,1,1,0,15,16,0.5,5
1285,Katy Bombers 9U,1,1,0,20,16,0.5,6
1285,Texas Elite Lobos - Gold,0,2,0,24,16,0.0,7
1285,Lamar Elite - 9U - Red,0,2,0,26,17,0.0,8
1285,Texans,0,2,0,28,15,0.0,9
1286,SOUTH COAST CREAM X.,2,0,0,12,24,1.0,1
1286,Houston Bandits 9u,2,0,0,18,21,1.0,2
1286,Banditos 9U Texas,1,1,0,17,17,0.5,3
1286,Katy Bombers 9U,1,1,0,20,16,0.5,4
1286,LC Legends,1,1,0,21,19,0.5,5
1286,Lamar Elite - 9U - Red,1,1,0,22,22,0.5,6
1286,Texans,1,1,0,24,26,0.5,7
1286,Marucci Elite Texas - Holden,0,2,0,19,16,0.0,8
1286,Texas Elite Lobos - Gold,0,2,0,24,16,0.0,9
1287,Banditos 9U Texas,2,0,0,6,15,1.0,1
1287,SOUTH COAST CREAM X.,2,0,0,12,24,1.0,2
1287,Lamar Elite - 9U - Red,2,0,0,12,23,1.0,3
1287,LC Legends,1,1,0,13,12,0.5,4
1287,Houston Bandits 9u,1,1,0,18,18,0.5,5
1287,Katy Bombers 9U,1,1,0,20,16,0.5,6
1287,Texans,0,2,0,15,7,0.0,7
1287,Marucci Elite Texas - Holden,0,2,0,23,12,0.0,8
1287,Texas Elite Lobos - Gold,0,2,0,24,16,0.0,9
1288,SOUTH COAST CREAM X.,2,0,0,12,24,1.0,1
1288,Marucci Elite Texas - Holden,1,0,1,16,23,0.75,2
1288,Lamar Elite - 9U - Red,1,0,1,16,21,0.75,3
1288,LC Legends,1,1,0,15,17,0.5,4
1288,Banditos 9U Texas,1,1,0,15,15,0.5,5
1288,Texans,1,1,0,20,18,0.5,6
1288,Katy Bombers 9U,1,1,0,20,16,0.5,7
1288,Texas Elite Lobos - Gold,0,2,0,24,16,0.0,8
1288,Houston Bandits 9u,0,2,0,26,14,0.0,9
1289,SOUTH COAST CREAM X.,2,0,0,12,24,1.0,1
1289,Houston Bandits 9u,2,0,0,24,27,1.0,2
1289,LC Legends,1,1,0,15,14,0.5,3
1289,Texans,1,1,0,20,30,0.5,4
1289,Katy Bombers 9U,1,1,0,20,16,0.5,5
1289,Lamar Elite - 9U - Red,1,1,0,25,26,0.5,6
1289,Banditos 9U Texas,1,1,0,27,18,0.5,7
1289,Marucci Elite Texas - Holden,0,2,0,21,17,0.0,8
1289,Texas Elite Lobos - Gold,0,2,0,24,16,0.0,9
1290,SOUTH COAST CREAM X.,2,0,0,12,24,1.0,1
1290,Texans,2,0,0,14,20,1.0,2
1290,Banditos 9U Texas,1,1,0,14,13,0.5,3
1290,Houston Bandits 9u,1,1,0,19,16,0.5,4
1290,Marucci Elite Texas - Holden,1,1,0,20,21,0.5,5
1290,Katy Bombers 9U,1,1,0,20,16,0.5,6
1290,Lamar Elite - 9U - Red,1,1,0,24,26,0.5,7
1290,LC Legends,0,2,0,18,13,0.0,8
1290,Texas Elite Lobos - Gold,0,2,0,24,16,0.0,9
1291,SOUTH COAST CREAM X.,2,0,0,12,24,1.0,1
1291,Texans,2,0,0,14,18,1.0,2
1291,Lamar Elite - 9U - Red,1,0,1,14,19,0.75,3
1291,Banditos 9U Texas,1,1,0,10,12,0.5,4
1291,Marucci Elite Texas - Holden,0,0,2,14,14,0.5,5
1291,Katy Bombers 9U,1,1,0,20,16,0.5,6
1291,Houston Bandits 9u,0,1,1,19,14,0.25,7
1291,LC Legends,0,2,0,20,14,0.0,8
1291,Texas Elite Lobos - Gold,0,2,0,24,16,0.0,9
1292,SOUTH COAST CREAM X.,2,0,0,12,24,1.0,1
1292,Marucci Elite Texas - Holden,2,0,0,14,20,1.0,2
1292,Banditos 9U Texas,1,1,0,15,14,0.5,3
1292,Houston Bandits 9u,1,1,0,17,17,0.5,4
1292,Texans,1,1,0,18,21,0.5,5
1292,LC Legends,1,1,0,18,16,0.5,6
1292,Katy Bombers 9U,1,1,0,20,16,0.5,7
1292,Lamar Elite - 9U - Red,0,2,0,22,16,0.0,8
1292,Texas Elite Lobos - Gold,0,2,0,24,16,0.0,9
1293,SOUTH COAST CREAM X.,2,0,0,12,24,1.0,1
1293,Banditos 9U Texas,2,0,0,12,20,1.0,2
1293,LC Legends,1,1,0,15,16,0.5,3
1293,Marucci Elite Texas - Holden,1,1,0,18,18,0.5,4
1293,Houston Bandits 9u,1,1,0,19,25,0.5,5
1293,Katy Bombers 9U,1,1,0,20,16,0.5,6
1293,Lamar Elite - 9U - Red,1,1,0,22,16,0.5,7
1293,Texas Elite Lobos - Gold,0,2,0,24,16,0.0,8
1293,Texans,0,2,0,24,15,0.0,9
1294,SOUTH COAST CREAM X.,2,0,0,12,24,1.0,1
1294,Banditos 9U Texas,1,1,0,12,13,0.5,2
1294,Texans,1,1,0,16,18,0.5,3
1294,Lamar Elite - 9U - Red,1,1,0,18,20,0.5,4
1294,LC Legends,1,1,0,18,15,0.5,5
1294,Katy Bombers 9U,1,1,0,20,16,0.5,6
1294,Houston Bandits 9u,1,1,0,20,16,0.5,7
1294,Marucci Elite Texas - Holden,1,1,0,22,24,0.5,8
1294,Texas Elite Lobos - Gold,0,2,0,24,16,0.0,9
1295,SOUTH COAST CREAM X.,2,0,0,12,24,1.0,1
1295,Houston Bandits 9u,2,0,0,15,22,1.0,2
1295,Banditos 9U Texas,1,0,1,16,20,0.75,3
1295,LC Legends,1,1,0,14,14,0.5,4
1295,Marucci Elite Texas - Holden,1,1,0,18,17,0.5,5
1295,Katy Bombers 9U,1,1,0,20,16,0.5,6
1295,Texans,0,1,1,22,18,0.25,7
1295,Lamar Elite - 9U - Red,0,2,0,22,16,0.0,8
1295,Texas Elite Lobos - Gold,0,2,0,24,16,0.0,9
1296,Banditos 9U Texas,2,0,0,8,24,1.0,1
1296,SOUTH COAST CREAM X.,2,0,0,12,24,1.0,2
1296,Houston Bandits 9u,2,0,0,16,25,1.0,3
1296,Katy Bombers 9U,1,1,0,20,16,0.5,4
1296,Texans,1,1,0,24,13,0.5,5
1296,Marucci Elite Texas - Holden,0,1,1,22,20,0.25,6
1296,Lamar Elite - 9U - Red,0,1,1,25,18,0.25,7
1296,LC Legends,0,2,0,17,12,0.0,8
1296,Texas Elite Lobos - Gold,0,2,0,24,16,0.0,9
1297,SOUTH COAST CREAM X.,2,0,0,12,24,1.0,1
1297,Banditos 9U Texas,1,1,0,13,16,0.5,2
1297,LC Legends,1,1,0,20,18,0.5,3
1297,Katy Bombers 9U,1,1,0,20,16,0.5,4
1297,Houston Bandits 9u,1,1,0,22,27,0.5,5
1297,Texans,1,1,0,22,21,0.5,6
1297,Marucci Elite Texas - Holden,1,1,0,23,22,0.5,7
1297,Lamar Elite - 9U - Red,1,1,0,25,21,0.5,8
1297,Texas Elite Lobos - Gold,0,2,0,24,16,0.0,9
1298,SOUTH COAST CREAM X.,2,0,0,12,24,1.0,1
1298,Marucci Elite Texas - Holden,2,0,0,18,21,1.0,2
1298,Banditos 9U Texas,1,1,0,15,18,0.5,3
1298,LC Legends,1,1,0,15,13,0.5,4
1298,Lamar Elite - 9U - Red,1,1,0,19,22,0.5,5
1298,Texans,1,1,0,19,18,0.5,6
1298,Katy Bombers 9U,1,1,0,20,16,0.5,7
1298,Texas Elite Lobos - Gold,0,2,0,24,16,0.0,8
1298,Houston Bandits 9u,0,2,0,26,20,0.0,9
1299,SOUTH COAST CREAM X.,2,0,0,12,24,1.0,1
1299,Marucci Elite Texas - Holden,2,0,0,13,20,1.0,2
1299,Banditos 9U Texas,2,0,0,13,20,1.0,3
1299,LC Legends,1,1,0,14,12,0.5,4
1299,Lamar Elite - 9U - Red,1,1,0,20,22,0.5,5
1299,Katy Bombers 9U,1,1,0,20,16,0.5,6
1299,Texans,0,2,0,20,15,0.0,7
1299,Texas Elite Lobos - Gold,0,2,0,24,16,0.0,8
1299,Houston Bandits 9u,0,2,0,24,15,0.0,9
1300,Banditos 9U Texas,2,0,0,9,21,1.0,1
1300,SOUTH COAST CREAM X.,2,0,0,12,24,1.0,2
1300,Houston Bandits 9u,2,0,0,16,32,1.0,3
1300,Katy Bombers 9U,1,1,0,20,16,0.5,4
1300,Texans,1,1,0,24,18,0.5,5
1300,Marucci Elite Texas - Holden,0,1,1,26,16,0.25,6
1300,Lamar Elite - 9U - Red,0,1,1,28,22,0.25,7
1300,LC Legends,0,2,0,21,15,0.0,8
1300,Texas Elite Lobos - Gold,0,2,0,24,16,0.0,9
1301,SOUTH COAST CREAM X.,2,0,0,12,24,1.0,1
1301,Lamar Elite - 9U - Red,1,1,0,15,14,0.5,2
1301,LC Legends,1,1,0,15,13,0.5,3
1301,Texans,1,1,0,16,24,0.5,4
1301,Marucci Elite Texas - Holden,1,1,0,16,17,0.5,5
1301,Houston Bandits 9u,1,1,0,18,18,0.5,6
1301,Katy Bombers 9U,1,1,0,20,16,0.5,7
1301,Banditos 9U Texas,1,1,0,21,15,0.5,8
1301,Texas Elite Lobos - Gold,0,2,0,24,16,0.0,9
1302,Banditos 9U Texas,2,0,0,10,17,1.0,1
1302,SOUTH COAST CREAM X.,2,0,0,12,24,1.0,2
1302,Lamar Elite - 9U - Red,2,0,0,16,26,1.0,3
1302,Texans,1,1,0,15,14,0.5,4
1302,Houston Bandits 9u,1,1,0,20,17,0.5,5
1302,Katy Bombers 9U,1,1,0,20,16,0.5,6
1302,LC Legends,0,2,0,16,10,0.0,7
1302,Texas Elite Lobos - Gold,0,2,0,24,16,0.0,8
1302,Marucci Elite Texas - Holden,0,2,0,25,18,0.0,9
1303,SOUTH COAST CREAM X.,2,0,0,12,24,1.0,1
1303,Houston Bandits 9u,2,0,0,13,28,1.0,2
1303,Banditos 9U Texas,2,0,0,13,18,1.0,3
1303,LC Legends,1,1,0,12,9,0.5,4
1303,Katy Bombers 9U,1,1,0,20,16,0.5,5
1303,Lamar Elite - 9U - Red,1,1,0,29,19,0.5,6
1303,Texans,0,2,0,15,13,0.0,7
1303,Marucci Elite Texas - Holden,0,2,0,21,16,0.0,8
1303,Texas Elite Lobos - Gold,0,2,0,24,16,0.0,9
1304,SOUTH COAST CREAM X.,2,0,0,12,24,1.0,1
1304,LC Legends,1,1,0,14,14,0.5,2
1304,Houston Bandits 9u,1,1,0,15,16,0.5,3
1304,Lamar Elite - 9U - Red,1,1,0,17,20,0.5,4
1304,Texans,1,1,0,18,20,0.5,5
1304,Banditos 9U Texas,1,1,0,18,16,0.5,6
1304,Marucci Elite Texas - Holden,1,1,0,18,14,0.5,7
1304,Katy Bombers 9U,1,1,0,20,16,0.5,8
1304,Texas Elite Lobos - Gold,0,2,0,24,16,0.0,9
1305,SOUTH COAST CREAM X.,2,0,0,12,24,1.0,1
1305,Houston Bandits 9u,2,0,0,27,33,1.0,2
1305,Banditos 9U Texas,1,0,1,9,13,0.75,3
1305,LC Legends,1,1,0,17,15,0.5,4
1305,Katy Bombers 9U,1,1,0,20,16,0.5,5
1305,Marucci Elite Texas - Holden,1,1,0,22,19,0.5,6
1305,Texans,0,1,1,16,14,0.25,7
1305,Texas Elite Lobos - Gold,0,2,0,24,16,0.0,8
1305,Lamar Elite - 9U - Red,0,2,0,26,23,0.0,9
1306,Lamar Elite - 9U - Red,2,0,0,11,17,1.0,1
1306,SOUTH COAST CREAM X.,2,0,0,12,24,1.0,2
1306,Banditos 9U Texas,1,1,0,15,14,0.5,3
1306,Texans,1,1,0,19,23,0.5,4
1306,Marucci Elite Texas - Holden,1,1,0,19,19,0.5,5
1306,LC Legends,1,1,0,20,17,0.5,6
1306,Katy Bombers 9U,1,1,0,20,16,0.5,7
1306,Houston Bandits 9u,0,2,0,22,16,0.0,8
1306,Texas Elite Lobos - Gold,0,2,0,24,16,0.0,9
1307,SOUTH COAST CREAM X.,2,0,0,12,24,1.0,1
1307,LC Legends,1,1,0,11,15,0.5,2
1307,Marucci Elite Texas - Holden,1,1,0,13,19,0.5,3
1307,Banditos 9U Texas,1,1,0,18,20,0.5,4
1307,Houston Bandits 9u,1,1,0,19,20,0.5,5
1307,Katy Bombers 9U,1,1,0,20,16,0.5,6
1307,Lamar Elite - 9U - Red,1,1,0,22,15,0.5,7
1307,Texans,1,1,0,23,17,0.5,8
1307,Texas Elite Lobos - Gold,0,2,0,24,16,0.0,9
1308,SOUTH COAST CREAM X.,2,0,0,12,24,1.0,1
1308,Banditos 9U Texas,2,0,0,14,19,1.0,2
1308,Marucci Elite Texas - Holden,1,0,1,17,19,0.75,3
1308,Houston Bandits 9u,1,0,1,18,19,0.75,4
1308,LC Legends,1,1,0,16,15,0.5,5
1308,Katy Bombers 9U,1,1,0,20,16,0.5,6
1308,Lamar Elite - 9U - Red,0,2,0,18,15,0.0,7
1308,Texans,0,2,0,22,18,0.0,8
1308,Texas Elite Lobos - Gold,0,2,0,24,16,0.0,9
1309,Banditos 9U Texas,2,0,0,11,18,1.0,1
1309,SOUTH COAST CREAM X.,2,0,0,12,24,1.0,2
1309,Houston Bandits 9u,2,0,0,21,23,1.0,3
1309,Lamar Elite - 9U - Red,1,1,0,18,19,0.5,4
1309,Katy Bombers 9U,1,1,0,20,16,0.5,5
1309,LC Legends,0,1,1,16,12,0.25,6
1309,Texans,0,1,1,18,15,0.25,7
1309,Marucci Elite Texas - Holden,0,2,0,21,18,0.0,8
1309,Texas Elite Lobos - Gold,0,2,0,24,16,0.0,9
1310,Banditos 9U Texas,2,0,0,8,23,1.0,1
1310,SOUTH COAST CREAM X.,2,0,0,12,24,1.0,2
1310,Marucci Elite Texas - Holden,1,0,1,14,21,0.75,3
1310,Lamar Elite - 9U - Red,1,0,1,18,21,0.75,4
1310,LC Legends,1,1,0,15,18,0.5,5
1310,Katy Bombers 9U,1,1,0,20,16,0.5,6
1310,Texas Elite Lobos - Gold,0,2,0,24,16,0.0,7
1310,Texans,0,2,0,29,11,0.0,8
1310,Houston Bandits 9u,0,2,0,30,20,0.0,9
1311,SOUTH COAST CREAM X.,2,0,0,12,24,1.0,1
1311,Banditos 9U Texas,2,0,0,12,17,1.0,2
1311,Lamar Elite - 9U - Red,2,0,0,14,20,1.0,3
1311,LC Legends,1,1,0,12,13,0.5,4
1311,Marucci Elite Texas - Holden,1,1,0,15,18,0.5,5
1311,Katy Bombers 9U,1,1,0,20,16,0.5,6
1311,Texans,0,2,0,18,12,0.0,7
1311,Houston Bandits 9u,0,2,0,21,12,0.0,8
1311,Texas Elite Lobos - Gold,0,2,0,24,16,0.0,9
1312,SOUTH COAST CREAM X.,2,0,0,12,24,1.0,1
1312,Texans,2,0,0,15,25,1.0,2
1312,Marucci Elite Texas - Holden,1,0,1,24,30,0.75,3
1312,Houston Bandits 9u,1,0,1,24,25,0.75,4
1312,Banditos 9U Texas,1,1,0,18,16,0.5,5
1312,Katy Bombers 9U,1,1,0,20,16,0.5,6
1312,LC Legends,0,2,0,19,11,0.0,7
1312,Texas Elite Lobos - Gold,0,2,0,24,16,0.0,8
1312,Lamar Elite - 9U - Red,0,2,0,27,20,0.0,9
1313,Lamar Elite - 9U - Red,2,0,0,10,23,1.0,1
1313,SOUTH COAST CREAM X.,2,0,0,12,24,1.0,2
1313,Texans,2,0,0,12,22,1.0,3
1313,Banditos 9U Texas,1,1,0,16,16,0.5,4
1313,Katy Bombers 9U,1,1,0,20,16,0.5,5
1313,Marucci Elite Texas - Holden,1,1,0,20,16,0.5,6
1313,LC Legends,0,2,0,18,8,0.0,7
1313,Houston Bandits 9u,0,2,0,21,12,0.0,8
1313,Texas Elite Lobos - Gold,0,2,0,24,16,0.0,9
1314,Texans,2,0,0,9,16,1.0,1
1314,SOUTH COAST CREAM X.,2,0,0,12,24,1.0,2
1314,Marucci Elite Texas - Holden,2,0,0,12,22,1.0,3
1314,Banditos 9U Texas,1,1,0,11,10,0.5,4
1314,Katy Bombers 9U,1,1,0,20,16,0.5,5
1314,Lamar Elite - 9U - Red,1,1,0,21,19,0.5,6
1314,LC Legends,0,2,0,17,11,0.0,7
1314,Houston Bandits 9u,0,2,0,22,14,0.0,8
1314,Texas Elite Lobos - Gold,0,2,0,24,16,0.0,9
1315,Banditos 9U Texas,2,0,0,8,17,1.0,1
1315,SOUTH COAST CREAM X.,2,0,0,12,24,1.0,2
1315,Marucci Elite Texas - Holden,2,0,0,16,20,1.0,3
1315,Texans,1,1,0,17,16,0.5,4
1315,Lamar Elite - 9U - Red,1,1,0,19,18,0.5,5
1315,Katy Bombers 9U,1,1,0,20,16,0.5,6
1315,Houston Bandits 9u,0,2,0,19,16,0.0,7
1315,LC Legends,0,2,0,20,12,0.0,8
1315,Texas Elite Lobos - Gold,0,2,0,24,16,0.0,9
1316,SOUTH COAST CREAM X.,2,0,0,12,24,1.0,1
1316,Banditos 9U Texas,2,0,0,15,21,1.0,2
1316,Marucci Elite Texas - Holden,2,0,0,16,22,1.0,3
1316,Lamar Elite - 9U - Red,1,1,0,20,22,0.5,4
1316,Katy Bombers 9U,1,1,0,20,16,0.5,5
1316,LC Legends,0,1,1,16,12,0.25,6
1316,Texans,0,1,1,21,19,0.25,7
1316,Texas Elite Lobos - Gold,0,2,0,24,16,0.0,8
1316,Houston Bandits 9u,0,2,0,29,21,0.0,9
1317,SOUTH COAST CREAM X.,2,0,0,12,24,1.0,1
1317,Texans,2,0,0,16,26,1.0,2
1317,Banditos 9U Texas,1,1,0,17,15,0.5,3
1317,Marucci Elite Texas - Holden,1,1,0,18,23,0.5,4
1317,Katy Bombers 9U,1,1,0,20,16,0.5,5
1317,Lamar Elite - 9U - Red,1,1,0,22,23,0.5,6
1317,Houston Bandits 9u,1,1,0,26,20,0.5,7
1317,LC Legends,0,2,0,21,13,0.0,8
1317,Texas Elite Lobos - Gold,0,2,0,24,16,0.0,9
1318,SOUTH COAST CREAM X.,2,0,0,12,24,1.0,1
1318,Banditos 9U Texas,2,0,0,13,19,1.0,2
1318,LC Legends,1,1,0,16,13,0.5,3
1318,Katy Bombers 9U,1,1,0,20,16,0.5,4
1318,Houston Bandits 9u,1,1,0,21,24,0.5,5
1318,Lamar Elite - 9U - Red,1,1,0,21,19,0.5,6
1318,Marucci Elite Texas - Holden,1,1,0,23,22,0.5,7
1318,Texans,0,2,0,20,17,0.0,8
1318,Texas Elite Lobos - Gold,0,2,0,24,16,0.0,9
1319,SOUTH COAST CREAM X.,2,0,0,12,24,1.0,1
1319,LC Legends,1,1,0,15,13,0.5,2
1319,Texans,1,1,0,17,20,0.5,3
1319,Banditos 9U Texas,1,1,0,17,16,0.5,4
1319,Houston Bandits 9u,1,1,0,20,22,0.5,5
1319,Katy Bombers 9U,1,1,0,20,16,0.5,6
1319,Lamar Elite - 9U - Red,1,1,0,21,21,0.5,7
1319,Marucci Elite Texas - Holden,1,1,0,22,20,0.5,8
1319,Texas Elite Lobos - Gold,0,2,0,24,16,0.0,9
1320,SOUTH COAST CREAM X.,2,0,0,12,24,1.0,1
1320,Marucci Elite Texas - Holden,1,0,1,16,18,0.75,2
1320,Banditos 9U Texas,1,1,0,13,16,0.5,3
1320,Houston Bandits 9u,1,1,0,19,20,0.5,4
1320,LC Legends,1,1,0,19,17,0.5,5
1320,Katy Bombers 9U,1,1,0,20,16,0.5,6
1320,Texans,1,1,0,21,20,0.5,7
1320,Lamar Elite - 9U - Red,0,1,1,22,19,0.25,8
1320,Texas Elite Lobos - Gold,0,2,0,24,16,0.0,9
1321,SOUTH COAST CREAM X.,2,0,0,12,24,1.0,1
1321,Houston Bandits 9u,2,0,0,18,30,1.0,2
1321,Texans,1,0,1,17,21,0.75,3
1321,Banditos 9U Texas,1,1,0,15,15,0.5,4
1321,Katy Bombers 9U,1,1,0,20,16,0.5,5
1321,Lamar Elite - 9U - Red,1,1,0,24,21,0.5,6
1321,LC Legends,0,1,1,18,14,0.25,7
1321,Texas Elite Lobos - Gold,0,2,0,24,16,0.0,8
1321,Marucci Elite Texas - Holden,0,2,0,27,18,0.0,9
1322,Texans,2,0,0,7,20,1.0,1
1322,SOUTH COAST CREAM X.,2,0,0,12,24,1.0,2
1322,Banditos 9U Texas,1,1,0,14,12,0.5,3
1322,Marucci Elite Texas - Holden,1,1,0,16,19,0.5,4
1322,Lamar Elite - 9U - Red,1,1,0,16,18,0.5,5
1322,Houston Bandits 9u,1,1,0,19,14,0.5,6
1322,Katy Bombers 9U,1,1,0,20,16,0.5,7
1322,LC Legends,0,2,0,18,7,0.0,8
1322,Texas Elite Lobos - Gold,0,2,0,24,16,0.0,9
1323,SOUTH COAST CREAM X.,2,0,0,12,24,1.0,1
1323,Houston Bandits 9u,2,0,0,16,20,1.0,2
1323,LC Legends,1,1,0,13,16,0.5,3
1323,Texans,1,1,0,19,20,0.5,4
1323,Banditos 9U Texas,1,1,0,19,15,0.5,5
1323,Katy Bombers 9U,1,1,0,20,16,0.5,6
1323,Marucci Elite Texas - Holden,1,1,0,23,21,0.5,7
1323,Lamar Elite - 9U - Red,0,2,0,16,14,0.0,8
1323,Texas Elite Lobos - Gold,0,2,0,24,16,0.0,9
1324,Banditos 9U Texas,2,0,0,9,18,1.0,1
1324,SOUTH COAST CREAM X.,2,0,0,12,24,1.0,2
1324,Lamar Elite - 9U - Red,1,0,1,15,19,0.75,3
1324,LC Legends,1,1,0,14,19,0.5,4
1324,Katy Bombers 9U,1,1,0,20,16,0.5,5
1324,Houston Bandits 9u,1,1,0,21,25,0.5,6
1324,Marucci Elite Texas - Holden,0,1,1,24,16,0.25,7
1324,Texas Elite Lobos - Gold,0,2,0,24,16,0.0,8
1324,Texans,0,2,0,25,11,0.0,9
1325,Lamar Elite - 9U - Red,2,0,0,7,23,1.0,1
1325,Banditos 9U Texas,2,0,0,10,21,1.0,2
1325,SOUTH COAST CREAM X.,2,0,0,12,24,1.0,3
1325,Marucci Elite Texas - Holden,1,1,0,10,12,0.5,4
1325,LC Legends,1,1,0,17,20,0.5,5
1325,Katy Bombers 9U,1,1,0,20,16,0.5,6
1325,Texas Elite Lobos - Gold,0,2,0,24,16,0.0,7
1325,Houston Bandits 9u,0,2,0,24,6,0.0,8
1325,Texans,0,2,0,29,15,0.0,9
1326,SOUTH COAST CREAM X.,2,0,0,12,24,1.0,1
1326,LC Legends,1,1,0,12,16,0.5,2
1326,Lamar Elite - 9U - Red,1,1,0,14,19,0.5,3
1326,Banditos 9U Texas,1,1,0,15,15,0.5,4
1326,Texans,1,1,0,19,15,0.5,5
1326,Marucci Elite Texas - Holden,1,1,0,20,20,0.5,6
1326,Katy Bombers 9U,1,1,0,20,16,0.5,7
1326,Houston Bandits 9u,1,1,0,24,19,0.5,8
1326,Texas Elite Lobos - Gold,0,2,0,24,16,0.0,9
1327,SOUTH COAST CREAM X.,2,0,0,12,24,1.0,1
1327,Banditos 9U Texas,2,0,0,15,20,1.0,2
1327,Houston Bandits 9u,2,0,0,21,24,1.0,3
1327,Marucci Elite Texas - Holden,1,1,0,16,24,0.5,4
1327,Katy Bombers 9U,1,1,0,20,16,0.5,5
1327,Texans,1,1,0,21,21,0.5,6
1327,LC Legends,0,2,0,18,13,0.0,7
1327,Texas Elite Lobos - Gold,0,2,0,24,16,0.0,8
1327,Lamar Elite - 9U - Red,0,2,0,26,15,0.0,9
1328,SOUTH COAST CREAM X.,2,0,0,12,24,1.0,1
1328,Banditos 9U Texas,2,0,0,14,22,1.0,2
1328,Lamar Elite - 9U - Red,2,0,0,15,21,1.0,3
1328,Marucci Elite Texas - Holden,1,1,0,13,14,0.5,4
1328,LC Legends,1,1,0,15,15,0.5,5
1328,Katy Bombers 9U,1,1,0,20,16,0.5,6
1328,Houston Bandits 9u,0,2,0,20,13,0.0,7
1328,Texas Elite Lobos - Gold,0,2,0,24,16,0.0,8
1328,Texans,0,2,0,25,17,0.0,9
1329,SOUTH COAST CREAM X.,2,0,0,12,24,1.0,1
1329,Banditos 9U Texas,1,1,0,15,16,0.5,2
1329,LC Legends,1,1,0,17,17,0.5,3
1329,Katy Bombers 9U,1,1,0,20,16,0.5,4
1329,Texans,1,1,0,21,20,0.5,5
1329,Marucci Elite Texas - Holden,1,1,0,22,25,0.5,6
1329,Houston Bandits 9u,1,1,0,26,30,0.5,7
1329,Lamar Elite - 9U - Red,1,1,0,30,23,0.5,8
1329,Texas Elite Lobos - Gold,0,2,0,24,16,0.0,9
1330,Marucci Elite Texas - Holden,2,0,0,11,23,1.0,1
1330,SOUTH COAST CREAM X.,2,0,0,12,24,1.0,2
1330,Texans,2,0,0,14,21,1.0,3
1330,Banditos 9U Texas,1,1,0,16,18,0.5,4
1330,Houston Bandits 9u,1,1,0,19,21,0.5,5
1330,Katy Bombers 9U,1,1,0,20,16,0.5,6
1330,LC Legends,0,2,0,17,8,0.0,7
1330,Texas Elite Lobos - Gold,0,2,0,24,16,0.0,8
1330,Lamar Elite - 9U - Red,0,2,0,27,13,0.0,9
1331,Banditos 9U Texas,2,0,0,9,27,1.0,1
1331,SOUTH COAST CREAM X.,2,0,0,12,24,1.0,2
1331,Marucci Elite Texas - Holden,2,0,0,20,27,1.0,3
1331,LC Legends,1,1,0,14,15,0.5,4
1331,Houston Bandits 9u,1,1,0,16,22,0.5,5
1331,Katy Bombers 9U,1,1,0,20,16,0.5,6
1331,Texas Elite Lobos - Gold,0,2,0,24,16,0.0,7
1331,Texans,0,2,0,30,11,0.0,8
1331,Lamar Elite - 9U - Red,0,2,0,32,19,0.0,9
1332,Banditos 9U Texas,2,0,0,10,18,1.0,1
1332,SOUTH COAST CREAM X.,2,0,0,12,24,1.0,2
1332,Lamar Elite - 9U - Red,2,0,0,21,30,1.0,3
1332,Texans,1,1,0,14,12,0.5,4
1332,Houston Bandits 9u,1,1,0,17,17,0.5,5
1332,Katy Bombers 9U,1,1,0,20,16,0.5,6
1332,LC Legends,0,2,0,14,8,0.0,7
1332,Texas Elite Lobos - Gold,0,2,0,24,16,0.0,8
1332,Marucci Elite Texas - Holden,0,2,0,27,18,0.0,9
1333,SOUTH COAST CREAM X.,2,0,0,12,24,1.0,1
1333,Banditos 9U Texas,1,0,1,11,15,0.75,2
1333,Houston Bandits 9u,1,1,0,18,19,0.5,3
1333,LC Legends,1,1,0,18,15,0.5,4
1333,Katy Bombers 9U,1,1,0,20,16,0.5,5
1333,Marucci Elite Texas - Holden,1,1,0,22,17,0.5,6
1333,Lamar Elite - 9U - Red,1,1,0,23,27,0.5,7
1333,Texans,0,1,1,18,17,0.25,8
1333,Texas Elite Lobos - Gold,0,2,0,24,16,0.0,9
1334,SOUTH COAST CREAM X.,2,0,0,12,24,1.0,1
1334,Banditos 9U Texas,2,0,0,13,21,1.0,2
1334,Houston Bandits 9u,1,1,0,15,22,0.5,3
1334,Marucci Elite Texas - Holden,1,1,0,20,22,0.5,4
1334,Katy Bombers 9U,1,1,0,20,16,0.5,5
1334,Texans,1,1,0,21,23,0.5,6
1334,Lamar Elite - 9U - Red,1,1,0,22,13,0.5,7
1334,LC Legends,0,2,0,22,12,0.0,8
1334,Texas Elite Lobos - Gold,0,2,0,24,16,0.0,9
1335,SOUTH COAST CREAM X.,2,0,0,12,24,1.0,1
1335,Banditos 9U Texas,2,0,0,14,21,1.0,2
1335,Houston Bandits 9u,2,0,0,16,20,1.0,3
1335,LC Legends,1,1,0,12,12,0.5,4
1335,Marucci Elite Texas - Holden,1,1,0,14,22,0.5,5
1335,Katy Bombers 9U,1,1,0,20,16,0.5,6
1335,Texans,0,2,0,21,14,0.0,7
1335,Texas Elite Lobos - Gold,0,2,0,24,16,0.0,8
1335,Lamar Elite - 9U - Red,0,2,0,26,14,0.0,9
1336,SOUTH COAST CREAM X.,2,0,0,12,24,1.0,1
1336,Houston Bandits 9u,2,0,0,12,18,1.0,2
1336,Banditos 9U Texas,2,0,0,13,19,1.0,3
1336,LC Legends,1,1,0,13,13,0.5,4
1336,Lamar Elite - 9U - Red,1,1,0,14,13,0.5,5
1336,Katy Bombers 9U,1,1,0,20,16,0.5,6
1336,Marucci Elite Texas - Holden,0,2,0,17,12,0.0,7
1336,Texans,0,2,0,20,14,0.0,8
1336,Texas Elite Lobos - Gold,0,2,0,24,16,0.0,9
1337,SOUTH COAST CREAM X.,2,0,0,12,24,1.0,1
1337,Houston Bandits 9u,2,0,0,13,17,1.0,2
1337,Texans,2,0,0,17,21,1.0,3
1337,Lamar Elite - 9U - Red,1,1,0,12,19,0.5,4
1337,Banditos 9U Texas,1,1,0,15,18,0.5,5
1337,Katy Bombers 9U,1,1,0,20,16,0.5,6
1337,LC Legends,0,2,0,18,11,0.0,7
1337,Texas Elite Lobos - Gold,0,2,0,24,16,0.0,8
1337,Marucci Elite Texas - Holden,0,2,0,27,16,0.0,9
1338,Lamar Elite - 9U - Red,2,0,0,11,23,1.0,1
1338,SOUTH COAST CREAM X.,2,0,0,12,24,1.0,2
1338,Texans,2,0,0,13,25,1.0,3
1338,Houston Bandits 9u,1,1,0,16,12,0.5,4
1338,Banditos 9U Texas,1,1,0,20,16,0.5,5
1338,Katy Bombers 9U,1,1,0,20,16,0.5,6
1338,LC Legends,0,2,0,17,9,0.0,7
1338,Marucci Elite Texas - Holden,0,2,0,22,14,0.0,8
1338,Texas Elite Lobos - Gold,0,2,0,24,16,0.0,9
1339,SOUTH COAST CREAM X.,2,0,0,12,24,1.0,1
1339,Houston Bandits 9u,2,0,0,17,20,1.0,2
1339,Texans,2,0,0,21,30,1.0,3
1339,Lamar Elite - 9U - Red,1,1,0,15,16,0.5,4
1339,Katy Bombers 9U,1,1,0,20,16,0.5,5
1339,Banditos 9U Texas,1,1,0,22,18,0.5,6
1339,LC Legends,0,2,0,20,15,0.0,7
1339,Marucci Elite Texas - Holden,0,2,0,21,17,0.0,8
1339,Texas Elite Lobos - Gold,0,2,0,24,16,0.0,9
1340,SOUTH COAST CREAM X.,2,0,0,12,24,1.0,1
1340,Banditos 9U Texas,2,0,0,15,21,1.0,2
1340,Lamar Elite - 9U - Red,2,0,0,20,23,1.0,3
1340,Marucci Elite Texas - Holden,1,1,0,17,19,0.5,4
1340,Katy Bombers 9U,1,1,0,20,16,0.5,5
1340,Texans,1,1,0,23,25,0.5,6
1340,LC Legends,0,2,0,22,14,0.0,7
1340,Texas Elite Lobos - Gold,0,2,0,24,16,0.0,8
1340,Houston Bandits 9u,0,2,0,26,21,0.0,9
1341,SOUTH COAST CREAM X.,2,0,0,12,24,1.0,1
1341,Banditos 9U Texas,2,0,0,12,23,1.0,2
1341,Lamar Elite - 9U - Red,2,0,0,15,28,1.0,3
1341,Katy Bombers 9U,1,1,0,20,16,0.5,4
1341,Texans,1,1,0,26,22,0.5,5
1341,Marucci Elite Texas - Holden,1,1,0,27,20,0.5,6
1341,LC Legends,0,2,0,22,15,0.0,7
1341,Texas Elite Lobos - Gold,0,2,0,24,16,0.0,8
1341,Houston Bandits 9u,0,2,0,26,20,0.0,9
1342,SOUTH COAST CREAM X.,2,0,0,12,24,1.0,1
1342,Houston Bandits 9u,2,0,0,13,22,1.0,2
1342,Banditos 9U Texas,2,0,0,13,20,1.0,3
1342,LC Legends,1,1,0,11,9,0.5,4
1342,Lamar Elite - 9U - Red,1,1,0,20,28,0.5,5
1342,Katy Bombers 9U,1,1,0,20,16,0.5,6
1342,Texans,0,2,0,17,12,0.0,7
1342,Texas Elite Lobos - Gold,0,2,0,24,16,0.0,8
1342,Marucci Elite Texas - Holden,0,2,0,29,12,0.0,9
1343,Banditos 9U Texas,2,0,0,9,17,1.0,1
1343,Marucci Elite Texas - Holden,2,0,0,12,32,1.0,2
1343,SOUTH COAST CREAM X.,2,0,0,12,24,1.0,3
1343,LC Legends,1,1,0,15,12,0.5,4
1343,Katy Bombers 9U,1,1,0,20,16,0.5,5
1343,Lamar Elite - 9U - Red,1,1,0,24,18,0.5,6
1343,Texans,0,2,0,17,12,0.0,7
1343,Texas Elite Lobos - Gold,0,2,0,24,16,0.0,8
1343,Houston Bandits 9u,0,2,0,30,16,0.0,9
1344,SOUTH COAST CREAM X.,2,0,0,12,24,1.0,1
1344,Banditos 9U Texas,2,0,0,15,20,1.0,2
1344,Houston Bandits 9u,1,1,0,15,20,0.5,3
1344,LC Legends,1,1,0,18,15,0.5,4
1344,Katy Bombers 9U,1,1,0,20,16,0.5,5
1344,Lamar Elite - 9U - Red,1,1,0,23,23,0.5,6
1344,Marucci Elite Texas - Holden,1,1,0,25,20,0.5,7
1344,Texans,0,2,0,23,21,0.0,8
1344,Texas Elite Lobos - Gold,0,2,0,24,16,0.0,9
1345,SOUTH COAST CREAM X.,2,0,0,12,24,1.0,1
1345,Texans,2,0,0,19,26,1.0,2
1345,Houston Bandits 9u,2,0,0,20,25,1.0,3
1345,Banditos 9U Texas,1,1,0,19,17,0.5,4
1345,Marucci Elite Texas - Holden,1,1,0,20,21,0.5,5
1345,Katy Bombers 9U,1,1,0,20,16,0.5,6
1345,LC Legends,0,2,0,19,14,0.0,7
1345,Texas Elite Lobos - Gold,0,2,0,24,16,0.0,8
1345,Lamar Elite - 9U - Red,0,2,0,25,19,0.0,9
1346,SOUTH COAST CREAM X.,2,0,0,12,24,1.0,1
1346,Banditos 9U Texas,2,0,0,12,21,1.0,2
1346,Lamar Elite - 9U - Red,1,0,1,17,18,0.75,3
1346,LC Legends,1,1,0,16,15,0.5,4
1346,Houston Bandits 9u,1,1,0,18,20,0.5,5
1346,Katy Bombers 9U,1,1,0,20,16,0.5,6
1346,Marucci Elite Texas - Holden,0,1,1,21,18,0.25,7
1346,Texans,0,2,0,24,16,0.0,8
1346,Texas Elite Lobos - Gold,0,2,0,24,16,0.0,9
1347,SOUTH COAST CREAM X.,2,0,0,12,24,1.0,1
1347,Banditos 9U Texas,2,0,0,12,17,1.0,2
1347,Lamar Elite - 9U - Red,1,0,1,17,18,0.75,3
1347,Houston Bandits 9u,1,0,1,18,20,0.75,4
1347,LC Legends,1,1,0,13,13,0.5,5
1347,Katy Bombers 9U,1,1,0,20,16,0.5,6
1347,Marucci Elite Texas - Holden,0,2,0,18,15,0.0,7
1347,Texans,0,2,0,18,13,0.0,8
1347,Texas Elite Lobos - Gold,0,2,0,24,16,0.0,9
1348,SOUTH COAST CREAM X.,2,0,0,12,24,1.0,1
1348,Houston Bandits 9u,2,0,0,14,20,1.0,2
1348,Texans,2,0,0,21,26,1.0,3
1348,Banditos 9U Texas,1,1,0,15,18,0.5,4
1348,Marucci Elite Texas - Holden,1,1,0,20,17,0.5,5
1348,Katy Bombers 9U,1,1,0,20,16,0.5,6
1348,Lamar Elite - 9U - Red,0,2,0,22,19,0.0,7
1348,LC Legends,0,2,0,23,15,0.0,8
1348,Texas Elite Lobos - Gold,0,2,0,24,16,0.0,9
1349,SOUTH COAST CREAM X.,2,0,0,12,24,1.0,1
1349,Banditos 9U Texas,1,1,0,16,16,0.5,2
1349,Houston Bandits 9u,1,1,0,18,20,0.5,3
1349,LC Legends,1,1,0,18,15,0.5,4
1349,Texans,1,1,0,19,22,0.5,5
1349,Lamar Elite - 9U - Red,1,1,0,20,21,0.5,6
1349,Katy Bombers 9U,1,1,0,20,16,0.5,7
1349,Marucci Elite Texas - Holden,1,1,0,23,20,0.5,8
1349,Texas Elite Lobos - Gold,0,2,0,24,16,0.0,9
1350,Marucci Elite Texas - Holden,2,0,0,11,17,1.0,1
1350,SOUTH COAST CREAM X.,2,0,0,12,24,1.0,2
1350,Banditos 9U Texas,1,1,0,16,18,0.5,3
1350,Lamar Elite - 9U - Red,1,1,0,16,13,0.5,4
1350,LC Legends,1,1,0,20,18,0.5,5
1350,Katy Bombers 9U,1,1,0,20,16,0.5,6
1350,Texans,1,1,0,24,24,0.5,7
1350,Houston Bandits 9u,0,2,0,16,13,0.0,8
1350,Texas Elite Lobos - Gold,0,2,0,24,16,0.0,9
1351,Banditos 9U Texas,2,0,0,9,20,1.0,1
1351,SOUTH COAST CREAM X.,2,0,0,12,24,1.0,2
1351,Houston Bandits 9u,2,0,0,17,20,1.0,3
1351,Marucci Elite Texas - Holden,1,1,0,16,19,0.5,4
1351,LC Legends,1,1,0,16,19,0.5,5
1351,Katy Bombers 9U,1,1,0,20,16,0.5,6
1351,Lamar Elite - 9U - Red,0,2,0,18,12,0.0,7
1351,Texas Elite Lobos - Gold,0,2,0,24,16,0.0,8
1351,Texans,0,2,0,27,13,0.0,9
1352,SOUTH COAST CREAM X.,2,0,0,12,24,1.0,1
1352,Marucci Elite Texas - Holden,2,0,0,16,30,1.0,2
1352,Banditos 9U Texas,1,0,1,14,18,0.75,3
1352,LC Legends,1,1,0,16,14,0.5,4
1352,Katy Bombers 9U,1,1,0,20,16,0.5,5
1352,Houston Bandits 9u,1,1,0,27,20,0.5,6
1352,Texans,0,1,1,20,18,0.25,7
1352,Texas Elite Lobos - Gold,0,2,0,24,16,0.0,8
1352,Lamar Elite - 9U - Red,0,2,0,27,20,0.0,9
1353,SOUTH COAST CREAM X.,2,0,0,12,24,1.0,1
1353,Banditos 9U Texas,2,0,0,12,20,1.0,2
1353,Marucci Elite Texas - Holden,2,0,0,16,18,1.0,3
1353,Houston Bandits 9u,1,1,0,15,17,0.5,4
1353,Katy Bombers 9U,1,1,0,20,16,0.5,5
1353,Texans,1,1,0,21,21,0.5,6
1353,Lamar Elite - 9U - Red,0,2,0,16,12,0.0,7
1353,LC Legends,0,2,0,21,13,0.0,8
1353,Texas Elite Lobos - Gold,0,2,0,24,16,0.0,9
1354,Banditos 9U Texas,2,0,0,10,19,1.0,1
1354,SOUTH COAST CREAM X.,2,0,0,12,24,1.0,2
1354,Houston Bandits 9u,2,0,0,14,23,1.0,3
1354,Katy Bombers 9U,1,1,0,20,16,0.5,4
1354,Marucci Elite Texas - Holden,1,1,0,22,25,0.5,5
1354,Texans,1,1,0,22,23,0.5,6
1354,Texas Elite Lobos - Gold,0,2,0,24,16,0.0,7
1354,Lamar Elite - 9U - Red,0,2,0,24,12,0.0,8
1354,LC Legends,0,2,0,25,15,0.0,9
1355,SOUTH COAST CREAM X.,2,0,0,12,24,1.0,1
1355,Houston Bandits 9u,2,0,0,23,27,1.0,2
1355,Banditos 9U Texas,1,1,0,13,12,0.5,3
1355,Texans,1,1,0,14,18,0.5,4
1355,LC Legends,1,1,0,17,14,0.5,5
1355,Lamar Elite - 9U - Red,1,1,0,20,23,0.5,6
1355,Katy Bombers 9U,1,1,0,20,16,0.5,7
1355,Texas Elite Lobos - Gold,0,2,0,24,16,0.0,8
1355,Marucci Elite Texas - Holden,0,2,0,30,23,0.0,9
1356,SOUTH COAST CREAM X.,2,0,0,12,24,1.0,1
1356,Texans,2,0,0,13,21,1.0,2
1356,Marucci Elite Texas - Holden,2,0,0,17,28,1.0,3
1356,Banditos 9U Texas,1,1,0,13,14,0.5,4
1356,Lamar Elite - 9U - Red,1,1,0,20,19,0.5,5
1356,Katy Bombers 9U,1,1,0,20,16,0.5,6
1356,LC Legends,0,2,0,20,11,0.0,7
1356,Texas Elite Lobos - Gold,0,2,0,24,16,0.0,8
1356,Houston Bandits 9u,0,2,0,27,17,0.0,9
1357,SOUTH COAST CREAM X.,2,0,0,12,24,1.0,1
1357,Houston Bandits 9u,2,0,0,18,20,1.0,2
1357,Texans,2,0,0,21,27,1.0,3
1357,Lamar Elite - 9U - Red,1,1,0,14,15,0.5,4
1357,Banditos 9U Texas,1,1,0,18,20,0.5,5
1357,Katy Bombers 9U,1,1,0,20,16,0.5,6
1357,Marucci Elite Texas - Holden,0,2,0,18,15,0.0,7
1357,LC Legends,0,2,0,21,13,0.0,8
1357,Texas Elite Lobos - Gold,0,2,0,24,16,0.0,9
1358,Banditos 9U Texas,2,0,0,10,17,1.0,1
1358,SOUTH COAST CREAM X.,2,0,0,12,24,1.0,2
1358,Texans,1,1,0,18,18,0.5,3
1358,Lamar Elite - 9U - Red,1,1,0,19,22,0.5,4
1358,Marucci Elite Texas - Holden,1,1,0,20,19,0.5,5
1358,Katy Bombers 9U,1,1,0,20,16,0.5,6
1358,Houston Bandits 9u,1,1,0,25,23,0.5,7
1358,LC Legends,0,2,0,20,13,0.0,8
1358,Texas Elite Lobos - Gold,0,2,0,24,16,0.0,9
1359,SOUTH COAST CREAM X.,2,0,0,12,24,1.0,1
1359,Texans,2,0,0,18,26,1.0,2
1359,Houston Bandits 9u,2,0,0,18,24,1.0,3
1359,Banditos 9U Texas,1,1,0,19,18,0.5,4
1359,Marucci Elite Texas - Holden,1,1,0,19,16,0.5,5
1359,Katy Bombers 9U,1,1,0,20,16,0.5,6
1359,LC Legends,0,2,0,19,12,0.0,7
1359,Lamar Elite - 9U - Red,0,2,0,20,17,0.0,8
1359,Texas Elite Lobos - Gold,0,2,0,24,16,0.0,9
1360,SOUTH COAST CREAM X.,2,0,0,12,24,1.0,1
1360,Banditos 9U Texas,2,0,0,12,17,1.0,2
1360,Marucci Elite Texas - Holden,1,0,1,19,27,0.75,3
1360,Lamar Elite - 9U - Red,1,0,1,19,21,0.75,4
1360,LC Legends,1,1,0,15,16,0.5,5
1360,Katy Bombers 9U,1,1,0,20,16,0.5,6
1360,Texans,0,2,0,21,15,0.0,7
1360,Texas Elite Lobos - Gold,0,2,0,24,16,0.0,8
1360,Houston Bandits 9u,0,2,0,28,18,0.0,9
1361,SOUTH COAST CREAM X.,2,0,0,12,24,1.0,1
1361,Banditos 9U Texas,2,0,0,14,19,1.0,2
1361,Lamar Elite - 9U - Red,2,0,0,19,25,1.0,3
1361,LC Legends,1,1,0,16,14,0.5,4
1361,Houston Bandits 9u,1,1,0,19,18,0.5,5
1361,Katy Bombers 9U,1,1,0,20,16,0.5,6
1361,Texans,0,2,0,21,18,0.0,7
1361,Marucci Elite Texas - Holden,0,2,0,23,18,0.0,8
1361,Texas Elite Lobos - Gold,0,2,0,24,16,0.0,9
1362,Marucci Elite Texas - Holden,2,0,0,10,26,1.0,1
1362,SOUTH COAST CREAM X.,2,0,0,12,24,1.0,2
1362,LC Legends,1,1,0,14,24,0.5,3
1362,Banditos 9U Texas,1,1,0,16,16,0.5,4
1362,Houston Bandits 9u,1,1,0,19,10,0.5,5
1362,Katy Bombers 9U,1,1,0,20,16,0.5,6
1362,Texans,1,1,0,28,18,0.5,7
1362,Lamar Elite - 9U - Red,0,2,0,20,13,0.0,8
1362,Texas Elite Lobos - Gold,0,2,0,24,16,0.0,9
1363,Banditos 9U Texas,2,0,0,9,19,1.0,1
1363,SOUTH COAST CREAM X.,2,0,0,12,24,1.0,2
1363,Marucci Elite Texas - Holden,2,0,0,13,17,1.0,3
1363,LC Legends,1,1,0,16,19,0.5,4
1363,Houston Bandits 9u,1,1,0,17,18,0.5,5
1363,Katy Bombers 9U,1,1,0,20,16,0.5,6
1363,Lamar Elite - 9U - Red,0,2,0,15,10,0.0,7
1363,Texas Elite Lobos - Gold,0,2,0,24,16,0.0,8
1363,Texans,0,2,0,26,13,0.0,9
1364,SOUTH COAST CREAM X.,2,0,0,12,24,1.0,1
1364,Texans,1,0,1,17,20,0.75,2
1364,Houston Bandits 9u,1,0,1,20,29,0.75,3
1364,Banditos 9U Texas,1,1,0,14,15,0.5,4
1364,Katy Bombers 9U,1,1,0,20,16,0.5,5
1364,Marucci Elite Texas - Holden,1,1,0,22,16,0.5,6
1364,LC Legends,0,1,1,18,14,0.25,7
1364,Lamar Elite - 9U - Red,0,1,1,20,17,0.25,8
1364,Texas Elite Lobos - Gold,0,2,0,24,16,0.0,9
1365,SOUTH COAST CREAM X.,2,0,0,12,24,1.0,1
1365,Houston Bandits 9u,2,0,0,12,22,1.0,2
1365,Texans,1,0,1,17,21,0.75,3
1365,Banditos 9U Texas,1,1,0,15,15,0.5,4
1365,Katy Bombers 9U,1,1,0,20,16,0.5,5
1365,LC Legends,0,1,1,18,14,0.25,6
1365,Lamar Elite - 9U - Red,0,1,1,19,18,0.25,7
1365,Marucci Elite Texas - Holden,0,1,1,27,18,0.25,8
1365,Texas Elite Lobos - Gold,0,2,0,24,16,0.0,9
1366,SOUTH COAST CREAM X.,2,0,0,12,24,1.0,1
1366,Banditos 9U Texas,1,0,1,12,16,0.75,2
1366,Marucci Elite Texas - Holden,1,1,0,14,14,0.5,3
1366,LC Legends,1,1,0,16,23,0.5,4
1366,Houston Bandits 9u,1,1,0,16,18,0.5,5
1366,Lamar Elite - 9U - Red,1,1,0,19,17,0.5,6
1366,Katy Bombers 9U,1,1,0,20,16,0.5,7
1366,Texans,0,1,1,27,16,0.25,8
1366,Texas Elite Lobos - Gold,0,2,0,24,16,0.0,9
1367,Lamar Elite - 9U - Red,2,0,0,11,27,1.0,1
1367,SOUTH COAST CREAM X.,2,0,0,12,24,1.0,2
1367,Banditos 9U Texas,1,1,0,17,14,0.5,3
1367,Katy Bombers 9U,1,1,0,20,16,0.5,4
1367,Texans,1,1,0,22,27,0.5,5
1367,LC Legends,1,1,0,22,20,0.5,6
1367,Marucci Elite Texas - Holden,0,1,1,22,16,0.25,7
1367,Houston Bandits 9u,0,1,1,23,13,0.25,8
1367,Texas Elite Lobos - Gold,0,2,0,24,16,0.0,9
1368,SOUTH COAST CREAM X.,2,0,0,12,24,1.0,1
1368,Marucci Elite Texas - Holden,2,0,0,15,27,1.0,2
1368,Texans,1,0,1,22,24,0.75,3
1368,Banditos 9U Texas,1,1,0,16,18,0.5,4
1368,Katy Bombers 9U,1,1,0,20,16,0.5,5
1368,Lamar Elite - 9U - Red,1,1,0,23,16,0.5,6
1368,LC Legends,0,1,1,20,16,0.25,7
1368,Houston Bandits 9u,0,2,0,17,12,0.0,8
1368,Texas Elite Lobos - Gold,0,2,0,24,16,0.0,9
1369,SOUTH COAST CREAM X.,2,0,0,12,24,1.0,1
1369,Texans,2,0,0,18,23,1.0,2
1369,Marucci Elite Texas - Holden,1,1,0,13,20,0.5,3
1369,Banditos 9U Texas,1,1,0,16,16,0.5,4
1369,Houston Bandits 9u,1,1,0,19,15,0.5,5
1369,Katy Bombers 9U,1,1,0,20,16,0.5,6
1369,Lamar Elite - 9U - Red,1,1,0,21,18,0.5,7
1369,LC Legends,0,2,0,19,14,0.0,8
1369,Texas Elite Lobos - Gold,0,2,0,24,16,0.0,9
1370,SOUTH COAST CREAM X.,2,0,0,12,24,1.0,1
1370,Lamar Elite - 9U - Red,1,1,0,15,13,0.5,2
1370,Banditos 9U Texas,1,1,0,16,18,0.5,3
1370,LC Legends,1,1,0,16,13,0.5,4
1370,Houston Bandits 9u,1,1,0,17,17,0.5,5
1370,Marucci Elite Texas - Holden,1,1,0,18,20,0.5,6
1370,Texans,1,1,0,19,20,0.5,7
1370,Katy Bombers 9U,1,1,0,20,16,0.5,8
1370,Texas Elite Lobos - Gold,0,2,0,24,16,0.0,9
1371,Banditos 9U Texas,2,0,0,11,18,1.0,1
1371,SOUTH COAST CREAM X.,2,0,0,12,24,1.0,2
1371,Houston Bandits 9u,2,0,0,18,26,1.0,3
1371,Texans,1,1,0,15,15,0.5,4
1371,Lamar Elite - 9U - Red,1,1,0,16,14,0.5,5
1371,Katy Bombers 9U,1,1,0,20,16,0.5,6
1371,LC Legends,0,2,0,16,9,0.0,7
1371,Marucci Elite Texas - Holden,0,2,0,23,17,0.0,8
1371,Texas Elite Lobos - Gold,0,2,0,24,16,0.0,9
1372,Banditos 9U Texas,2,0,0,8,18,1.0,1
1372,SOUTH COAST CREAM X.,2,0,0,12,24,1.0,2
1372,LC Legends,1,1,0,15,18,0.5,3
1372,Lamar Elite - 9U - Red,1,1,0,18,24,0.5,4
1372,Katy Bombers 9U,1,1,0,20,16,0.5,5
1372,Marucci Elite Texas - Holden,1,1,0,25,22,0.5,6
1372,Houston Bandits 9u,1,1,0,27,24,0.5,7
1372,Texas Elite Lobos - Gold,0,2,0,24,16,0.0,8
1372,Texans,0,2,0,24,11,0.0,9
1373,SOUTH COAST CREAM X.,2,0,0,12,24,1.0,1
1373,Texans,2,0,0,14,20,1.0,2
1373,Houston Bandits 9u,1,0,1,14,18,0.75,3
1373,Marucci Elite Texas - Holden,1,0,1,17,20,0.75,4
1373,Banditos 9U Texas,1,1,0,15,15,0.5,5
1373,Katy Bombers 9U,1,1,0,20,16,0.5,6
1373,LC Legends,0,2,0,17,11,0.0,7
1373,Lamar Elite - 9U - Red,0,2,0,20,13,0.0,8
1373,Texas Elite Lobos - Gold,0,2,0,24,16,0.0,9
1374,Banditos 9U Texas,2,0,0,11,16,1.0,1
1374,SOUTH COAST CREAM X.,2,0,0,12,24,1.0,2
1374,Houston Bandits 9u,2,0,0,15,22,1.0,3
1374,Katy Bombers 9U,1,1,0,20,16,0.5,4
1374,Marucci Elite Texas - Holden,1,1,0,23,23,0.5,5
1374,Texans,0,1,1,14,13,0.25,6
1374,LC Legends,0,1,1,14,10,0.25,7
1374,Texas Elite Lobos - Gold,0,2,0,24,16,0.0,8
1374,Lamar Elite - 9U - Red,0,2,0,28,21,0.0,9
1375,Banditos 9U Texas,2,0,0,11,16,1.0,1
1375,SOUTH COAST CREAM X.,2,0,0,12,24,1.0,2
1375,Lamar Elite - 9U - Red,2,0,0,14,17,1.0,3
1375,Texans,1,1,0,13,14,0.5,4
1375,Marucci Elite Texas - Holden,1,1,0,19,21,0.5,5
1375,Katy Bombers 9U,1,1,0,20,16,0.5,6
1375,LC Legends,0,2,0,15,9,0.0,7
1375,Houston Bandits 9u,0,2,0,21,16,0.0,8
1375,Texas Elite Lobos - Gold,0,2,0,24,16,0.0,9
1376,Banditos 9U Texas,2,0,0,9,18,1.0,1
1376,SOUTH COAST CREAM X.,2,0,0,12,24,1.0,2
1376,Houston Bandits 9u,2,0,0,16,26,1.0,3
1376,LC Legends,1,1,0,13,19,0.5,4
1376,Katy Bombers 9U,1,1,0,20,16,0.5,5
1376,Lamar Elite - 9U - Red,1,1,0,25,23,0.5,6
1376,Texas Elite Lobos - Gold,0,2,0,24,16,0.0,7
1376,Marucci Elite Texas - Holden,0,2,0,25,17,0.0,8
1376,Texans,0,2,0,25,10,0.0,9
1377,SOUTH COAST CREAM X.,2,0,0,12,24,1.0,1
1377,Texans,2,0,0,18,29,1.0,2
1377,Marucci Elite Texas - Holden,1,0,1,20,22,0.75,3
1377,Lamar Elite - 9U - Red,1,1,0,19,20,0.5,4
1377,Banditos 9U Texas,1,1,0,19,18,0.5,5
1377,Katy Bombers 9U,1,1,0,20,16,0.5,6
1377,Houston Bandits 9u,0,1,1,22,19,0.25,7
1377,LC Legends,0,2,0,22,12,0.0,8
1377,Texas Elite Lobos - Gold,0,2,0,24,16,0.0,9
1378,SOUTH COAST CREAM X.,2,0,0,12,24,1.0,1
1378,LC Legends,1,1,0,12,17,0.5,2
1378,Banditos 9U Texas,1,1,0,17,18,0.5,3
1378,Houston Bandits 9u,1,1,0,19,25,0.5,4
1378,Katy Bombers 9U,1,1,0,20,16,0.5,5
1378,Marucci Elite Texas - Holden,1,1,0,22,21,0.5,6
1378,Texans,1,1,0,23,17,0.5,7
1378,Lamar Elite - 9U - Red,1,1,0,26,21,0.5,8
1378,Texas Elite Lobos - Gold,0,2,0,24,16,0.0,9
1379,Marucci Elite Texas - Holden,2,0,0,11,15,1.0,1
1379,SOUTH COAST CREAM X.,2,0,0,12,24,1.0,2
1379,Texans,2,0,0,17,24,1.0,3
1379,Lamar Elite - 9U - Red,1,1,0,14,17,0.5,4
1379,Banditos 9U Texas,1,1,0,16,18,0.5,5
1379,Katy Bombers 9U,1,1,0,20,16,0.5,6
1379,LC Legends,0,2,0,20,11,0.0,7
1379,Houston Bandits 9u,0,2,0,22,15,0.0,8
1379,Texas Elite Lobos - Gold,0,2,0,24,16,0.0,9
1380,Banditos 9U Texas,2,0,0,9,15,1.0,1
1380,SOUTH COAST CREAM X.,2,0,0,12,24,1.0,2
1380,Marucci Elite Texas - Holden,2,0,0,18,37,1.0,3
1380,LC Legends,1,1,0,14,16,0.5,4
1380,Katy Bombers 9U,1,1,0,20,16,0.5,5
1380,Lamar Elite - 9U - Red,1,1,0,23,19,0.5,6
1380,Texans,0,2,0,19,11,0.0,7
1380,Texas Elite Lobos - Gold,0,2,0,24,16,0.0,8
1380,Houston Bandits 9u,0,2,0,28,13,0.0,9
1381,Banditos 9U Texas,2,0,0,11,16,1.0,1
1381,SOUTH COAST CREAM X.,2,0,0,12,24,1.0,2
1381,Lamar Elite - 9U - Red,1,0,1,15,20,0.75,3
1381,LC Legends,1,1,0,13,14,0.5,4
1381,Marucci Elite Texas - Holden,1,1,0,18,19,0.5,5
1381,Katy Bombers 9U,1,1,0,20,16,0.5,6
1381,Houston Bandits 9u,0,1,1,20,14,0.25,7
1381,Texans,0,2,0,18,12,0.0,8
1381,Texas Elite Lobos - Gold,0,2,0,24,16,0.0,9
1382,Banditos 9U Texas,2,0,0,7,16,1.0,1
1382,Houston Bandits 9u,2,0,0,9,21,1.0,2
1382,SOUTH COAST CREAM X.,2,0,0,12,24,1.0,3
1382,Marucci Elite Texas - Holden,1,1,0,19,16,0.5,4
1382,Katy Bombers 9U,1,1,0,20,16,0.5,5
1382,LC Legends,0,1,1,17,13,0.25,6
1382,Texans,0,1,1,17,12,0.25,7
1382,Lamar Elite - 9U - Red,0,2,0,20,11,0.0,8
1382,Texas Elite Lobos - Gold,0,2,0,24,16,0.0,9
1383,SOUTH COAST CREAM X.,2,0,0,12,24,1.0,1
1383,Banditos 9U Texas,2,0,0,15,21,1.0,2
1383,Lamar Elite - 9U - Red,1,0,1,21,25,0.75,3
1383,LC Legends,1,1,0,17,19,0.5,4
1383,Marucci Elite Texas - Holden,0,0,2,19,19,0.5,5
1383,Katy Bombers 9U,1,1,0,20,16,0.5,6
1383,Houston Bandits 9u,0,1,1,22,18,0.25,7
1383,Texas Elite Lobos - Gold,0,2,0,24,16,0.0,8
1383,Texans,0,2,0,28,20,0.0,9
1384,Banditos 9U Texas,2,0,0,12,24,1.0,1
1384,SOUTH COAST CREAM X.,2,0,0,12,24,1.0,2
1384,Marucci Elite Texas - Holden,1,1,0,15,17,0.5,3
1384,Houston Bandits 9u,1,1,0,17,20,0.5,4
1384,Katy Bombers 9U,1,1,0,20,16,0.5,5
1384,Lamar Elite - 9U - Red,1,1,0,22,17,0.5,6
1384,Texans,1,1,0,23,17,0.5,7
1384,LC Legends,0,2,0,17,11,0.0,8
1384,Texas Elite Lobos - Gold,0,2,0,24,16,0.0,9
1385,Banditos 9U Texas,2,0,0,10,18,1.0,1
1385,SOUTH COAST CREAM X.,2,0,0,12,24,1.0,2
1385,Marucci Elite Texas - Holden,2,0,0,22,29,1.0,3
1385,LC Legends,1,1,0,14,13,0.5,4
1385,Houston Bandits 9u,1,1,0,18,21,0.5,5
1385,Katy Bombers 9U,1,1,0,20,16,0.5,6
1385,Texans,0,2,0,19,12,0.0,7
1385,Texas Elite Lobos - Gold,0,2,0,24,16,0.0,8
1385,Lamar Elite - 9U - Red,0,2,0,25,15,0.0,9
1386,SOUTH COAST CREAM X.,2,0,0,12,24,1.0,1
1386,Texans,1,0,1,15,19,0.75,2
1386,Lamar Elite - 9U - Red,1,1,0,14,23,0.5,3
1386,Banditos 9U Texas,1,1,0,15,15,0.5,4
1386,Houston Bandits 9u,1,1,0,19,18,0.5,5
1386,Marucci Elite Texas - Holden,1,1,0,19,11,0.5,6
1386,Katy Bombers 9U,1,1,0,20,16,0.5,7
1386,LC Legends,0,1,1,16,12,0.25,8
1386,Texas Elite Lobos - Gold,0,2,0,24,16,0.0,9
1387,SOUTH COAST CREAM X.,2,0,0,12,24,1.0,1
1387,Texans,2,0,0,12,21,1.0,2
1387,Houston Bandits 9u,2,0,0,14,19,1.0,3
1387,Banditos 9U Texas,1,1,0,15,13,0.5,4
1387,Lamar Elite - 9U - Red,1,1,0,16,24,0.5,5
1387,Katy Bombers 9U,1,1,0,20,16,0.5,6
1387,LC Legends,0,2,0,18,11,0.0,7
1387,Marucci Elite Texas - Holden,0,2,0,20,7,0.0,8
1387,Texas Elite Lobos - Gold,0,2,0,24,16,0.0,9
1388,SOUTH COAST CREAM X.,2,0,0,12,24,1.0,1
1388,Banditos 9U Texas,2,0,0,13,19,1.0,2
1388,Houston Bandits 9u,2,0,0,14,21,1.0,3
1388,Lamar Elite - 9U - Red,1,1,0,18,17,0.5,4
1388,Katy Bombers 9U,1,1,0,20,16,0.5,5
1388,LC Legends,0,1,1,17,13,0.25,6
1388,Texans,0,1,1,20,18,0.25,7
1388,Marucci Elite Texas - Holden,0,2,0,15,9,0.0,8
1388,Texas Elite Lobos - Gold,0,2,0,24,16,0.0,9
1389,SOUTH COAST CREAM X.,2,0,0,12,24,1.0,1
1389,Houston Bandits 9u,2,0,0,23,25,1.0,2
1389,LC Legends,1,1,0,17,16,0.5,3
1389,Banditos 9U Texas,1,1,0,18,17,0.5,4
1389,Katy Bombers 9U,1,1,0,20,16,0.5,5
1389,Texans,1,1,0,21,23,0.5,6
1389,Lamar Elite - 9U - Red,0,1,1,23,22,0.25,7
1389,Marucci Elite Texas - Holden,0,1,1,24,23,0.25,8
1389,Texas Elite Lobos - Gold,0,2,0,24,16,0.0,9
1390,SOUTH COAST CREAM X.,2,0,0,12,24,1.0,1
1390,Texans,2,0,0,13,20,1.0,2
1390,Lamar Elite - 9U - Red,2,0,0,16,27,1.0,3
1390,Banditos 9U Texas,1,1,0,12,14,0.5,4
1390,Katy Bombers 9U,1,1,0,20,16,0.5,5
1390,Marucci Elite Texas - Holden,1,1,0,21,14,0.5,6
1390,Houston Bandits 9u,0,2,0,19,15,0.0,7
1390,LC Legends,0,2,0,20,11,0.0,8
1390,Texas Elite Lobos - Gold,0,2,0,24,16,0.0,9
1391,Lamar Elite - 9U - Red,2,0,0,9,20,1.0,1
1391,SOUTH COAST CREAM X.,2,0,0,12,24,1.0,2
1391,Banditos 9U Texas,1,0,1,11,15,0.75,3
1391,Texans,0,0,2,19,19,0.5,4
1391,Katy Bombers 9U,1,1,0,20,16,0.5,5
1391,Houston Bandits 9u,0,1,1,18,12,0.25,6
1391,LC Legends,0,1,1,20,16,0.25,7
1391,Marucci Elite Texas - Holden,0,1,1,20,15,0.25,8
1391,Texas Elite Lobos - Gold,0,2,0,24,16,0.0,9
1392,SOUTH COAST CREAM X.,2,0,0,12,24,1.0,1
1392,LC Legends,1,1,0,13,20,0.5,2
1392,Banditos 9U Texas,1,1,0,13,14,0.5,3
1392,Marucci Elite Texas - Holden,1,1,0,14,16,0.5,4
1392,Lamar Elite - 9U - Red,1,1,0,18,20,0.5,5
1392,Houston Bandits 9u,1,1,0,19,15,0.5,6
1392,Katy Bombers 9U,1,1,0,20,16,0.5,7
1392,Texans,1,1,0,22,14,0.5,8
1392,Texas Elite Lobos - Gold,0,2,0,24,16,0.0,9
1393,SOUTH COAST CREAM X.,2,0,0,12,24,1.0,1
1393,Texans,2,0,0,12,23,1.0,2
1393,Lamar Elite - 9U - Red,2,0,0,14,18,1.0,3
1393,Marucci Elite Texas - Holden,1,1,0,15,21,0.5,4
1393,Banditos 9U Texas,1,1,0,18,18,0.5,5
1393,Katy Bombers 9U,1,1,0,20,16,0.5,6
1393,LC Legends,0,2,0,17,6,0.0,7
1393,Texas Elite Lobos - Gold,0,2,0,24,16,0.0,8
1393,Houston Bandits 9u,0,2,0,26,16,0.0,9
1394,SOUTH COAST CREAM X.,2,0,0,12,24,1.0,1
1394,Marucci Elite Texas - Holden,1,0,1,12,17,0.75,2
1394,Texans,1,0,1,16,24,0.75,3
1394,Houston Bandits 9u,1,1,0,15,17,0.5,4
1394,Banditos 9U Texas,1,1,0,19,15,0.5,5
1394,Katy Bombers 9U,1,1,0,20,16,0.5,6
1394,Lamar Elite - 9U - Red,0,1,1,15,8,0.25,7
1394,LC Legends,0,1,1,17,13,0.25,8
1394,Texas Elite Lobos - Gold,0,2,0,24,16,0.0,9
1395,SOUTH COAST CREAM X.,2,0,0,12,24,1.0,1
1395,Houston Bandits 9u,2,0,0,15,23,1.0,2
1395,Banditos 9U Texas,2,0,0,16,21,1.0,3
1395,Katy Bombers 9U,1,1,0,20,16,0.5,4
1395,Texans,1,1,0,22,22,0.5,5
1395,Marucci Elite Texas - Holden,0,1,1,15,14,0.25,6
1395,Lamar Elite - 9U - Red,0,1,1,22,15,0.25,7
1395,LC Legends,0,2,0,18,13,0.0,8
1395,Texas Elite Lobos - Gold,0,2,0,24,16,0.0,9
1396,SOUTH COAST CREAM X.,2,0,0,12,24,1.0,1
1396,Lamar Elite - 9U - Red,1,0,1,14,20,0.75,2
1396,Banditos 9U Texas,1,0,1,17,21,0.75,3
1396,Texans,1,0,1,21,22,0.75,4
1396,Houston Bandits 9u,1,1,0,14,10,0.5,5
1396,Katy Bombers 9U,1,1,0,20,16,0.5,6
1396,Marucci Elite Texas - Holden,0,1,1,16,14,0.25,7
1396,LC Legends,0,2,0,17,12,0.0,8
1396,Texas Elite Lobos - Gold,0,2,0,24,16,0.0,9
1397,Houston Bandits 9u,2,0,0,10,25,1.0,1
1397,SOUTH COAST CREAM X.,2,0,0,12,24,1.0,2
1397,Texans,1,0,1,17,20,0.75,3
1397,Marucci Elite Texas - Holden,1,1,0,12,14,0.5,4
1397,Banditos 9U Texas,1,1,0,15,16,0.5,5
1397,Katy Bombers 9U,1,1,0,20,16,0.5,6
1397,LC Legends,0,1,1,17,13,0.25,7
1397,Texas Elite Lobos - Gold,0,2,0,24,16,0.0,8
1397,Lamar Elite - 9U - Red,0,2,0,27,10,0.0,9
1398,SOUTH COAST CREAM X.,2,0,0,12,24,1.0,1
1398,Lamar Elite - 9U - Red,1,0,1,12,22,0.75,2
1398,LC Legends,1,1,0,13,12,0.5,3
1398,Texans,1,1,0,16,18,0.5,4
1398,Banditos 9U Texas,1,1,0,17,16,0.5,5
1398,Katy Bombers 9U,1,1,0,20,16,0.5,6
1398,Marucci Elite Texas - Holden,1,1,0,21,13,0.5,7
1398,Houston Bandits 9u,0,1,1,17,15,0.25,8
1398,Texas Elite Lobos - Gold,0,2,0,24,16,0.0,9
1399,SOUTH COAST CREAM X.,2,0,0,12,24,1.0,1
1399,Banditos 9U Texas,2,0,0,15,20,1.0,2
1399,Houston Bandits 9u,1,0,1,18,32,0.75,3
1399,LC Legends,1,1,0,15,16,0.5,4
1399,Katy Bombers 9U,1,1,0,20,16,0.5,5
1399,Lamar Elite - 9U - Red,1,1,0,25,14,0.5,6
1399,Marucci Elite Texas - Holden,0,1,1,22,19,0.25,7
1399,Texans,0,2,0,24,18,0.0,8
1399,Texas Elite Lobos - Gold,0,2,0,24,16,0.0,9
1400,Banditos 9U Texas,2,0,0,8,14,1.0,1
1400,SOUTH COAST CREAM X.,2,0,0,12,24,1.0,2
1400,Marucci Elite Texas - Holden,2,0,0,18,32,1.0,3
1400,Houston Bandits 9u,1,1,0,20,18,0.5,4
1400,Katy Bombers 9U,1,1,0,20,16,0.5,5
1400,Texans,0,1,1,14,12,0.25,6
1400,LC Legends,0,1,1,16,12,0.25,7
1400,Texas Elite Lobos - Gold,0,2,0,24,16,0.0,8
1400,Lamar Elite - 9U - Red,0,2,0,29,17,0.0,9
1401,SOUTH COAST CREAM X.,2,0,0,12,24,1.0,1
1401,Texans,1,0,1,13,15,0.75,2
1401,Marucci Elite Texas - Holden,1,0,1,19,20,0.75,3
1401,Banditos 9U Texas,1,1,0,14,16,0.5,4
1401,Lamar Elite - 9U - Red,1,1,0,15,25,0.5,5
1401,Katy Bombers 9U,1,1,0,20,16,0.5,6
1401,LC Legends,0,1,1,13,9,0.25,7
1401,Houston Bandits 9u,0,1,1,30,19,0.25,8
1401,Texas Elite Lobos - Gold,0,2,0,24,16,0.0,9
1402,Banditos 9U Texas,2,0,0,11,17,1.0,1
1402,SOUTH COAST CREAM X.,2,0,0,12,24,1.0,2
1402,LC Legends,1,1,0,11,14,0.5,3
1402,Marucci Elite Texas - Holden,1,1,0,20,20,0.5,4
1402,Katy Bombers 9U,1,1,0,20,16,0.5,5
1402,Lamar Elite - 9U - Red,1,1,0,21,23,0.5,6
1402,Houston Bandits 9u,1,1,0,23,21,0.5,7
1402,Texans,0,2,0,19,10,0.0,8
1402,Texas Elite Lobos - Gold,0,2,0,24,16,0.0,9
1403,Banditos 9U Texas,2,0,0,11,19,1.0,1
1403,SOUTH COAST CREAM X.,2,0,0,12,24,1.0,2
1403,Lamar Elite - 9U - Red,1,0,1,15,16,0.75,3
1403,Houston Bandits 9u,1,0,1,21,22,0.75,4
1403,LC Legends,1,1,0,14,14,0.5,5
1403,Katy Bombers 9U,1,1,0,20,16,0.5,6
1403,Marucci Elite Texas - Holden,0,2,0,18,16,0.0,7
1403,Texans,0,2,0,21,13,0.0,8
1403,Texas Elite Lobos - Gold,0,2,0,24,16,0.0,9
1404,SOUTH COAST CREAM X.,2,0,0,12,24,1.0,1
1404,Texans,2,0,0,20,24,1.0,2
1404,Banditos 9U Texas,1,1,0,16,18,0.5,3
1404,Marucci Elite Texas - Holden,1,1,0,19,22,0.5,4
1404,Houston Bandits 9u,1,1,0,20,23,0.5,5
1404,Katy Bombers 9U,1,1,0,20,16,0.5,6
1404,Lamar Elite - 9U - Red,1,1,0,24,18,0.5,7
1404,LC Legends,0,2,0,20,14,0.0,8
1404,Texas Elite Lobos - Gold,0,2,0,24,16,0.0,9
1405,SOUTH COAST CREAM X.,2,0,0,12,24,1.0,1
1405,Houston Bandits 9u,2,0,0,21,32,1.0,2
1405,Banditos 9U Texas,1,0,1,15,19,0.75,3
1405,LC Legends,1,1,0,15,16,0.5,4
1405,Lamar Elite - 9U - Red,1,1,0,20,22,0.5,5
1405,Katy Bombers 9U,1,1,0,20,16,0.5,6
1405,Texans,0,1,1,23,18,0.25,7
1405,Texas Elite Lobos - Gold,0,2,0,24,16,0.0,8
1405,Marucci Elite Texas - Holden,0,2,0,30,17,0.0,9
1406,Houston Bandits 9u,2,0,0,9,17,1.0,1
1406,SOUTH COAST CREAM X.,2,0,0,12,24,1.0,2
1406,Banditos 9U Texas,2,0,0,13,20,1.0,3
1406,Marucci Elite Texas - Holden,1,1,0,17,16,0.5,4
1406,Katy Bombers 9U,1,1,0,20,16,0.5,5
1406,Texans,1,1,0,21,22,0.5,6
1406,Lamar Elite - 9U - Red,0,2,0,21,14,0.0,7
1406,LC Legends,0,2,0,21,13,0.0,8
1406,Texas Elite Lobos - Gold,0,2,0,24,16,0.0,9
1407,SOUTH COAST CREAM X.,2,0,0,12,24,1.0,1
1407,Houston Bandits 9u,2,0,0,17,32,1.0,2
1407,Texans,2,0,0,17,23,1.0,3
1407,Banditos 9U Texas,1,1,0,16,15,0.5,4
1407,Katy Bombers 9U,1,1,0,20,16,0.5,5
1407,Lamar Elite - 9U - Red,1,1,0,26,20,0.5,6
1407,LC Legends,0,2,0,19,14,0.0,7
1407,Marucci Elite Texas - Holden,0,2,0,22,13,0.0,8
1407,Texas Elite Lobos - Gold,0,2,0,24,16,0.0,9
1408,SOUTH COAST CREAM X.,2,0,0,12,24,1.0,1
1408,Texans,1,0,1,19,22,0.75,2
1408,Marucci Elite Texas - Holden,1,1,0,14,15,0.5,3
1408,Lamar Elite - 9U - Red,1,1,0,17,18,0.5,4
1408,Banditos 9U Texas,1,1,0,19,20,0.5,5
1408,Houston Bandits 9u,1,1,0,19,17,0.5,6
1408,Katy Bombers 9U,1,1,0,20,16,0.5,7
1408,LC Legends,0,1,1,15,11,0.25,8
1408,Texas Elite Lobos - Gold,0,2,0,24,16,0.0,9
1409,SOUTH COAST CREAM X.,2,0,0,12,24,1.0,1
1409,Houston Bandits 9u,1,0,1,15,20,0.75,2
1409,LC Legends,1,1,0,13,13,0.5,3
1409,Texans,1,1,0,17,18,0.5,4
1409,Banditos 9U Texas,1,1,0,17,16,0.5,5
1409,Marucci Elite Texas - Holden,0,0,2,18,18,0.5,6
1409,Katy Bombers 9U,1,1,0,20,16,0.5,7
1409,Lamar Elite - 9U - Red,0,1,1,18,13,0.25,8
1409,Texas Elite Lobos - Gold,0,2,0,24,16,0.0,9
1410,Banditos 9U Texas,2,0,0,9,16,1.0,1
1410,Marucci Elite Texas - Holden,2,0,0,12,27,1.0,2
1410,SOUTH COAST CREAM X.,2,0,0,12,24,1.0,3
1410,Texans,1,1,0,12,22,0.5,4
1410,Katy Bombers 9U,1,1,0,20,16,0.5,5
1410,Lamar Elite - 9U - Red,0,1,1,19,11,0.25,6
1410,Houston Bandits 9u,0,1,1,20,13,0.25,7
1410,Texas Elite Lobos - Gold,0,2,0,24,16,0.0,8
1410,LC Legends,0,2,0,25,8,0.0,9
1411,SOUTH COAST CREAM X.,2,0,0,12,24,1.0,1
1411,Banditos 9U Texas,1,0,1,14,18,0.75,2
1411,Lamar Elite - 9U - Red,1,1,0,16,18,0.5,3
1411,Houston Bandits 9u,1,1,0,16,14,0.5,4
1411,LC Legends,1,1,0,18,18,0.5,5
1411,Marucci Elite Texas - Holden,1,1,0,19,19,0.5,6
1411,Katy Bombers 9U,1,1,0,20,16,0.5,7
1411,Texans,0,1,1,24,20,0.25,8
1411,Texas Elite Lobos - Gold,0,2,0,24,16,0.0,9
1412,SOUTH COAST CREAM X.,2,0,0,12,24,1.0,1
1412,Houston Bandits 9u,1,1,0,16,26,0.5,2
1412,Banditos 9U Texas,1,1,0,16,13,0.5,3
1412,Texans,1,1,0,17,23,0.5,4
1412,LC Legends,1,1,0,19,16,0.5,5
1412,Katy Bombers 9U,1,1,0,20,16,0.5,6
1412,Lamar Elite - 9U - Red,1,1,0,21,17,0.5,7
1412,Marucci Elite Texas - Holden,1,1,0,22,16,0.5,8
1412,Texas Elite Lobos - Gold,0,2,0,24,16,0.0,9
1413,SOUTH COAST CREAM X.,2,0,0,12,24,1.0,1
1413,Houston Bandits 9u,2,0,0,13,22,1.0,2
1413,Texans,2,0,0,18,35,1.0,3
1413,Katy Bombers 9U,1,1,0,20,16,0.5,4
1413,Lamar Elite - 9U - Red,1,1,0,22,19,0.5,5
1413,Banditos 9U Texas,1,1,0,27,20,0.5,6
1413,Marucci Elite Texas - Holden,0,2,0,19,13,0.0,7
1413,LC Legends,0,2,0,20,10,0.0,8
1413,Texas Elite Lobos - Gold,0,2,0,24,16,0.0,9
1414,SOUTH COAST CREAM X.,2,0,0,12,24,1.0,1
1414,Marucci Elite Texas - Holden,2,0,0,18,34,1.0,2
1414,LC Legends,1,1,0,15,16,0.5,3
1414,Banditos 9U Texas,1,1,0,15,15,0.5,4
1414,Texans,1,1,0,19,18,0.5,5
1414,Katy Bombers 9U,1,1,0,20,16,0.5,6
1414,Lamar Elite - 9U - Red,1,1,0,21,22,0.5,7
1414,Texas Elite Lobos - Gold,0,2,0,24,16,0.0,8
1414,Houston Bandits 9u,0,2,0,36,19,0.0,9
1415,SOUTH COAST CREAM X.,2,0,0,12,24,1.0,1
1415,Katy Bombers 9U,1,1,0,20,16,0.5,2
1415,Marucci Elite Texas - Holden,1,1,0,21,22,0.5,3
1415,Houston Bandits 9u,1,1,0,21,21,0.5,4
1415,Banditos 9U Texas,1,1,0,21,18,0.5,5
1415,LC Legends,1,1,0,21,18,0.5,6
1415,Lamar Elite - 9U - Red,1,1,0,22,21,0.5,7
1415,Texans,1,1,0,24,30,0.5,8
1415,Texas Elite Lobos - Gold,0,2,0,24,16,0.0,9
1416,SOUTH COAST CREAM X.,2,0,0,12,24,1.0,1
1416,Houston Bandits 9u,2,0,0,12,23,1.0,2
1416,Banditos 9U Texas,2,0,0,12,17,1.0,3
1416,LC Legends,1,1,0,12,11,0.5,4
1416,Marucci Elite Texas - Holden,1,1,0,14,22,0.5,5
1416,Katy Bombers 9U,1,1,0,20,16,0.5,6
1416,Texans,0,2,0,16,12,0.0,7
1416,Texas Elite Lobos - Gold,0,2,0,24,16,0.0,8
1416,Lamar Elite - 9U - Red,0,2,0,33,14,0.0,9
1417,SOUTH COAST CREAM X.,2,0,0,12,24,1.0,1
1417,Marucci Elite Texas - Holden,2,0,0,14,22,1.0,2
1417,Texans,1,0,1,15,16,0.75,3
1417,Banditos 9U Texas,1,1,0,12,15,0.5,4
1417,Houston Bandits 9u,1,1,0,15,12,0.5,5
1417,Katy Bombers 9U,1,1,0,20,16,0.5,6
1417,LC Legends,0,1,1,16,12,0.25,7
1417,Lamar Elite - 9U - Red,0,2,0,19,14,0.0,8
1417,Texas Elite Lobos - Gold,0,2,0,24,16,0.0,9
1418,SOUTH COAST CREAM X.,2,0,0,12,24,1.0,1
1418,Marucci Elite Texas - Holden,1,0,1,17,25,0.75,2
1418,LC Legends,1,1,0,17,15,0.5,3
1418,Texans,1,1,0,19,27,0.5,4
1418,Katy Bombers 9U,1,1,0,20,16,0.5,5
1418,Banditos 9U Texas,1,1,0,22,16,0.5,6
1418,Houston Bandits 9u,1,1,0,23,20,0.5,7
1418,Lamar Elite - 9U - Red,0,1,1,21,16,0.25,8
1418,Texas Elite Lobos - Gold,0,2,0,24,16,0.0,9
1419,SOUTH COAST CREAM X.,2,0,0,12,24,1.0,1
1419,Lamar Elite - 9U - Red,2,0,0,14,29,1.0,2
1419,Texans,2,0,0,17,23,1.0,3
1419,Banditos 9U Texas,1,1,0,16,18,0.5,4
1419,Katy Bombers 9U,1,1,0,20,16,0.5,5
1419,Houston Bandits 9u,0,1,1,21,16,0.25,6
1419,Marucci Elite Texas - Holden,0,1,1,26,16,0.25,7
1419,LC Legends,0,2,0,19,11,0.0,8
1419,Texas Elite Lobos - Gold,0,2,0,24,16,0.0,9
1420,SOUTH COAST CREAM X.,2,0,0,12,24,1.0,1
1420,Marucci Elite Texas - Holden,2,0,0,19,25,1.0,2
1420,Banditos 9U Texas,1,1,0,17,18,0.5,3
1420,LC Legends,1,1,0,18,16,0.5,4
1420,Katy Bombers 9U,1,1,0,20,16,0.5,5
1420,Texans,1,1,0,22,23,0.5,6
1420,Houston Bandits 9u,1,1,0,24,26,0.5,7
1420,Texas Elite Lobos - Gold,0,2,0,24,16,0.0,8
1420,Lamar Elite - 9U - Red,0,2,0,27,19,0.0,9
1421,Marucci Elite Texas - Holden,2,0,0,11,26,1.0,1
1421,SOUTH COAST CREAM X.,2,0,0,12,24,1.0,2
1421,LC Legends,1,1,0,13,18,0.5,3
1421,Texans,1,1,0,20,21,0.5,4
1421,Katy Bombers 9U,1,1,0,20,16,0.5,5
1421,Banditos 9U Texas,1,1,0,20,14,0.5,6
1421,Houston Bandits 9u,1,1,0,23,15,0.5,7
1421,Lamar Elite - 9U - Red,0,2,0,23,16,0.0,8
1421,Texas Elite Lobos - Gold,0,2,0,24,16,0.0,9
1422,Texans,2,0,0,8,17,1.0,1
1422,SOUTH COAST CREAM X.,2,0,0,12,24,1.0,2
1422,Lamar Elite - 9U - Red,1,0,1,14,17,0.75,3
1422,Banditos 9U Texas,1,1,0,14,11,0.5,4
1422,Houston Bandits 9u,1,1,0,17,20,0.5,5
1422,Katy Bombers 9U,1,1,0,20,16,0.5,6
1422,Marucci Elite Texas - Holden,0,1,1,20,14,0.25,7
1422,LC Legends,0,2,0,15,9,0.0,8
1422,Texas Elite Lobos - Gold,0,2,0,24,16,0.0,9
1423,SOUTH COAST CREAM X.,2,0,0,12,24,1.0,1
1423,Houston Bandits 9u,2,0,0,16,27,1.0,2
1423,Banditos 9U Texas,1,0,1,11,15,0.75,3
1423,Texans,1,0,1,12,16,0.75,4
1423,Marucci Elite Texas - Holden,1,1,0,18,19,0.5,5
1423,Katy Bombers 9U,1,1,0,20,16,0.5,6
1423,LC Legends,0,2,0,17,9,0.0,7
1423,Lamar Elite - 9U - Red,0,2,0,22,10,0.0,8
1423,Texas Elite Lobos - Gold,0,2,0,24,16,0.0,9
1424,SOUTH COAST CREAM X.,2,0,0,12,24,1.0,1
1424,Lamar Elite - 9U - Red,2,0,0,16,25,1.0,2
1424,LC Legends,1,1,0,16,16,0.5,3
1424,Banditos 9U Texas,1,1,0,16,15,0.5,4
1424,Texans,1,1,0,19,20,0.5,5
1424,Katy Bombers 9U,1,1,0,20,16,0.5,6
1424,Marucci Elite Texas - Holden,1,1,0,22,15,0.5,7
1424,Houston Bandits 9u,0,2,0,20,18,0.0,8
1424,Texas Elite Lobos - Gold,0,2,0,24,16,0.0,9
1425,SOUTH COAST CREAM X.,2,0,0,12,24,1.0,1
1425,Lamar Elite - 9U - Red,2,0,0,12,22,1.0,2
1425,Banditos 9U Texas,2,0,0,12,18,1.0,3
1425,Houston Bandits 9u,1,1,0,17,20,0.5,4
1425,LC Legends,1,1,0,18,20,0.5,5
1425,Katy Bombers 9U,1,1,0,20,16,0.5,6
1425,Marucci Elite Texas - Holden,0,2,0,21,8,0.0,7
1425,Texas Elite Lobos - Gold,0,2,0,24,16,0.0,8
1425,Texans,0,2,0,26,18,0.0,9
1426,SOUTH COAST CREAM X.,2,0,0,12,24,1.0,1
1426,Banditos 9U Texas,1,0,1,16,20,0.75,2
1426,LC Legends,1,1,0,13,12,0.5,3
1426,Marucci Elite Texas - Holden,1,1,0,15,16,0.5,4
1426,Houston Bandits 9u,1,1,0,18,19,0.5,5
1426,Lamar Elite - 9U - Red,1,1,0,19,17,0.5,6
1426,Katy Bombers 9U,1,1,0,20,16,0.5,7
1426,Texans,0,1,1,20,17,0.25,8
1426,Texas Elite Lobos - Gold,0,2,0,24,16,0.0,9
1427,SOUTH COAST CREAM X.,2,0,0,12,24,1.0,1
1427,Marucci Elite Texas - Holden,2,0,0,15,23,1.0,2
1427,Texans,1,1,0,10,15,0.5,3
1427,LC Legends,1,1,0,11,11,0.5,4
1427,Lamar Elite - 9U - Red,1,1,0,15,11,0.5,5
1427,Banditos 9U Texas,1,1,0,16,11,0.5,6
1427,Katy Bombers 9U,1,1,0,20,16,0.5,7
1427,Houston Bandits 9u,0,2,0,18,14,0.0,8
1427,Texas Elite Lobos - Gold,0,2,0,24,16,0.0,9
1428,SOUTH COAST CREAM X.,2,0,0,12,24,1.0,1
1428,Texans,2,0,0,13,17,1.0,2
1428,Banditos 9U Texas,1,1,0,11,12,0.5,3
1428,Houston Bandits 9u,1,1,0,19,15,0.5,4
1428,Katy Bombers 9U,1,1,0,20,16,0.5,5
1428,Marucci Elite Texas - Holden,1,1,0,21,22,0.5,6
1428,Lamar Elite - 9U - Red,1,1,0,22,25,0.5,7
1428,LC Legends,0,2,0,18,13,0.0,8
1428,Texas Elite Lobos - Gold,0,2,0,24,16,0.0,9
1429,SOUTH COAST CREAM X.,2,0,0,12,24,1.0,1
1429,Houston Bandits 9u,1,1,0,14,17,0.5,2
1429,Banditos 9U Texas,1,1,0,14,13,0.5,3
1429,Marucci Elite Texas - Holden,1,1,0,16,17,0.5,4
1429,Texans,1,1,0,20,22,0.5,5
1429,LC Legends,1,1,0,20,19,0.5,6
1429,Katy Bombers 9U,1,1,0,20,16,0.5,7
1429,Lamar Elite - 9U - Red,1,1,0,20,16,0.5,8
1429,Texas Elite Lobos - Gold,0,2,0,24,16,0.0,9
1430,SOUTH COAST CREAM X.,2,0,0,12,24,1.0,1
1430,Banditos 9U Texas,2,0,0,13,18,1.0,2
1430,Marucci Elite Texas - Holden,2,0,0,14,25,1.0,3
1430,Katy Bombers 9U,1,1,0,20,16,0.5,4
1430,LC Legends,0,1,1,18,14,0.25,5
1430,Texans,0,1,1,20,19,0.25,6
1430,Lamar Elite - 9U - Red,0,1,1,20,18,0.25,7
1430,Houston Bandits 9u,0,1,1,25,16,0.25,8
1430,Texas Elite Lobos - Gold,0,2,0,24,16,0.0,9
1431,SOUTH COAST CREAM X.,2,0,0,12,24,1.0,1
1431,Texans,2,0,0,22,24,1.0,2
1431,Houston Bandits 9u,1,0,1,18,21,0.75,3
1431,Banditos 9U Texas,1,1,0,17,20,0.5,4
1431,Marucci Elite Texas - Holden,1,1,0,17,18,0.5,5
1431,Katy Bombers 9U,1,1,0,20,16,0.5,6
1431,Lamar Elite - 9U - Red,0,1,1,18,14,0.25,7
1431,LC Legends,0,2,0,19,14,0.0,8
1431,Texas Elite Lobos - Gold,0,2,0,24,16,0.0,9
1432,Lamar Elite - 9U - Red,2,0,0,11,18,1.0,1
1432,SOUTH COAST CREAM X.,2,0,0,12,24,1.0,2
1432,Banditos 9U Texas,2,0,0,13,18,1.0,3
1432,Houston Bandits 9u,1,1,0,13,18,0.5,4
1432,Katy Bombers 9U,1,1,0,20,16,0.5,5
1432,LC Legends,0,1,1,20,16,0.25,6
1432,Texans,0,1,1,22,21,0.25,7
1432,Texas Elite Lobos - Gold,0,2,0,24,16,0.0,8
1432,Marucci Elite Texas - Holden,0,2,0,25,13,0.0,9
1433,SOUTH COAST CREAM X.,2,0,0,12,24,1.0,1
1433,Houston Bandits 9u,1,0,1,11,16,0.75,2
1433,Banditos 9U Texas,1,1,0,17,14,0.5,3
1433,Texans,1,1,0,18,24,0.5,4
1433,LC Legends,1,1,0,19,16,0.5,5
1433,Katy Bombers 9U,1,1,0,20,16,0.5,6
1433,Lamar Elite - 9U - Red,1,1,0,22,21,0.5,7
1433,Marucci Elite Texas - Holden,0,1,1,22,18,0.25,8
1433,Texas Elite Lobos - Gold,0,2,0,24,16,0.0,9
1434,SOUTH COAST CREAM X.,2,0,0,12,24,1.0,1
1434,Marucci Elite Texas - Holden,2,0,0,15,30,1.0,2
1434,Banditos 9U Texas,1,1,0,14,16,0.5,3
1434,LC Legends,1,1,0,20,17,0.5,4
1434,Katy Bombers 9U,1,1,0,20,16,0.5,5
1434,Texans,1,1,0,21,22,0.5,6
1434,Houston Bandits 9u,0,1,1,26,19,0.25,7
1434,Lamar Elite - 9U - Red,0,1,1,26,18,0.25,8
1434,Texas Elite Lobos - Gold,0,2,0,24,16,0.0,9
1435,SOUTH COAST CREAM X.,2,0,0,12,24,1.0,1
1435,Banditos 9U Texas,2,0,0,13,19,1.0,2
1435,Lamar Elite - 9U - Red,1,0,1,25,27,0.75,3
1435,LC Legends,1,1,0,17,18,0.5,4
1435,Katy Bombers 9U,1,1,0,20,16,0.5,5
1435,Houston Bandits 9u,1,1,0,26,26,0.5,6
1435,Marucci Elite Texas - Holden,0,1,1,21,19,0.25,7
1435,Texas Elite Lobos - Gold,0,2,0,24,16,0.0,8
1435,Texans,0,2,0,25,18,0.0,9
1436,SOUTH COAST CREAM X.,2,0,0,12,24,1.0,1
1436,Houston Bandits 9u,2,0,0,14,18,1.0,2
1436,Lamar Elite - 9U - Red,1,1,0,13,15,0.5,3
1436,LC Legends,1,1,0,14,11,0.5,4
1436,Texans,1,1,0,16,28,0.5,5
1436,Katy Bombers 9U,1,1,0,20,16,0.5,6
1436,Banditos 9U Texas,1,1,0,26,17,0.5,7
1436,Marucci Elite Texas - Holden,0,2,0,16,10,0.0,8
1436,Texas Elite Lobos - Gold,0,2,0,24,16,0.0,9
1437,SOUTH COAST CREAM X.,2,0,0,12,24,1.0,1
1437,Houston Bandits 9u,2,0,0,18,25,1.0,2
1437,Texans,1,0,1,16,21,0.75,3
1437,Banditos 9U Texas,1,1,0,17,16,0.5,4
1437,Katy Bombers 9U,1,1,0,20,16,0.5,5
1437,Lamar Elite - 9U - Red,1,1,0,21,20,0.5,6
1437,LC Legends,0,1,1,16,12,0.25,7
1437,Texas Elite Lobos - Gold,0,2,0,24,16,0.0,8
1437,Marucci Elite Texas - Holden,0,2,0,25,19,0.0,9
1438,SOUTH COAST CREAM X.,2,0,0,12,24,1.0,1
1438,Banditos 9U Texas,2,0,0,12,20,1.0,2
1438,Marucci Elite Texas - Holden,2,0,0,14,19,1.0,3
1438,LC Legends,1,1,0,15,15,0.5,4
1438,Houston Bandits 9u,1,1,0,16,20,0.5,5
1438,Katy Bombers 9U,1,1,0,20,16,0.5,6
1438,Lamar Elite - 9U - Red,0,2,0,22,13,0.0,7
1438,Texans,0,2,0,23,15,0.0,8
1438,Texas Elite Lobos - Gold,0,2,0,24,16,0.0,9
1439,SOUTH COAST CREAM X.,2,0,0,12,24,1.0,1
1439,Texans,2,0,0,12,22,1.0,2
1439,Banditos 9U Texas,1,1,0,18,13,0.5,3
1439,Marucci Elite Texas - Holden,1,1,0,19,25,0.5,4
1439,Katy Bombers 9U,1,1,0,20,16,0.5,5
1439,Lamar Elite - 9U - Red,1,1,0,21,25,0.5,6
1439,Houston Bandits 9u,1,1,0,30,20,0.5,7
1439,LC Legends,0,2,0,16,11,0.0,8
1439,Texas Elite Lobos - Gold,0,2,0,24,16,0.0,9
1440,SOUTH COAST CREAM X.,2,0,0,12,24,1.0,1
1440,Houston Bandits 9u,2,0,0,19,29,1.0,2
1440,Texans,1,1,0,14,17,0.5,3
1440,Banditos 9U Texas,1,1,0,14,14,0.5,4
1440,LC Legends,1,1,0,15,12,0.5,5
1440,Marucci Elite Texas - Holden,1,1,0,20,19,0.5,6
1440,Katy Bombers 9U,1,1,0,20,16,0.5,7
1440,Texas Elite Lobos - Gold,0,2,0,24,16,0.0,8
1440,Lamar Elite - 9U - Red,0,2,0,24,15,0.0,9
1441,SOUTH COAST CREAM X.,2,0,0,12,24,1.0,1
1441,Lamar Elite - 9U - Red,2,0,0,13,23,1.0,2
1441,Banditos 9U Texas,2,0,0,15,20,1.0,3
1441,LC Legends,1,1,0,16,21,0.5,4
1441,Houston Bandits 9u,1,1,0,19,23,0.5,5
1441,Katy Bombers 9U,1,1,0,20,16,0.5,6
1441,Texas Elite Lobos - Gold,0,2,0,24,16,0.0,7
1441,Marucci Elite Texas - Holden,0,2,0,25,11,0.0,8
1441,Texans,0,2,0,29,19,0.0,9
1442,SOUTH COAST CREAM X.,2,0,0,12,24,1.0,1
1442,Banditos 9U Texas,2,0,0,13,19,1.0,2
1442,Marucci Elite Texas - Holden,2,0,0,17,23,1.0,3
1442,Texans,1,1,0,17,19,0.5,4
1442,Katy Bombers 9U,1,1,0,20,16,0.5,5
1442,Houston Bandits 9u,0,1,1,18,14,0.25,6
1442,Lamar Elite - 9U - Red,0,1,1,19,17,0.25,7
1442,LC Legends,0,2,0,18,10,0.0,8
1442,Texas Elite Lobos - Gold,0,2,0,24,16,0.0,9
1443,SOUTH COAST CREAM X.,2,0,0,12,24,1.0,1
1443,Lamar Elite - 9U - Red,2,0,0,17,27,1.0,2
1443,Banditos 9U Texas,1,0,1,17,21,0.75,3
1443,Texans,1,0,1,22,23,0.75,4
1443,Katy Bombers 9U,1,1,0,20,16,0.5,5
1443,Houston Bandits 9u,1,1,0,23,23,0.5,6
1443,LC Legends,0,2,0,18,13,0.0,7
1443,Texas Elite Lobos - Gold,0,2,0,24,16,0.0,8
1443,Marucci Elite Texas - Holden,0,2,0,26,16,0.0,9
1444,SOUTH COAST CREAM X.,2,0,0,12,24,1.0,1
1444,Lamar Elite - 9U - Red,2,0,0,17,19,1.0,2
1444,LC Legends,1,1,0,10,12,0.5,3
1444,Banditos 9U Texas,1,1,0,15,15,0.5,4
1444,Texans,1,1,0,15,13,0.5,5
1444,Marucci Elite Texas - Holden,1,1,0,16,18,0.5,6
1444,Katy Bombers 9U,1,1,0,20,16,0.5,7
1444,Houston Bandits 9u,0,2,0,20,16,0.0,8
1444,Texas Elite Lobos - Gold,0,2,0,24,16,0.0,9
1445,SOUTH COAST CREAM X.,2,0,0,12,24,1.0,1
1445,Marucci Elite Texas - Holden,1,1,0,15,18,0.5,2
1445,LC Legends,1,1,0,15,15,0.5,3
1445,Banditos 9U Texas,1,1,0,16,17,0.5,4
1445,Lamar Elite - 9U - Red,1,1,0,16,15,0.5,5
1445,Houston Bandits 9u,1,1,0,16,14,0.5,6
1445,Texans,1,1,0,20,19,0.5,7
1445,Katy Bombers 9U,1,1,0,20,16,0.5,8
1445,Texas Elite Lobos - Gold,0,2,0,24,16,0.0,9
1446,SOUTH COAST CREAM X.,2,0,0,12,24,1.0,1
1446,Houston Bandits 9u,2,0,0,16,24,1.0,2
1446,Texans,2,0,0,16,19,1.0,3
1446,Banditos 9U Texas,1,1,0,14,17,0.5,4
1446,Katy Bombers 9U,1,1,0,20,16,0.5,5
1446,Lamar Elite - 9U - Red,1,1,0,21,25,0.5,6
1446,LC Legends,0,2,0,17,11,0.0,7
1446,Texas Elite Lobos - Gold,0,2,0,24,16,0.0,8
1446,Marucci Elite Texas - Holden,0,2,0,27,15,0.0,9
1447,SOUTH COAST CREAM X.,2,0,0,12,24,1.0,1
1447,Texans,2,0,0,15,26,1.0,2
1447,Houston Bandits 9u,2,0,0,18,27,1.0,3
1447,Banditos 9U Texas,1,1,0,13,15,0.5,4
1447,Katy Bombers 9U,1,1,0,20,16,0.5,5
1447,Lamar Elite - 9U - Red,1,1,0,22,23,0.5,6
1447,Texas Elite Lobos - Gold,0,2,0,24,16,0.0,7
1447,Marucci Elite Texas - Holden,0,2,0,24,14,0.0,8
1447,LC Legends,0,2,0,25,12,0.0,9
1448,SOUTH COAST CREAM X.,2,0,0,12,24,1.0,1
1448,Texans,1,0,1,16,17,0.75,2
1448,Banditos 9U Texas,1,1,0,14,17,0.5,3
1448,Lamar Elite - 9U - Red,1,1,0,19,15,0.5,4
1448,Houston Bandits 9u,1,1,0,20,22,0.5,5
1448,Katy Bombers 9U,1,1,0,20,16,0.5,6
1448,Marucci Elite Texas - Holden,1,1,0,21,23,0.5,7
1448,LC Legends,0,1,1,15,11,0.25,8
1448,Texas Elite Lobos - Gold,0,2,0,24,16,0.0,9
1449,SOUTH COAST CREAM X.,2,0,0,12,24,1.0,1
1449,Marucci Elite Texas - Holden,2,0,0,12,23,1.0,2
1449,Banditos 9U Texas,1,0,1,11,15,0.75,3
1449,Texans,1,0,1,13,16,0.75,4
1449,Katy Bombers 9U,1,1,0,20,16,0.5,5
1449,Lamar Elite - 9U - Red,1,1,0,21,25,0.5,6
1449,LC Legends,0,2,0,17,10,0.0,7
1449,Texas Elite Lobos - Gold,0,2,0,24,16,0.0,8
1449,Houston Bandits 9u,0,2,0,26,11,0.0,9
1450,SOUTH COAST CREAM X.,2,0,0,12,24,1.0,1
1450,Houston Bandits 9u,2,0,0,13,20,1.0,2
1450,Texans,1,1,0,16,21,0.5,3
1450,LC Legends,1,1,0,16,13,0.5,4
1450,Lamar Elite - 9U - Red,1,1,0,17,20,0.5,5
1450,Banditos 9U Texas,1,1,0,17,15,0.5,6
1450,Katy Bombers 9U,1,1,0,20,16,0.5,7
1450,Marucci Elite Texas - Holden,0,2,0,22,12,0.0,8
1450,Texas Elite Lobos - Gold,0,2,0,24,16,0.0,9
1451,SOUTH COAST CREAM X.,2,0,0,12,24,1.0,1
1451,Texans,1,0,1,25,26,0.75,2
1451,Banditos 9U Texas,1,1,0,16,19,0.5,3
1451,Marucci Elite Texas - Holden,1,1,0,17,19,0.5,4
1451,Houston Bandits 9u,1,1,0,18,17,0.5,5
1451,Lamar Elite - 9U - Red,1,1,0,18,17,0.5,6
1451,Katy Bombers 9U,1,1,0,20,16,0.5,7
1451,LC Legends,0,1,1,22,18,0.25,8
1451,Texas Elite Lobos - Gold,0,2,0,24,16,0.0,9
1452,SOUTH COAST CREAM X.,2,0,0,12,24,1.0,1
1452,Texans,2,0,0,15,27,1.0,2
1452,Lamar Elite - 9U - Red,1,1,0,11,14,0.5,3
1452,Houston Bandits 9u,1,1,0,14,11,0.5,4
1452,Marucci Elite Texas - Holden,1,1,0,15,15,0.5,5
1452,Banditos 9U Texas,1,1,0,18,14,0.5,6
1452,Katy Bombers 9U,1,1,0,20,16,0.5,7
1452,LC Legends,0,2,0,21,13,0.0,8
1452,Texas Elite Lobos - Gold,0,2,0,24,16,0.0,9
1453,SOUTH COAST CREAM X.,2,0,0,12,24,1.0,1
1453,Banditos 9U Texas,2,0,0,12,20,1.0,2
1453,Lamar Elite - 9U - Red,1,0,1,21,29,0.75,3
1453,Texans,1,1,0,17,16,0.5,4
1453,Katy Bombers 9U,1,1,0,20,16,0.5,5
1453,Marucci Elite Texas - Holden,1,1,0,24,22,0.5,6
1453,Houston Bandits 9u,0,1,1,19,13,0.25,7
1453,LC Legends,0,2,0,16,9,0.0,8
1453,Texas Elite Lobos - Gold,0,2,0,24,16,0.0,9
1454,SOUTH COAST CREAM X.,2,0,0,12,24,1.0,1
1454,Lamar Elite - 9U - Red,1,1,0,15,22,0.5,2
1454,LC Legends,1,1,0,19,20,0.5,3
1454,Houston Bandits 9u,1,1,0,19,19,0.5,4
1454,Katy Bombers 9U,1,1,0,20,16,0.5,5
1454,Banditos 9U Texas,1,1,0,21,17,0.5,6
1454,Marucci Elite Texas - Holden,1,1,0,21,14,0.5,7
1454,Texans,1,1,0,25,28,0.5,8
1454,Texas Elite Lobos - Gold,0,2,0,24,16,0.0,9
1455,SOUTH COAST CREAM X.,2,0,0,12,24,1.0,1
1455,Banditos 9U Texas,1,0,1,15,19,0.75,2
1455,LC Legends,1,1,0,15,16,0.5,3
1455,Lamar Elite - 9U - Red,1,1,0,16,19,0.5,4
1455,Houston Bandits 9u,1,1,0,19,13,0.5,5
1455,Katy Bombers 9U,1,1,0,20,16,0.5,6
1455,Marucci Elite Texas - Holden,1,1,0,21,24,0.5,7
1455,Texans,0,1,1,23,18,0.25,8
1455,Texas Elite Lobos - Gold,0,2,0,24,16,0.0,9
1456,SOUTH COAST CREAM X.,2,0,0,12,24,1.0,1
1456,Marucci Elite Texas - Holden,1,0,1,18,22,0.75,2
1456,LC Legends,1,1,0,14,16,0.5,3
1456,Banditos 9U Texas,1,1,0,16,13,0.5,4
1456,Texans,1,1,0,17,18,0.5,5
1456,Katy Bombers 9U,1,1,0,20,16,0.5,6
1456,Houston Bandits 9u,1,1,0,21,18,0.5,7
1456,Lamar Elite - 9U - Red,0,1,1,20,19,0.25,8
1456,Texas Elite Lobos - Gold,0,2,0,24,16,0.0,9
1457,SOUTH COAST CREAM X.,2,0,0,12,24,1.0,1
1457,LC Legends,1,1,0,14,17,0.5,2
1457,Banditos 9U Texas,1,1,0,16,19,0.5,3
1457,Katy Bombers 9U,1,1,0,20,16,0.5,4
1457,Lamar Elite - 9U - Red,1,1,0,21,20,0.5,5
1457,Houston Bandits 9u,1,1,0,21,19,0.5,6
1457,Marucci Elite Texas - Holden,1,1,0,24,27,0.5,7
1457,Texans,1,1,0,24,18,0.5,8
1457,Texas Elite Lobos - Gold,0,2,0,24,16,0.0,9
1458,SOUTH COAST CREAM X.,2,0,0,12,24,1.0,1
1458,Texans,1,1,0,15,20,0.5,2
1458,Banditos 9U Texas,1,1,0,16,14,0.5,3
1458,LC Legends,1,1,0,16,13,0.5,4
1458,Marucci Elite Texas - Holden,1,1,0,19,20,0.5,5
1458,Katy Bombers 9U,1,1,0,20,16,0.5,6
1458,Houston Bandits 9u,1,1,0,21,21,0.5,7
1458,Lamar Elite - 9U - Red,1,1,0,23,22,0.5,8
1458,Texas Elite Lobos - Gold,0,2,0,24,16,0.0,9
1459,SOUTH COAST CREAM X.,2,0,0,12,24,1.0,1
1459,Lamar Elite - 9U - Red,1,1,0,13,16,0.5,2
1459,Houston Bandits 9u,1,1,0,16,21,0.5,3
1459,Texans,1,1,0,18,28,0.5,4
1459,LC Legends,1,1,0,18,16,0.5,5
1459,Katy Bombers 9U,1,1,0,20,16,0.5,6
1459,Banditos 9U Texas,1,1,0,22,14,0.5,7
1459,Marucci Elite Texas - Holden,1,1,0,23,15,0.5,8
1459,Texas Elite Lobos - Gold,0,2,0,24,16,0.0,9
1460,SOUTH COAST CREAM X.,2,0,0,12,24,1.0,1
1460,Houston Bandits 9u,2,0,0,16,20,1.0,2
1460,Banditos 9U Texas,1,0,1,15,19,0.75,3
1460,LC Legends,1,1,0,17,14,0.5,4
1460,Katy Bombers 9U,1,1,0,20,16,0.5,5
1460,Lamar Elite - 9U - Red,0,1,1,18,15,0.25,6
1460,Marucci Elite Texas - Holden,0,1,1,20,19,0.25,7
1460,Texans,0,1,1,21,20,0.25,8
1460,Texas Elite Lobos - Gold,0,2,0,24,16,0.0,9
1461,Lamar Elite - 9U - Red,2,0,0,11,16,1.0,1
1461,SOUTH COAST CREAM X.,2,0,0,12,24,1.0,2
1461,LC Legends,1,1,0,13,14,0.5,3
1461,Banditos 9U Texas,1,1,0,14,16,0.5,4
1461,Houston Bandits 9u,1,1,0,16,17,0.5,5
1461,Texans,1,1,0,18,15,0.5,6
1461,Katy Bombers 9U,1,1,0,20,16,0.5,7
1461,Marucci Elite Texas - Holden,0,2,0,23,17,0.0,8
1461,Texas Elite Lobos - Gold,0,2,0,24,16,0.0,9
1462,Lamar Elite - 9U - Red,2,0,0,10,24,1.0,1
1462,SOUTH COAST CREAM X.,2,0,0,12,24,1.0,2
1462,Banditos 9U Texas,1,1,0,15,14,0.5,3
1462,LC Legends,1,1,0,19,19,0.5,4
1462,Katy Bombers 9U,1,1,0,20,16,0.5,5
1462,Texans,1,1,0,21,22,0.5,6
1462,Houston Bandits 9u,1,1,0,23,19,0.5,7
1462,Texas Elite Lobos - Gold,0,2,0,24,16,0.0,8
1462,Marucci Elite Texas - Holden,0,2,0,25,15,0.0,9
1463,Banditos 9U Texas,2,0,0,9,17,1.0,1
1463,SOUTH COAST CREAM X.,2,0,0,12,24,1.0,2
1463,Lamar Elite - 9U - Red,1,0,1,18,19,0.75,3
1463,Marucci Elite Texas - Holden,1,1,0,15,20,0.5,4
1463,Texans,1,1,0,16,17,0.5,5
1463,Katy Bombers 9U,1,1,0,20,16,0.5,6
1463,Houston Bandits 9u,0,1,1,20,14,0.25,7
1463,LC Legends,0,2,0,20,11,0.0,8
1463,Texas Elite Lobos - Gold,0,2,0,24,16,0.0,9
1464,Banditos 9U Texas,2,0,0,10,17,1.0,1
1464,SOUTH COAST CREAM X.,2,0,0,12,24,1.0,2
1464,Lamar Elite - 9U - Red,2,0,0,18,28,1.0,3
1464,Katy Bombers 9U,1,1,0,20,16,0.5,4
1464,LC Legends,1,1,0,22,19,0.5,5
1464,Houston Bandits 9u,1,1,0,23,25,0.5,6
1464,Texans,0,2,0,24,20,0.0,7
1464,Texas Elite Lobos - Gold,0,2,0,24,16,0.0,8
1464,Marucci Elite Texas - Holden,0,2,0,26,14,0.0,9
1465,SOUTH COAST CREAM X.,2,0,0,12,24,1.0,1
1465,Banditos 9U Texas,1,0,1,14,18,0.75,2
1465,Marucci Elite Texas - Holden,1,1,0,11,18,0.5,3
1465,LC Legends,1,1,0,12,11,0.5,4
1465,Lamar Elite - 9U - Red,1,1,0,15,13,0.5,5
1465,Houston Bandits 9u,1,1,0,16,11,0.5,6
1465,Katy Bombers 9U,1,1,0,20,16,0.5,7
1465,Texans,0,1,1,17,14,0.25,8
1465,Texas Elite Lobos - Gold,0,2,0,24,16,0.0,9
1466,Texans,2,0,0,10,31,1.0,1
1466,SOUTH COAST CREAM X.,2,0,0,12,24,1.0,2
1466,Houston Bandits 9u,1,0,1,15,22,0.75,3
1466,Marucci Elite Texas - Holden,1,0,1,16,21,0.75,4
1466,Katy Bombers 9U,1,1,0,20,16,0.5,5
1466,Banditos 9U Texas,1,1,0,25,14,0.5,6
1466,LC Legends,0,2,0,18,8,0.0,7
1466,Texas Elite Lobos - Gold,0,2,0,24,16,0.0,8
1466,Lamar Elite - 9U - Red,0,2,0,27,15,0.0,9
1467,Banditos 9U Texas,2,0,0,9,15,1.0,1
1467,SOUTH COAST CREAM X.,2,0,0,12,24,1.0,2
1467,Marucci Elite Texas - Holden,1,0,1,16,21,0.75,3
1467,LC Legends,1,1,0,13,16,0.5,4
1467,Houston Bandits 9u,1,1,0,18,16,0.5,5
1467,Katy Bombers 9U,1,1,0,20,16,0.5,6
1467,Lamar Elite - 9U - Red,0,1,1,20,17,0.25,7
1467,Texans,0,2,0,19,10,0.0,8
1467,Texas Elite Lobos - Gold,0,2,0,24,16,0.0,9
1468,SOUTH COAST CREAM X.,2,0,0,12,24,1.0,1
1468,Banditos 9U Texas,2,0,0,15,21,1.0,2
1468,Houston Bandits 9u,2,0,0,17,27,1.0,3
1468,LC Legends,1,1,0,16,13,0.5,4
1468,Katy Bombers 9U,1,1,0,20,16,0.5,5
1468,Marucci Elite Texas - Holden,1,1,0,22,21,0.5,6
1468,Texans,0,2,0,22,19,0.0,7
1468,Texas Elite Lobos - Gold,0,2,0,24,16,0.0,8
1468,Lamar Elite - 9U - Red,0,2,0,26,17,0.0,9
1469,Banditos 9U Texas,2,0,0,10,19,1.0,1
1469,SOUTH COAST CREAM X.,2,0,0,12,24,1.0,2
1469,Houston Bandits 9u,2,0,0,19,26,1.0,3
1469,Katy Bombers 9U,1,1,0,20,16,0.5,4
1469,Lamar Elite - 9U - Red,1,1,0,22,26,0.5,5
1469,LC Legends,0,1,1,14,10,0.25,6
1469,Texans,0,1,1,17,12,0.25,7
1469,Texas Elite Lobos - Gold,0,2,0,24,16,0.0,8
1469,Marucci Elite Texas - Holden,0,2,0,28,17,0.0,9
1470,SOUTH COAST CREAM X.,2,0,0,12,24,1.0,1
1470,Banditos 9U Texas,2,0,0,17,22,1.0,2
1470,Houston Bandits 9u,1,1,0,18,20,0.5,3
1470,Katy Bombers 9U,1,1,0,20,16,0.5,4
1470,Lamar Elite - 9U - Red,1,1,0,21,21,0.5,5
1470,Marucci Elite Texas - Holden,1,1,0,21,19,0.5,6
1470,Texans,1,1,0,23,27,0.5,7
1470,LC Legends,0,2,0,22,13,0.0,8
1470,Texas Elite Lobos - Gold,0,2,0,24,16,0.0,9
1471,SOUTH COAST CREAM X.,2,0,0,12,24,1.0,1
1471,Houston Bandits 9u,2,0,0,14,22,1.0,2
1471,LC Legends,1,1,0,15,14,0.5,3
1471,Banditos 9U Texas,1,1,0,18,19,0.5,4
1471,Katy Bombers 9U,1,1,0,20,16,0.5,5
1471,Texans,1,1,0,21,21,0.5,6
1471,Marucci Elite Texas - Holden,1,1,0,21,20,0.5,7
1471,Lamar Elite - 9U - Red,0,2,0,20,13,0.0,8
1471,Texas Elite Lobos - Gold,0,2,0,24,16,0.0,9
1472,SOUTH COAST CREAM X.,2,0,0,12,24,1.0,1
1472,Lamar Elite - 9U - Red,1,1,0,10,9,0.5,2
1472,Marucci Elite Texas - Holden,1,1,0,11,15,0.5,3
1472,Banditos 9U Texas,1,1,0,14,17,0.5,4
1472,Houston Bandits 9u,1,1,0,15,12,0.5,5
1472,LC Legends,1,1,0,17,16,0.5,6
1472,Katy Bombers 9U,1,1,0,20,16,0.5,7
1472,Texans,1,1,0,21,19,0.5,8
1472,Texas Elite Lobos - Gold,0,2,0,24,16,0.0,9
1473,Banditos 9U Texas,2,0,0,9,14,1.0,1
1473,SOUTH COAST CREAM X.,2,0,0,12,24,1.0,2
1473,Lamar Elite - 9U - Red,1,0,1,12,22,0.75,3
1473,LC Legends,1,1,0,15,14,0.5,4
1473,Katy Bombers 9U,1,1,0,20,16,0.5,5
1473,Marucci Elite Texas - Holden,1,1,0,24,17,0.5,6
1473,Houston Bandits 9u,0,1,1,19,16,0.25,7
1473,Texans,0,2,0,16,12,0.0,8
1473,Texas Elite Lobos - Gold,0,2,0,24,16,0.0,9
1474,SOUTH COAST CREAM X.,2,0,0,12,24,1.0,1
1474,Banditos 9U Texas,2,0,0,15,21,1.0,2
1474,LC Legends,1,1,0,14,15,0.5,3
1474,Marucci Elite Texas - Holden,1,1,0,15,17,0.5,4
1474,Houston Bandits 9u,1,1,0,16,19,0.5,5
1474,Katy Bombers 9U,1,1,0,20,16,0.5,6
1474,Lamar Elite - 9U - Red,1,1,0,21,16,0.5,7
1474,Texans,0,2,0,24,17,0.0,8
1474,Texas Elite Lobos - Gold,0,2,0,24,16,0.0,9
1475,SOUTH COAST CREAM X.,2,0,0,12,24,1.0,1
1475,Marucci Elite Texas - Holden,1,0,1,16,26,0.75,2
1475,Texans,1,1,0,15,21,0.5,3
1475,Banditos 9U Texas,1,1,0,15,12,0.5,4
1475,LC Legends,1,1,0,18,15,0.5,5
1475,Katy Bombers 9U,1,1,0,20,16,0.5,6
1475,Houston Bandits 9u,1,1,0,21,15,0.5,7
1475,Lamar Elite - 9U - Red,0,1,1,21,17,0.25,8
1475,Texas Elite Lobos - Gold,0,2,0,24,16,0.0,9
1476,Banditos 9U Texas,2,0,0,11,17,1.0,1
1476,SOUTH COAST CREAM X.,2,0,0,12,24,1.0,2
1476,Lamar Elite - 9U - Red,2,0,0,22,30,1.0,3
1476,LC Legends,1,1,0,18,18,0.5,4
1476,Katy Bombers 9U,1,1,0,20,16,0.5,5
1476,Houston Bandits 9u,1,1,0,25,26,0.5,6
1476,Texans,0,2,0,23,17,0.0,7
1476,Texas Elite Lobos - Gold,0,2,0,24,16,0.0,8
1476,Marucci Elite Texas - Holden,0,2,0,30,21,0.0,9
1477,SOUTH COAST CREAM X.,2,0,0,12,24,1.0,1
1477,Texans,1,1,0,12,18,0.5,2
1477,Banditos 9U Texas,1,1,0,14,11,0.5,3
1477,Marucci Elite Texas - Holden,1,1,0,15,13,0.5,4
1477,LC Legends,1,1,0,16,13,0.5,5
1477,Houston Bandits 9u,1,1,0,17,18,0.5,6
1477,Lamar Elite - 9U - Red,1,1,0,18,19,0.5,7
1477,Katy Bombers 9U,1,1,0,20,16,0.5,8
1477,Texas Elite Lobos - Gold,0,2,0,24,16,0.0,9
1478,SOUTH COAST CREAM X.,2,0,0,12,24,1.0,1
1478,Banditos 9U Texas,2,0,0,13,20,1.0,2
1478,Houston Bandits 9u,2,0,0,21,29,1.0,3
1478,Katy Bombers 9U,1,1,0,20,16,0.5,4
1478,Lamar Elite - 9U - Red,1,1,0,21,20,0.5,5
1478,Texans,1,1,0,24,22,0.5,6
1478,LC Legends,0,2,0,21,16,0.0,7
1478,Texas Elite Lobos - Gold,0,2,0,24,16,0.0,8
1478,Marucci Elite Texas - Holden,0,2,0,30,23,0.0,9
1479,Texans,2,0,0,9,16,1.0,1
1479,SOUTH COAST CREAM X.,2,0,0,12,24,1.0,2
1479,Lamar Elite - 9U - Red,1,0,1,13,17,0.75,3
1479,Banditos 9U Texas,1,1,0,15,16,0.5,4
1479,Marucci Elite Texas - Holden,1,1,0,20,20,0.5,5
1479,Katy Bombers 9U,1,1,0,20,16,0.5,6
1479,Houston Bandits 9u,0,1,1,17,13,0.25,7
1479,LC Legends,0,2,0,13,5,0.0,8
1479,Texas Elite Lobos - Gold,0,2,0,24,16,0.0,9
1480,SOUTH COAST CREAM X.,2,0,0,12,24,1.0,1
1480,Banditos 9U Texas,1,1,0,16,15,0.5,2
1480,Marucci Elite Texas - Holden,1,1,0,17,22,0.5,3
1480,LC Legends,1,1,0,19,18,0.5,4
1480,Katy Bombers 9U,1,1,0,20,16,0.5,5
1480,Texans,1,1,0,21,23,0.5,6
1480,Lamar Elite - 9U - Red,1,1,0,25,23,0.5,7
1480,Houston Bandits 9u,1,1,0,25,22,0.5,8
1480,Texas Elite Lobos - Gold,0,2,0,24,16,0.0,9
1481,Banditos 9U Texas,2,0,0,10,16,1.0,1
1481,SOUTH COAST CREAM X.,2,0,0,12,24,1.0,2
1481,Texans,1,1,0,14,13,0.5,3
1481,Marucci Elite Texas - Holden,1,1,0,16,15,0.5,4
1481,Houston Bandits 9u,1,1,0,18,19,0.5,5
1481,Katy Bombers 9U,1,1,0,20,16,0.5,6
1481,Lamar Elite - 9U - Red,1,1,0,22,22,0.5,7
1481,LC Legends,0,2,0,15,10,0.0,8
1481,Texas Elite Lobos - Gold,0,2,0,24,16,0.0,9
1482,SOUTH COAST CREAM X.,2,0,0,12,24,1.0,1
1482,Houston Bandits 9u,1,0,1,18,19,0.75,2
1482,LC Legends,1,1,0,13,15,0.5,3
1482,Banditos 9U Texas,1,1,0,15,15,0.5,4
1482,Lamar Elite - 9U - Red,1,1,0,17,24,0.5,5
1482,Texans,1,1,0,18,16,0.5,6
1482,Katy Bombers 9U,1,1,0,20,16,0.5,7
1482,Marucci Elite Texas - Holden,0,1,1,22,14,0.25,8
1482,Texas Elite Lobos - Gold,0,2,0,24,16,0.0,9
1483,SOUTH COAST CREAM X.,2,0,0,12,24,1.0,1
1483,Houston Bandits 9u,2,0,0,13,22,1.0,2
1483,Banditos 9U Texas,1,1,0,13,15,0.5,3
1483,LC Legends,1,1,0,15,17,0.5,4
1483,Marucci Elite Texas - Holden,1,1,0,19,15,0.5,5
1483,Katy Bombers 9U,1,1,0,20,16,0.5,6
1483,Texans,1,1,0,20,16,0.5,7
1483,Lamar Elite - 9U - Red,0,2,0,21,16,0.0,8
1483,Texas Elite Lobos - Gold,0,2,0,24,16,0.0,9
1484,SOUTH COAST CREAM X.,2,0,0,12,24,1.0,1
1484,Banditos 9U Texas,2,0,0,12,22,1.0,2
1484,Marucci Elite Texas - Holden,1,0,1,14,17,0.75,3
1484,Lamar Elite - 9U - Red,1,0,1,16,18,0.75,4
1484,LC Legends,1,1,0,16,13,0.5,5
1484,Katy Bombers 9U,1,1,0,20,16,0.5,6
1484,Houston Bandits 9u,0,2,0,19,14,0.0,7
1484,Texans,0,2,0,23,16,0.0,8
1484,Texas Elite Lobos - Gold,0,2,0,24,16,0.0,9
1485,SOUTH COAST CREAM X.,2,0,0,12,24,1.0,1
1485,Lamar Elite - 9U - Red,2,0,0,15,24,1.0,2
1485,Banditos 9U Texas,2,0,0,16,21,1.0,3
1485,LC Legends,1,1,0,14,12,0.5,4
1485,Marucci Elite Texas - Holden,1,1,0,17,19,0.5,5
1485,Katy Bombers 9U,1,1,0,20,16,0.5,6
1485,Texans,0,2,0,21,18,0.0,7
1485,Texas Elite Lobos - Gold,0,2,0,24,16,0.0,8
1485,Houston Bandits 9u,0,2,0,24,13,0.0,9
1486,SOUTH COAST CREAM X.,2,0,0,12,24,1.0,1
1486,Texans,2,0,0,16,23,1.0,2
1486,Houston Bandits 9u,2,0,0,17,27,1.0,3
1486,Banditos 9U Texas,1,1,0,16,19,0.5,4
1486,Katy Bombers 9U,1,1,0,20,16,0.5,5
1486,Marucci Elite Texas - Holden,1,1,0,24,21,0.5,6
1486,LC Legends,0,2,0,19,9,0.0,7
1486,Texas Elite Lobos - Gold,0,2,0,24,16,0.0,8
1486,Lamar Elite - 9U - Red,0,2,0,28,21,0.0,9
1487,SOUTH COAST CREAM X.,2,0,0,12,24,1.0,1
1487,Lamar Elite - 9U - Red,1,0,1,15,18,0.75,2
1487,LC Legends,1,1,0,13,12,0.5,3
1487,Texans,1,1,0,15,16,0.5,4
1487,Banditos 9U Texas,1,1,0,15,15,0.5,5
1487,Houston Bandits 9u,1,1,0,18,19,0.5,6
1487,Katy Bombers 9U,1,1,0,20,16,0.5,7
1487,Marucci Elite Texas - Holden,0,1,1,16,12,0.25,8
1487,Texas Elite Lobos - Gold,0,2,0,24,16,0.0,9
1488,SOUTH COAST CREAM X.,2,0,0,12,24,1.0,1
1488,Marucci Elite Texas - Holden,2,0,0,19,25,1.0,2
1488,Banditos 9U Texas,1,0,1,14,18,0.75,3
1488,LC Legends,1,1,0,12,13,0.5,4
1488,Katy Bombers 9U,1,1,0,20,16,0.5,5
1488,Houston Bandits 9u,1,1,0,21,21,0.5,6
1488,Texans,0,1,1,19,14,0.25,7
1488,Texas Elite Lobos - Gold,0,2,0,24,16,0.0,8
1488,Lamar Elite - 9U - Red,0,2,0,25,19,0.0,9
1489,SOUTH COAST CREAM X.,2,0,0,12,24,1.0,1
1489,Texans,2,0,0,13,20,1.0,2
1489,Lamar Elite - 9U - Red,2,0,0,18,23,1.0,3
1489,Banditos 9U Texas,1,1,0,16,17,0.5,4
1489,Marucci Elite Texas - Holden,1,1,0,20,23,0.5,5
1489,Katy Bombers 9U,1,1,0,20,16,0.5,6
1489,LC Legends,0,2,0,16,8,0.0,7
1489,Texas Elite Lobos - Gold,0,2,0,24,16,0.0,8
1489,Houston Bandits 9u,0,2,0,25,17,0.0,9
1490,SOUTH COAST CREAM X.,2,0,0,12,24,1.0,1
1490,Marucci Elite Texas - Holden,2,0,0,13,19,1.0,2
1490,LC Legends,1,1,0,14,13,0.5,3
1490,Banditos 9U Texas,1,1,0,18,18,0.5,4
1490,Houston Bandits 9u,1,1,0,19,20,0.5,5
1490,Texans,1,1,0,19,20,0.5,6
1490,Katy Bombers 9U,1,1,0,20,16,0.5,7
1490,Lamar Elite - 9U - Red,0,2,0,22,15,0.0,8
1490,Texas Elite Lobos - Gold,0,2,0,24,16,0.0,9
1491,SOUTH COAST CREAM X.,2,0,0,12,24,1.0,1
1491,Texans,2,0,0,16,22,1.0,2
1491,Houston Bandits 9u,2,0,0,16,19,1.0,3
1491,Banditos 9U Texas,1,1,0,15,16,0.5,4
1491,Marucci Elite Texas - Holden,1,1,0,18,19,0.5,5
1491,Katy Bombers 9U,1,1,0,20,16,0.5,6
1491,LC Legends,0,2,0,19,12,0.0,7
1491,Texas Elite Lobos - Gold,0,2,0,24,16,0.0,8
1491,Lamar Elite - 9U - Red,0,2,0,28,24,0.0,9
1492,Banditos 9U Texas,2,0,0,11,16,1.0,1
1492,SOUTH COAST CREAM X.,2,0,0,12,24,1.0,2
1492,Marucci Elite Texas - Holden,1,1,0,15,19,0.5,3
1492,LC Legends,1,1,0,16,18,0.5,4
1492,Houston Bandits 9u,1,1,0,19,18,0.5,5
1492,Katy Bombers 9U,1,1,0,20,16,0.5,6
1492,Lamar Elite - 9U - Red,1,1,0,21,18,0.5,7
1492,Texans,0,2,0,22,15,0.0,8
1492,Texas Elite Lobos - Gold,0,2,0,24,16,0.0,9
1493,SOUTH COAST CREAM X.,2,0,0,12,24,1.0,1
1493,LC Legends,1,1,0,12,9,0.5,2
1493,Texans,1,1,0,15,18,0.5,3
1493,Lamar Elite - 9U - Red,1,1,0,16,18,0.5,4
1493,Banditos 9U Texas,1,1,0,18,18,0.5,5
1493,Katy Bombers 9U,1,1,0,20,16,0.5,6
1493,Marucci Elite Texas - Holden,1,1,0,23,25,0.5,7
1493,Houston Bandits 9u,1,1,0,26,22,0.5,8
1493,Texas Elite Lobos - Gold,0,2,0,24,16,0.0,9
1494,SOUTH COAST CREAM X.,2,0,0,12,24,1.0,1
1494,Houston Bandits 9u,2,0,0,14,20,1.0,2
1494,LC Legends,1,1,0,16,16,0.5,3
1494,Lamar Elite - 9U - Red,1,1,0,17,20,0.5,4
1494,Banditos 9U Texas,1,1,0,17,18,0.5,5
1494,Katy Bombers 9U,1,1,0,20,16,0.5,6
1494,Texans,1,1,0,22,21,0.5,7
1494,Texas Elite Lobos - Gold,0,2,0,24,16,0.0,8
1494,Marucci Elite Texas - Holden,0,2,0,24,15,0.0,9
1495,SOUTH COAST CREAM X.,2,0,0,12,24,1.0,1
1495,Marucci Elite Texas - Holden,1,1,0,14,15,0.5,2
1495,Houston Bandits 9u,1,1,0,15,14,0.5,3
1495,Banditos 9U Texas,1,1,0,16,16,0.5,4
1495,Lamar Elite - 9U - Red,1,1,0,17,17,0.5,5
1495,LC Legends,1,1,0,18,16,0.5,6
1495,Texans,1,1,0,20,22,0.5,7
1495,Katy Bombers 9U,1,1,0,20,16,0.5,8
1495,Texas Elite Lobos - Gold,0,2,0,24,16,0.0,9
1496,SOUTH COAST CREAM X.,2,0,0,12,24,1.0,1
1496,Texans,2,0,0,16,21,1.0,2
1496,Banditos 9U Texas,1,1,0,13,14,0.5,3
1496,Houston Bandits 9u,1,1,0,16,20,0.5,4
1496,Marucci Elite Texas - Holden,1,1,0,18,21,0.5,5
1496,Katy Bombers 9U,1,1,0,20,16,0.5,6
1496,Lamar Elite - 9U - Red,1,1,0,21,14,0.5,7
1496,LC Legends,0,2,0,20,14,0.0,8
1496,Texas Elite Lobos - Gold,0,2,0,24,16,0.0,9
1497,SOUTH COAST CREAM X.,2,0,0,12,24,1.0,1
1497,Banditos 9U Texas,1,1,0,13,14,0.5,2
1497,LC Legends,1,1,0,15,19,0.5,3
1497,Lamar Elite - 9U - Red,1,1,0,16,20,0.5,4
1497,Katy Bombers 9U,1,1,0,20,16,0.5,5
1497,Texans,1,1,0,21,16,0.5,6
1497,Houston Bandits 9u,1,1,0,22,23,0.5,7
1497,Marucci Elite Texas - Holden,1,1,0,23,18,0.5,8
1497,Texas Elite Lobos - Gold,0,2,0,24,16,0.0,9
1498,SOUTH COAST CREAM X.,2,0,0,12,24,1.0,1
1498,Texans,2,0,0,18,22,1.0,2
1498,Houston Bandits 9u,1,1,0,14,17,0.5,3
1498,Banditos 9U Texas,1,1,0,15,16,0.5,4
1498,Lamar Elite - 9U - Red,1,1,0,20,19,0.5,5
1498,Katy Bombers 9U,1,1,0,20,16,0.5,6
1498,Marucci Elite Texas - Holden,1,1,0,23,21,0.5,7
1498,LC Legends,0,2,0,19,14,0.0,8
1498,Texas Elite Lobos - Gold,0,2,0,24,16,0.0,9
1499,SOUTH COAST CREAM X.,2,0,0,12,24,1.0,1
1499,Houston Bandits 9u,2,0,0,15,26,1.0,2
1499,LC Legends,1,1,0,14,19,0.5,3
1499,Banditos 9U Texas,1,1,0,16,14,0.5,4
1499,Lamar Elite - 9U - Red,1,1,0,18,17,0.5,5
1499,Katy Bombers 9U,1,1,0,20,16,0.5,6
1499,Texans,1,1,0,21,18,0.5,7
1499,Marucci Elite Texas - Holden,0,2,0,23,13,0.0,8
1499,Texas Elite Lobos - Gold,0,2,0,24,16,0.0,9
1500,Lamar Elite - 9U - Red,2,0,0,10,13,1.0,1
1500,SOUTH COAST CREAM X.,2,0,0,12,24,1.0,2
1500,Texans,2,0,0,15,22,1.0,3
1500,Banditos 9U Texas,1,1,0,13,16,0.5,4
1500,Houston Bandits 9u,1,1,0,16,17,0.5,5
1500,Katy Bombers 9U,1,1,0,20,16,0.5,6
1500,Marucci Elite Texas - Holden,0,2,0,15,11,0.0,7
1500,LC Legends,0,2,0,21,11,0.0,8
1500,Texas Elite Lobos - Gold,0,2,0,24,16,0.0,9
1501,SOUTH COAST CREAM X.,2,0,0,12,24,1.0,1
1501,Lamar Elite - 9U - Red,1,0,1,20,28,0.75,2
1501,Houston Bandits 9u,1,0,1,24,25,0.75,3
1501,LC Legends,1,1,0,14,16,0.5,4
1501,Banditos 9U Texas,1,1,0,14,13,0.5,5
1501,Texans,1,1,0,17,16,0.5,6
1501,Katy Bombers 9U,1,1,0,20,16,0.5,7
1501,Texas Elite Lobos - Gold,0,2,0,24,16,0.0,8
1501,Marucci Elite Texas - Holden,0,2,0,27,18,0.0,9
1502,SOUTH COAST CREAM X.,2,0,0,12,24,1.0,1
1502,Houston Bandits 9u,2,0,0,14,28,1.0,2
1502,Texans,2,0,0,18,27,1.0,3
1502,Banditos 9U Texas,1,1,0,17,16,0.5,4
1502,Katy Bombers 9U,1,1,0,20,16,0.5,5
1502,Lamar Elite - 9U - Red,1,1,0,20,15,0.5,6
1502,LC Legends,0,2,0,22,14,0.0,7
1502,Marucci Elite Texas - Holden,0,2,0,23,14,0.0,8
1502,Texas Elite Lobos - Gold,0,2,0,24,16,0.0,9
1503,Marucci Elite Texas - Holden,2,0,0,10,21,1.0,1
1503,SOUTH COAST CREAM X.,2,0,0,12,24,1.0,2
1503,Texans,2,0,0,16,21,1.0,3
1503,Banditos 9U Texas,1,1,0,14,15,0.5,4
1503,Lamar Elite - 9U - Red,1,1,0,17,18,0.5,5
1503,Katy Bombers 9U,1,1,0,20,16,0.5,6
1503,LC Legends,0,2,0,19,13,0.0,7
1503,Houston Bandits 9u,0,2,0,22,10,0.0,8
1503,Texas Elite Lobos - Gold,0,2,0,24,16,0.0,9
1504,SOUTH COAST CREAM X.,2,0,0,12,24,1.0,1
1504,Texans,2,0,0,13,16,1.0,2
1504,Lamar Elite - 9U - Red,1,0,1,17,20,0.75,3
1504,Banditos 9U Texas,1,1,0,14,16,0.5,4
1504,Marucci Elite Texas - Holden,1,1,0,17,16,0.5,5
1504,Katy Bombers 9U,1,1,0,20,16,0.5,6
1504,Houston Bandits 9u,0,1,1,17,15,0.25,7
1504,LC Legends,0,2,0,14,9,0.0,8
1504,Texas Elite Lobos - Gold,0,2,0,24,16,0.0,9
1505,SOUTH COAST CREAM X.,2,0,0,12,24,1.0,1
1505,Marucci Elite Texas - Holden,2,0,0,12,18,1.0,2
1505,LC Legends,1,1,0,16,21,0.5,3
1505,Banditos 9U Texas,1,1,0,18,18,0.5,4
1505,Houston Bandits 9u,1,1,0,19,21,0.5,5
1505,Katy Bombers 9U,1,1,0,20,16,0.5,6
1505,Texans,1,1,0,27,22,0.5,7
1505,Lamar Elite - 9U - Red,0,2,0,21,13,0.0,8
1505,Texas Elite Lobos - Gold,0,2,0,24,16,0.0,9
1506,Banditos 9U Texas,2,0,0,11,19,1.0,1
1506,SOUTH COAST CREAM X.,2,0,0,12,24,1.0,2
1506,Houston Bandits 9u,1,0,1,22,23,0.75,3
1506,Marucci Elite Texas - Holden,1,0,1,23,24,0.75,4
1506,Katy Bombers 9U,1,1,0,20,16,0.5,5
1506,Texans,1,1,0,21,18,0.5,6
1506,LC Legends,0,2,0,19,14,0.0,7
1506,Lamar Elite - 9U - Red,0,2,0,21,19,0.0,8
1506,Texas Elite Lobos - Gold,0,2,0,24,16,0.0,9
1507,Banditos 9U Texas,2,0,0,8,18,1.0,1
1507,SOUTH COAST CREAM X.,2,0,0,12,24,1.0,2
1507,Houston Bandits 9u,2,0,0,12,15,1.0,3
1507,Lamar Elite - 9U - Red,1,1,0,15,15,0.5,4
1507,Texans,1,1,0,20,17,0.5,5
1507,Katy Bombers 9U,1,1,0,20,16,0.5,6
1507,Marucci Elite Texas - Holden,0,2,0,16,13,0.0,7
1507,LC Legends,0,2,0,21,14,0.0,8
1507,Texas Elite Lobos - Gold,0,2,0,24,16,0.0,9
1508,SOUTH COAST CREAM X.,2,0,0,12,24,1.0,1
1508,Houston Bandits 9u,2,0,0,18,21,1.0,2
1508,Banditos 9U Texas,1,0,1,14,18,0.75,3
1508,LC Legends,1,1,0,16,17,0.5,4
1508,Katy Bombers 9U,1,1,0,20,16,0.5,5
1508,Marucci Elite Texas - Holden,0,1,1,14,12,0.25,6
1508,Lamar Elite - 9U - Red,0,1,1,23,22,0.25,7
1508,Texans,0,1,1,23,18,0.25,8
1508,Texas Elite Lobos - Gold,0,2,0,24,16,0.0,9
1509,SOUTH COAST CREAM X.,2,0,0,12,24,1.0,1
1509,Lamar Elite - 9U - Red,1,1,0,15,16,0.5,2
1509,Texans,1,1,0,16,21,0.5,3
1509,Marucci Elite Texas - Holden,1,1,0,16,19,0.5,4
1509,LC Legends,1,1,0,16,13,0.5,5
1509,Banditos 9U Texas,1,1,0,17,15,0.5,6
1509,Katy Bombers 9U,1,1,0,20,16,0.5,7
1509,Houston Bandits 9u,1,1,0,21,17,0.5,8
1509,Texas Elite Lobos - Gold,0,2,0,24,16,0.0,9
1510,Banditos 9U Texas,2,0,0,10,18,1.0,1
1510,SOUTH COAST CREAM X.,2,0,0,12,24,1.0,2
1510,Marucci Elite Texas - Holden,1,0,1,19,21,0.75,3
1510,Texans,1,1,0,15,13,0.5,4
1510,Houston Bandits 9u,1,1,0,19,22,0.5,5
1510,Katy Bombers 9U,1,1,0,20,16,0.5,6
1510,Lamar Elite - 9U - Red,0,1,1,25,20,0.25,7
1510,LC Legends,0,2,0,15,9,0.0,8
1510,Texas Elite Lobos - Gold,0,2,0,24,16,0.0,9
1511,SOUTH COAST CREAM X.,2,0,0,12,24,1.0,1
1511,Texans,2,0,0,17,22,1.0,2
1511,Houston Bandits 9u,1,0,1,16,18,0.75,3
1511,Lamar Elite - 9U - Red,1,1,0,11,12,0.5,4
1511,Banditos 9U Texas,1,1,0,16,16,0.5,5
1511,Katy Bombers 9U,1,1,0,20,16,0.5,6
1511,Marucci Elite Texas - Holden,0,1,1,18,15,0.25,7
1511,LC Legends,0,2,0,18,13,0.0,8
1511,Texas Elite Lobos - Gold,0,2,0,24,16,0.0,9
1512,Marucci Elite Texas - Holden,2,0,0,11,26,1.0,1
1512,SOUTH COAST CREAM X.,2,0,0,12,24,1.0,2
1512,LC Legends,1,1,0,16,19,0.5,3
1512,Banditos 9U Texas,1,1,0,19,19,0.5,4
1512,Katy Bombers 9U,1,1,0,20,16,0.5,5
1512,Houston Bandits 9u,1,1,0,25,20,0.5,6
1512,Texans,1,1,0,26,23,0.5,7
1512,Texas Elite Lobos - Gold,0,2,0,24,16,0.0,8
1512,Lamar Elite - 9U - Red,0,2,0,24,14,0.0,9
1513,SOUTH COAST CREAM X.,2,0,0,12,24,1.0,1
1513,Banditos 9U Texas,2,0,0,12,17,1.0,2
1513,Houston Bandits 9u,1,1,0,18,17,0.5,3
1513,Lamar Elite - 9U - Red,1,1,0,19,18,0.5,4
1513,Marucci Elite Texas - Holden,1,1,0,20,22,0.5,5
1513,Katy Bombers 9U,1,1,0,20,16,0.5,6
1513,LC Legends,0,1,1,16,12,0.25,7
1513,Texans,0,1,1,17,16,0.25,8
1513,Texas Elite Lobos - Gold,0,2,0,24,16,0.0,9
1514,SOUTH COAST CREAM X.,2,0,0,12,24,1.0,1
1514,Houston Bandits 9u,2,0,0,13,20,1.0,2
1514,Banditos 9U Texas,1,1,0,12,15,0.5,3
1514,LC Legends,1,1,0,13,13,0.5,4
1514,Texans,1,1,0,16,13,0.5,5
1514,Lamar Elite - 9U - Red,1,1,0,18,16,0.5,6
1514,Katy Bombers 9U,1,1,0,20,16,0.5,7
1514,Marucci Elite Texas - Holden,0,2,0,24,19,0.0,8
1514,Texas Elite Lobos - Gold,0,2,0,24,16,0.0,9
1515,SOUTH COAST CREAM X.,2,0,0,12,24,1.0,1
1515,Banditos 9U Texas,2,0,0,12,18,1.0,2
1515,Marucci Elite Texas - Holden,1,1,0,17,18,0.5,3
1515,Lamar Elite - 9U - Red,1,1,0,17,17,0.5,4
1515,Houston Bandits 9u,1,1,0,17,16,0.5,5
1515,Texans,1,1,0,19,18,0.5,6
1515,Katy Bombers 9U,1,1,0,20,16,0.5,7
1515,LC Legends,0,2,0,18,13,0.0,8
1515,Texas Elite Lobos - Gold,0,2,0,24,16,0.0,9
1516,Banditos 9U Texas,2,0,0,10,15,1.0,1
1516,SOUTH COAST CREAM X.,2,0,0,12,24,1.0,2
1516,Marucci Elite Texas - Holden,1,1,0,17,19,0.5,3
1516,Lamar Elite - 9U - Red,1,1,0,20,22,0.5,4
1516,Houston Bandits 9u,1,1,0,20,16,0.5,5
1516,Katy Bombers 9U,1,1,0,20,16,0.5,6
1516,Texans,0,1,1,20,19,0.25,7
1516,LC Legends,0,1,1,21,17,0.25,8
1516,Texas Elite Lobos - Gold,0,2,0,24,16,0.0,9
1517,SOUTH COAST CREAM X.,2,0,0,12,24,1.0,1
1517,Marucci Elite Texas - Holden,2,0,0,22,31,1.0,2
1517,Banditos 9U Texas,1,1,0,10,13,0.5,3
1517,Texans,1,1,0,17,17,0.5,4
1517,LC Legends,1,1,0,19,16,0.5,5
1517,Katy Bombers 9U,1,1,0,20,16,0.5,6
1517,Houston Bandits 9u,1,1,0,21,20,0.5,7
1517,Lamar Elite - 9U - Red,0,2,0,24,16,0.0,8
1517,Texas Elite Lobos - Gold,0,2,0,24,16,0.0,9
1518,Lamar Elite - 9U - Red,2,0,0,11,21,1.0,1
1518,SOUTH COAST CREAM X.,2,0,0,12,24,1.0,2
1518,Banditos 9U Texas,1,1,0,11,14,0.5,3
1518,LC Legends,1,1,0,13,14,0.5,4
1518,Texans,1,1,0,16,12,0.5,5
1518,Katy Bombers 9U,1,1,0,20,16,0.5,6
1518,Marucci Elite Texas - Holden,1,1,0,23,16,0.5,7
1518,Houston Bandits 9u,0,2,0,19,16,0.0,8
1518,Texas Elite Lobos - Gold,0,2,0,24,16,0.0,9
1519,SOUTH COAST CREAM X.,2,0,0,12,24,1.0,1
1519,Banditos 9U Texas,2,0,0,13,18,1.0,2
1519,Houston Bandits 9u,1,1,0,10,14,0.5,3
1519,Lamar Elite - 9U - Red,1,1,0,13,16,0.5,4
1519,LC Legends,1,1,0,14,13,0.5,5
1519,Marucci Elite Texas - Holden,1,1,0,18,11,0.5,6
1519,Katy Bombers 9U,1,1,0,20,16,0.5,7
1519,Texans,0,2,0,19,15,0.0,8
1519,Texas Elite Lobos - Gold,0,2,0,24,16,0.0,9
1520,SOUTH COAST CREAM X.,2,0,0,12,24,1.0,1
1520,Texans,2,0,0,15,22,1.0,2
1520,Marucci Elite Texas - Holden,2,0,0,19,25,1.0,3
1520,Banditos 9U Texas,1,1,0,16,14,0.5,4
1520,Katy Bombers 9U,1,1,0,20,16,0.5,5
1520,Houston Bandits 9u,1,1,0,22,19,0.5,6
1520,LC Legends,0,2,0,18,13,0.0,7
1520,Lamar Elite - 9U - Red,0,2,0,24,21,0.0,8
1520,Texas Elite Lobos - Gold,0,2,0,24,16,0.0,9
1521,SOUTH COAST CREAM X.,2,0,0,12,24,1.0,1
1521,Lamar Elite - 9U - Red,2,0,0,12,14,1.0,2
1521,Banditos 9U Texas,1,0,1,14,18,0.75,3
1521,Marucci Elite Texas - Holden,1,1,0,20,23,0.5,4
1521,Katy Bombers 9U,1,1,0,20,16,0.5,5
1521,Texans,0,0,2,22,22,0.5,6
1521,LC Legends,0,1,1,20,16,0.25,7
1521,Houston Bandits 9u,0,2,0,22,17,0.0,8
1521,Texas Elite Lobos - Gold,0,2,0,24,16,0.0,9
1522,Banditos 9U Texas,2,0,0,9,16,1.0,1
1522,SOUTH COAST CREAM X.,2,0,0,12,24,1.0,2
1522,Marucci Elite Texas - Holden,2,0,0,14,19,1.0,3
1522,Texans,1,1,0,15,16,0.5,4
1522,Houston Bandits 9u,1,1,0,19,21,0.5,5
1522,Katy Bombers 9U,1,1,0,20,16,0.5,6
1522,LC Legends,0,2,0,19,11,0.0,7
1522,Texas Elite Lobos - Gold,0,2,0,24,16,0.0,8
1522,Lamar Elite - 9U - Red,0,2,0,27,20,0.0,9
1523,Texans,2,0,0,11,21,1.0,1
1523,SOUTH COAST CREAM X.,2,0,0,12,24,1.0,2
1523,Lamar Elite - 9U - Red,2,0,0,19,23,1.0,3
1523,Banditos 9U Texas,1,1,0,16,14,0.5,4
1523,Katy Bombers 9U,1,1,0,20,16,0.5,5
1523,Houston Bandits 9u,1,1,0,21,21,0.5,6
1523,LC Legends,0,2,0,17,9,0.0,7
1523,Marucci Elite Texas - Holden,0,2,0,22,18,0.0,8
1523,Texas Elite Lobos - Gold,0,2,0,24,16,0.0,9
1524,SOUTH COAST CREAM X.,2,0,0,12,24,1.0,1
1524,Texans,2,0,0,16,27,1.0,2
1524,Lamar Elite - 9U - Red,1,1,0,15,9,0.5,3
1524,Houston Bandits 9u,1,1,0,18,22,0.5,4
1524,Marucci Elite Texas - Holden,1,1,0,18,20,0.5,5
1524,Banditos 9U Texas,1,1,0,18,17,0.5,6
1524,Katy Bombers 9U,1,1,0,20,16,0.5,7
1524,LC Legends,0,2,0,21,11,0.0,8
1524,Texas Elite Lobos - Gold,0,2,0,24,16,0.0,9
1525,SOUTH COAST CREAM X.,2,0,0,12,24,1.0,1
1525,Lamar Elite - 9U - Red,2,0,0,19,21,1.0,2
1525,LC Legends,1,1,0,15,16,0.5,3
1525,Banditos 9U Texas,1,1,0,15,12,0.5,4
1525,Texans,1,1,0,16,18,0.5,5
1525,Katy Bombers 9U,1,1,0,20,16,0.5,6
1525,Marucci Elite Texas - Holden,1,1,0,22,28,0.5,7
1525,Texas Elite Lobos - Gold,0,2,0,24,16,0.0,8
1525,Houston Bandits 9u,0,2,0,32,24,0.0,9
1526,Banditos 9U Texas,2,0,0,10,15,1.0,1
1526,SOUTH COAST CREAM X.,2,0,0,12,24,1.0,2
1526,Lamar Elite - 9U - Red,2,0,0,15,21,1.0,3
1526,Texans,1,1,0,15,16,0.5,4
1526,Katy Bombers 9U,1,1,0,20,16,0.5,5
1526,Marucci Elite Texas - Holden,1,1,0,22,21,0.5,6
1526,Houston Bandits 9u,0,2,0,18,13,0.0,7
1526,LC Legends,0,2,0,18,12,0.0,8
1526,Texas Elite Lobos - Gold,0,2,0,24,16,0.0,9
1527,SOUTH COAST CREAM X.,2,0,0,12,24,1.0,1
1527,Lamar Elite - 9U - Red,2,0,0,15,21,1.0,2
1527,Texans,2,0,0,23,27,1.0,3
1527,Banditos 9U Texas,1,1,0,17,19,0.5,4
1527,Houston Bandits 9u,1,1,0,17,15,0.5,5
1527,Katy Bombers 9U,1,1,0,20,16,0.5,6
1527,Marucci Elite Texas - Holden,0,2,0,17,13,0.0,7
1527,LC Legends,0,2,0,22,16,0.0,8
1527,Texas Elite Lobos - Gold,0,2,0,24,16,0.0,9
1528,Banditos 9U Texas,2,0,0,11,16,1.0,1
1528,SOUTH COAST CREAM X.,2,0,0,12,24,1.0,2
1528,Marucci Elite Texas - Holden,2,0,0,13,17,1.0,3
1528,Texans,1,1,0,13,20,0.5,4
1528,Lamar Elite - 9U - Red,1,1,0,17,18,0.5,5
1528,Katy Bombers 9U,1,1,0,20,16,0.5,6
1528,Houston Bandits 9u,0,2,0,18,13,0.0,7
1528,LC Legends,0,2,0,21,9,0.0,8
1528,Texas Elite Lobos - Gold,0,2,0,24,16,0.0,9
1529,SOUTH COAST CREAM X.,2,0,0,12,24,1.0,1
1529,Houston Bandits 9u,2,0,0,16,20,1.0,2
1529,Banditos 9U Texas,1,0,1,11,15,0.75,3
1529,Texans,1,0,1,13,14,0.75,4
1529,Katy Bombers 9U,1,1,0,20,16,0.5,5
1529,Marucci Elite Texas - Holden,0,1,1,17,16,0.25,6
1529,Lamar Elite - 9U - Red,0,1,1,17,14,0.25,7
1529,LC Legends,0,2,0,15,10,0.0,8
1529,Texas Elite Lobos - Gold,0,2,0,24,16,0.0,9
1530,SOUTH COAST CREAM X.,2,0,0,12,24,1.0,1
1530,Texans,2,0,0,14,32,1.0,2
1530,Marucci Elite Texas - Holden,2,0,0,16,20,1.0,3
1530,Houston Bandits 9u,1,1,0,13,22,0.5,4
1530,Katy Bombers 9U,1,1,0,20,16,0.5,5
1530,Banditos 9U Texas,1,1,0,21,12,0.5,6
1530,LC Legends,0,2,0,23,14,0.0,7
1530,Texas Elite Lobos - Gold,0,2,0,24,16,0.0,8
1530,Lamar Elite - 9U - Red,0,2,0,27,14,0.0,9
1531,SOUTH COAST CREAM X.,2,0,0,12,24,1.0,1
1531,Marucci Elite Texas - Holden,2,0,0,17,23,1.0,2
1531,Banditos 9U Texas,1,1,0,20,21,0.5,3
1531,Katy Bombers 9U,1,1,0,20,16,0.5,4
1531,LC Legends,1,1,0,21,19,0.5,5
1531,Houston Bandits 9u,1,1,0,22,20,0.5,6
1531,Texans,1,1,0,28,29,0.5,7
1531,Lamar Elite - 9U - Red,0,2,0,18,14,0.0,8
1531,Texas Elite Lobos - Gold,0,2,0,24,16,0.0,9
1532,SOUTH COAST CREAM X.,2,0,0,12,24,1.0,1
1532,Marucci Elite Texas - Holden,2,0,0,18,21,1.0,2
1532,Banditos 9U Texas,1,1,0,13,15,0.5,3
1532,LC Legends,1,1,0,14,13,0.5,4
1532,Texans,1,1,0,16,15,0.5,5
1532,Katy Bombers 9U,1,1,0,20,16,0.5,6
1532,Lamar Elite - 9U - Red,1,1,0,24,24,0.5,7
1532,Houston Bandits 9u,0,2,0,19,16,0.0,8
1532,Texas Elite Lobos - Gold,0,2,0,24,16,0.0,9
1533,SOUTH COAST CREAM X.,2,0,0,12,24,1.0,1
1533,Banditos 9U Texas,2,0,0,15,26,1.0,2
1533,Marucci Elite Texas - Holden,2,0,0,15,24,1.0,3
1533,LC Legends,1,1,0,20,18,0.5,4
1533,Katy Bombers 9U,1,1,0,20,16,0.5,5
1533,Lamar Elite - 9U - Red,1,1,0,21,21,0.5,6
1533,Texas Elite Lobos - Gold,0,2,0,24,16,0.0,7
1533,Houston Bandits 9u,0,2,0,27,18,0.0,8
1533,Texans,0,2,0,32,23,0.0,9
1534,Texans,2,0,0,11,20,1.0,1
1534,SOUTH COAST CREAM X.,2,0,0,12,24,1.0,2
1534,Lamar Elite - 9U - Red,2,0,0,14,20,1.0,3
1534,Banditos 9U Texas,1,1,0,11,14,0.5,4
1534,Houston Bandits 9u,1,1,0,18,15,0.5,5
1534,Katy Bombers 9U,1,1,0,20,16,0.5,6
1534,Marucci Elite Texas - Holden,0,2,0,19,16,0.0,7
1534,LC Legends,0,2,0,21,9,0.0,8
1534,Texas Elite Lobos - Gold,0,2,0,24,16,0.0,9
1535,Texans,2,0,0,11,21,1.0,1
1535,SOUTH COAST CREAM X.,2,0,0,12,24,1.0,2
1535,Lamar Elite - 9U - Red,2,0,0,16,20,1.0,3
1535,Houston Bandits 9u,1,1,0,15,22,0.5,4
1535,Banditos 9U Texas,1,1,0,15,15,0.5,5
1535,Katy Bombers 9U,1,1,0,20,16,0.5,6
1535,LC Legends,0,2,0,18,8,0.0,7
1535,Texas Elite Lobos - Gold,0,2,0,24,16,0.0,8
1535,Marucci Elite Texas - Holden,0,2,0,25,14,0.0,9
1536,SOUTH COAST CREAM X.,2,0,0,12,24,1.0,1
1536,Texans,2,0,0,13,19,1.0,2
1536,Marucci Elite Texas - Holden,1,0,1,9,10,0.75,3
1536,Houston Bandits 9u,1,0,1,13,14,0.75,4
1536,Banditos 9U Texas,1,1,0,13,15,0.5,5
1536,Katy Bombers 9U,1,1,0,20,16,0.5,6
1536,Lamar Elite - 9U - Red,0,2,0,10,8,0.0,7
1536,LC Legends,0,2,0,18,10,0.0,8
1536,Texas Elite Lobos - Gold,0,2,0,24,16,0.0,9
1537,SOUTH COAST CREAM X.,2,0,0,12,24,1.0,1
1537,Marucci Elite Texas - Holden,2,0,0,24,31,1.0,2
1537,LC Legends,1,1,0,13,13,0.5,3
1537,Texans,1,1,0,16,20,0.5,4
1537,Banditos 9U Texas,1,1,0,19,15,0.5,5
1537,Katy Bombers 9U,1,1,0,20,16,0.5,6
1537,Houston Bandits 9u,1,1,0,21,18,0.5,7
1537,Texas Elite Lobos - Gold,0,2,0,24,16,0.0,8
1537,Lamar Elite - 9U - Red,0,2,0,29,25,0.0,9
1538,SOUTH COAST CREAM X.,2,0,0,12,24,1.0,1
1538,Texans,2,0,0,12,22,1.0,2
1538,Lamar Elite - 9U - Red,2,0,0,16,23,1.0,3
1538,Banditos 9U Texas,1,1,0,14,15,0.5,4
1538,Marucci Elite Texas - Holden,1,1,0,17,14,0.5,5
1538,Katy Bombers 9U,1,1,0,20,16,0.5,6
1538,LC Legends,0,2,0,20,9,0.0,7
1538,Houston Bandits 9u,0,2,0,22,18,0.0,8
1538,Texas Elite Lobos - Gold,0,2,0,24,16,0.0,9
1539,Marucci Elite Texas - Holden,2,0,0,8,13,1.0,1
1539,SOUTH COAST CREAM X.,2,0,0,12,24,1.0,2
1539,Houston Bandits 9u,1,1,0,15,15,0.5,3
1539,LC Legends,1,1,0,20,18,0.5,4
1539,Katy Bombers 9U,1,1,0,20,16,0.5,5
1539,Banditos 9U Texas,1,1,0,20,15,0.5,6
1539,Texans,1,1,0,21,28,0.5,7
1539,Lamar Elite - 9U - Red,0,2,0,18,13,0.0,8
1539,Texas Elite Lobos - Gold,0,2,0,24,16,0.0,9
1540,SOUTH COAST CREAM X.,2,0,0,12,24,1.0,1
1540,Marucci Elite Texas - Holden,2,0,0,12,19,1.0,2
1540,Banditos 9U Texas,2,0,0,12,18,1.0,3
1540,Lamar Elite - 9U - Red,1,1,0,17,19,0.5,4
1540,Texans,1,1,0,18,23,0.5,5
1540,Katy Bombers 9U,1,1,0,20,16,0.5,6
1540,LC Legends,0,2,0,23,12,0.0,7
1540,Texas Elite Lobos - Gold,0,2,0,24,16,0.0,8
1540,Houston Bandits 9u,0,2,0,25,16,0.0,9
1541,SOUTH COAST CREAM X.,2,0,0,12,24,1.0,1
1541,Banditos 9U Texas,1,1,0,14,14,0.5,2
1541,Texans,1,1,0,16,19,0.5,3
1541,LC Legends,1,1,0,17,14,0.5,4
1541,Katy Bombers 9U,1,1,0,20,16,0.5,5
1541,Marucci Elite Texas - Holden,1,1,0,21,24,0.5,6
1541,Houston Bandits 9u,1,1,0,23,20,0.5,7
1541,Lamar Elite - 9U - Red,1,1,0,25,25,0.5,8
1541,Texas Elite Lobos - Gold,0,2,0,24,16,0.0,9
1542,SOUTH COAST CREAM X.,2,0,0,12,24,1.0,1
1542,Banditos 9U Texas,2,0,0,14,22,1.0,2
1542,Marucci Elite Texas - Holden,2,0,0,21,23,1.0,3
1542,LC Legends,1,1,0,13,15,0.5,4
1542,Lamar Elite - 9U - Red,1,1,0,15,23,0.5,5
1542,Katy Bombers 9U,1,1,0,20,16,0.5,6
1542,Texas Elite Lobos - Gold,0,2,0,24,16,0.0,7
1542,Houston Bandits 9u,0,2,0,25,15,0.0,8
1542,Texans,0,2,0,25,15,0.0,9
1543,SOUTH COAST CREAM X.,2,0,0,12,24,1.0,1
1543,Texans,1,0,1,18,24,0.75,2
1543,Marucci Elite Texas - Holden,1,1,0,12,17,0.5,3
1543,Houston Bandits 9u,1,1,0,17,14,0.5,4
1543,Banditos 9U Texas,1,1,0,18,16,0.5,5
1543,Lamar Elite - 9U - Red,1,1,0,19,17,0.5,6
1543,Katy Bombers 9U,1,1,0,20,16,0.5,7
1543,LC Legends,0,1,1,18,14,0.25,8
1543,Texas Elite Lobos - Gold,0,2,0,24,16,0.0,9
1544,SOUTH COAST CREAM X.,2,0,0,12,24,1.0,1
1544,Texans,1,0,1,12,23,0.75,2
1544,Lamar Elite - 9U - Red,1,1,0,16,19,0.5,3
1544,Marucci Elite Texas - Holden,1,1,0,16,16,0.5,4
1544,Houston Bandits 9u,1,1,0,20,17,0.5,5
1544,Katy Bombers 9U,1,1,0,20,16,0.5,6
1544,Banditos 9U Texas,1,1,0,21,14,0.5,7
1544,LC Legends,0,1,1,14,10,0.25,8
1544,Texas Elite Lobos - Gold,0,2,0,24,16,0.0,9
1545,Banditos 9U Texas,2,0,0,7,21,1.0,1
1545,Lamar Elite - 9U - Red,2,0,0,12,26,1.0,2
1545,SOUTH COAST CREAM X.,2,0,0,12,24,1.0,3
1545,LC Legends,1,1,0,16,13,0.5,4
1545,Houston Bandits 9u,1,1,0,20,20,0.5,5
1545,Katy Bombers 9U,1,1,0,20,16,0.5,6
1545,Texans,0,2,0,22,11,0.0,7
1545,Texas Elite Lobos - Gold,0,2,0,24,16,0.0,8
1545,Marucci Elite Texas - Holden,0,2,0,27,13,0.0,9
1546,SOUTH COAST CREAM X.,2,0,0,12,24,1.0,1
1546,Marucci Elite Texas - Holden,2,0,0,18,24,1.0,2
1546,LC Legends,1,1,0,15,14,0.5,3
1546,Banditos 9U Texas,1,1,0,16,18,0.5,4
1546,Lamar Elite - 9U - Red,1,1,0,18,18,0.5,5
1546,Texans,1,1,0,20,19,0.5,6
1546,Katy Bombers 9U,1,1,0,20,16,0.5,7
1546,Houston Bandits 9u,0,2,0,23,17,0.0,8
1546,Texas Elite Lobos - Gold,0,2,0,24,16,0.0,9
1547,SOUTH COAST CREAM X.,2,0,0,12,24,1.0,1
1547,Banditos 9U Texas,2,0,0,12,17,1.0,2
1547,Marucci Elite Texas - Holden,2,0,0,13,23,1.0,3
1547,LC Legends,1,1,0,15,12,0.5,4
1547,Houston Bandits 9u,1,1,0,18,18,0.5,5
1547,Katy Bombers 9U,1,1,0,20,16,0.5,6
1547,Texans,0,2,0,17,15,0.0,7
1547,Texas Elite Lobos - Gold,0,2,0,24,16,0.0,8
1547,Lamar Elite - 9U - Red,0,2,0,26,16,0.0,9
1548,SOUTH COAST CREAM X.,2,0,0,12,24,1.0,1
1548,Banditos 9U Texas,2,0,0,12,20,1.0,2
1548,Lamar Elite - 9U - Red,2,0,0,18,21,1.0,3
1548,LC Legends,1,1,0,13,10,0.5,4
1548,Marucci Elite Texas - Holden,1,1,0,16,19,0.5,5
1548,Katy Bombers 9U,1,1,0,20,16,0.5,6
1548,Texans,0,2,0,18,13,0.0,7
1548,Houston Bandits 9u,0,2,0,21,15,0.0,8
1548,Texas Elite Lobos - Gold,0,2,0,24,16,0.0,9
1549,SOUTH COAST CREAM X.,2,0,0,12,24,1.0,1
1549,Texans,2,0,0,14,23,1.0,2
1549,Lamar Elite - 9U - Red,2,0,0,14,21,1.0,3
1549,Banditos 9U Texas,1,1,0,14,14,0.5,4
1549,Houston Bandits 9u,1,1,0,19,17,0.5,5
1549,Katy Bombers 9U,1,1,0,20,16,0.5,6
1549,Marucci Elite Texas - Holden,0,2,0,18,13,0.0,7
1549,LC Legends,0,2,0,21,12,0.0,8
1549,Texas Elite Lobos - Gold,0,2,0,24,16,0.0,9
1550,SOUTH COAST CREAM X.,2,0,0,12,24,1.0,1
1550,Marucci Elite Texas - Holden,2,0,0,15,21,1.0,2
1550,Texans,2,0,0,15,19,1.0,3
1550,Banditos 9U Texas,1,1,0,13,16,0.5,4
1550,Houston Bandits 9u,1,1,0,20,23,0.5,5
1550,Katy Bombers 9U,1,1,0,20,16,0.5,6
1550,LC Legends,0,2,0,18,11,0.0,7
1550,Texas Elite Lobos - Gold,0,2,0,24,16,0.0,8
1550,Lamar Elite - 9U - Red,0,2,0,24,15,0.0,9
1551,SOUTH COAST CREAM X.,2,0,0,12,24,1.0,1
1551,Banditos 9U Texas,2,0,0,12,17,1.0,2
1551,LC Legends,1,1,0,15,16,0.5,3
1551,Marucci Elite Texas - Holden,1,1,0,17,21,0.5,4
1551,Houston Bandits 9u,1,1,0,17,17,0.5,5
1551,Lamar Elite - 9U - Red,1,1,0,20,16,0.5,6
1551,Katy Bombers 9U,1,1,0,20,16,0.5,7
1551,Texans,0,2,0,21,15,0.0,8
1551,Texas Elite Lobos - Gold,0,2,0,24,16,0.0,9
1552,SOUTH COAST CREAM X.,2,0,0,12,24,1.0,1
1552,Banditos 9U Texas,2,0,0,13,18,1.0,2
1552,Houston Bandits 9u,1,1,0,16,20,0.5,3
1552,Lamar Elite - 9U - Red,1,1,0,17,9,0.5,4
1552,Marucci Elite Texas - Holden,1,1,0,18,22,0.5,5
1552,Texans,1,1,0,20,22,0.5,6
1552,Katy Bombers 9U,1,1,0,20,16,0.5,7
1552,LC Legends,0,2,0,21,14,0.0,8
1552,Texas Elite Lobos - Gold,0,2,0,24,16,0.0,9
1553,SOUTH COAST CREAM X.,2,0,0,12,24,1.0,1
1553,Lamar Elite - 9U - Red,2,0,0,15,26,1.0,2
1553,Banditos 9U Texas,1,1,0,17,17,0.5,3
1553,LC Legends,1,1,0,18,18,0.5,4
1553,Katy Bombers 9U,1,1,0,20,16,0.5,5
1553,Texans,1,1,0,23,23,0.5,6
1553,Houston Bandits 9u,1,1,0,24,17,0.5,7
1553,Marucci Elite Texas - Holden,0,2,0,20,16,0.0,8
1553,Texas Elite Lobos - Gold,0,2,0,24,16,0.0,9
1554,SOUTH COAST CREAM X.,2,0,0,12,24,1.0,1
1554,Houston Bandits 9u,2,0,0,15,19,1.0,2
1554,LC Legends,1,1,0,13,14,0.5,3
1554,Banditos 9U Texas,1,1,0,15,17,0.5,4
1554,Marucci Elite Texas - Holden,1,1,0,18,23,0.5,5
1554,Texans,1,1,0,19,16,0.5,6
1554,Katy Bombers 9U,1,1,0,20,16,0.5,7
1554,Lamar Elite - 9U - Red,0,2,0,23,14,0.0,8
1554,Texas Elite Lobos - Gold,0,2,0,24,16,0.0,9
1555,SOUTH COAST CREAM X.,2,0,0,12,24,1.0,1
1555,LC Legends,1,1,0,15,13,0.5,2
1555,Texans,1,1,0,16,30,0.5,3
1555,Marucci Elite Texas - Holden,1,1,0,17,19,0.5,4
1555,Lamar Elite - 9U - Red,1,1,0,18,16,0.5,5
1555,Katy Bombers 9U,1,1,0,20,16,0.5,6
1555,Houston Bandits 9u,1,1,0,23,23,0.5,7
1555,Banditos 9U Texas,1,1,0,27,15,0.5,8
1555,Texas Elite Lobos - Gold,0,2,0,24,16,0.0,9
1556,SOUTH COAST CREAM X.,2,0,0,12,24,1.0,1
1556,Houston Bandits 9u,2,0,0,18,22,1.0,2
1556,Banditos 9U Texas,1,1,0,15,18,0.5,3
1556,LC Legends,1,1,0,16,14,0.5,4
1556,Lamar Elite - 9U - Red,1,1,0,19,23,0.5,5
1556,Texans,1,1,0,20,19,0.5,6
1556,Katy Bombers 9U,1,1,0,20,16,0.5,7
1556,Texas Elite Lobos - Gold,0,2,0,24,16,0.0,8
1556,Marucci Elite Texas - Holden,0,2,0,29,21,0.0,9
1557,SOUTH COAST CREAM X.,2,0,0,12,24,1.0,1
1557,Marucci Elite Texas - Holden,1,0,1,17,18,0.75,2
1557,Lamar Elite - 9U - Red,1,0,1,18,19,0.75,3
1557,Banditos 9U Texas,1,1,0,15,16,0.5,4
1557,LC Legends,1,1,0,19,17,0.5,5
1557,Katy Bombers 9U,1,1,0,20,16,0.5,6
1557,Texans,1,1,0,21,22,0.5,7
1557,Houston Bandits 9u,0,2,0,17,15,0.0,8
1557,Texas Elite Lobos - Gold,0,2,0,24,16,0.0,9
1558,SOUTH COAST CREAM X.,2,0,0,12,24,1.0,1
1558,Houston Bandits 9u,2,0,0,17,25,1.0,2
1558,Texans,1,0,1,12,21,0.75,3
1558,Banditos 9U Texas,1,1,0,16,11,0.5,4
1558,Katy Bombers 9U,1,1,0,20,16,0.5,5
1558,Lamar Elite - 9U - Red,1,1,0,29,25,0.5,6
1558,LC Legends,0,1,1,17,13,0.25,7
1558,Marucci Elite Texas - Holden,0,2,0,23,19,0.0,8
1558,Texas Elite Lobos - Gold,0,2,0,24,16,0.0,9
1559,SOUTH COAST CREAM X.,2,0,0,12,24,1.0,1
1559,Marucci Elite Texas - Holden,2,0,0,12,19,1.0,2
1559,LC Legends,1,1,0,15,17,0.5,3
1559,Banditos 9U Texas,1,1,0,20,20,0.5,4
1559,Katy Bombers 9U,1,1,0,20,16,0.5,5
1559,Texans,1,1,0,25,23,0.5,6
1559,Lamar Elite - 9U - Red,0,1,1,15,14,0.25,7
1559,Houston Bandits 9u,0,1,1,20,14,0.25,8
1559,Texas Elite Lobos - Gold,0,2,0,24,16,0.0,9
1560,Banditos 9U Texas,2,0,0,8,21,1.0,1
1560,SOUTH COAST CREAM X.,2,0,0,12,24,1.0,2
1560,Lamar Elite - 9U - Red,2,0,0,15,26,1.0,3
1560,Marucci Elite Texas - Holden,1,1,0,16,18,0.5,4
1560,Texans,1,1,0,19,16,0.5,5
1560,Katy Bombers 9U,1,1,0,20,16,0.5,6
1560,LC Legends,0,2,0,20,10,0.0,7
1560,Texas Elite Lobos - Gold,0,2,0,24,16,0.0,8
1560,Houston Bandits 9u,0,2,0,26,13,0.0,9
1561,SOUTH COAST CREAM X.,2,0,0,12,24,1.0,1
1561,Banditos 9U Texas,2,0,0,14,20,1.0,2
1561,Lamar Elite - 9U - Red,2,0,0,18,24,1.0,3
1561,Marucci Elite Texas - Holden,1,1,0,16,21,0.5,4
1561,LC Legends,1,1,0,17,15,0.5,5
1561,Katy Bombers 9U,1,1,0,20,16,0.5,6
1561,Houston Bandits 9u,0,2,0,22,11,0.0,7
1561,Texans,0,2,0,23,19,0.0,8
1561,Texas Elite Lobos - Gold,0,2,0,24,16,0.0,9
1562,SOUTH COAST CREAM X.,2,0,0,12,24,1.0,1
1562,LC Legends,1,1,0,12,14,0.5,2
1562,Texans,1,1,0,14,18,0.5,3
1562,Lamar Elite - 9U - Red,1,1,0,15,21,0.5,4
1562,Marucci Elite Texas - Holden,1,1,0,17,17,0.5,5
1562,Banditos 9U Texas,1,1,0,18,12,0.5,6
1562,Houston Bandits 9u,1,1,0,19,13,0.5,7
1562,Katy Bombers 9U,1,1,0,20,16,0.5,8
1562,Texas Elite Lobos - Gold,0,2,0,24,16,0.0,9
1563,Banditos 9U Texas,2,0,0,11,19,1.0,1
1563,SOUTH COAST CREAM X.,2,0,0,12,24,1.0,2
1563,Houston Bandits 9u,2,0,0,14,20,1.0,3
1563,Marucci Elite Texas - Holden,1,1,0,20,18,0.5,4
1563,Katy Bombers 9U,1,1,0,20,16,0.5,5
1563,LC Legends,0,1,1,17,13,0.25,6
1563,Texans,0,1,1,20,16,0.25,7
1563,Texas Elite Lobos - Gold,0,2,0,24,16,0.0,8
1563,Lamar Elite - 9U - Red,0,2,0,27,23,0.0,9
1564,SOUTH COAST CREAM X.,2,0,0,12,24,1.0,1
1564,Houston Bandits 9u,2,0,0,14,20,1.0,2
1564,Texans,2,0,0,20,26,1.0,3
1564,Lamar Elite - 9U - Red,1,1,0,16,14,0.5,4
1564,Banditos 9U Texas,1,1,0,18,20,0.5,5
1564,Katy Bombers 9U,1,1,0,20,16,0.5,6
1564,LC Legends,0,2,0,20,12,0.0,7
1564,Marucci Elite Texas - Holden,0,2,0,21,17,0.0,8
1564,Texas Elite Lobos - Gold,0,2,0,24,16,0.0,9
1565,SOUTH COAST CREAM X.,2,0,0,12,24,1.0,1
1565,Marucci Elite Texas - Holden,1,0,1,16,17,0.75,2
1565,Banditos 9U Texas,1,0,1,18,22,0.75,3
1565,Houston Bandits 9u,1,1,0,13,18,0.5,4
1565,Katy Bombers 9U,1,1,0,20,16,0.5,5
1565,Texans,0,0,2,21,21,0.5,6
1565,LC Legends,0,1,1,15,11,0.25,7
1565,Lamar Elite - 9U - Red,0,1,1,22,16,0.25,8
1565,Texas Elite Lobos - Gold,0,2,0,24,16,0.0,9
1566,SOUTH COAST CREAM X.,2,0,0,12,24,1.0,1
1566,Banditos 9U Texas,2,0,0,12,20,1.0,2
1566,Marucci Elite Texas - Holden,1,0,1,12,15,0.75,3
1566,Lamar Elite - 9U - Red,1,1,0,15,14,0.5,4
1566,Katy Bombers 9U,1,1,0,20,16,0.5,5
1566,Houston Bandits 9u,0,1,1,16,14,0.25,6
1566,LC Legends,0,1,1,16,12,0.25,7
1566,Texans,0,1,1,20,16,0.25,8
1566,Texas Elite Lobos - Gold,0,2,0,24,16,0.0,9
1567,SOUTH COAST CREAM X.,2,0,0,12,24,1.0,1
1567,Houston Bandits 9u,2,0,0,20,22,1.0,2
1567,Banditos 9U Texas,1,1,0,15,17,0.5,3
1567,Lamar Elite - 9U - Red,1,1,0,15,15,0.5,4
1567,LC Legends,1,1,0,18,15,0.5,5
1567,Texans,1,1,0,20,21,0.5,6
1567,Katy Bombers 9U,1,1,0,20,16,0.5,7
1567,Marucci Elite Texas - Holden,0,2,0,18,16,0.0,8
1567,Texas Elite Lobos - Gold,0,2,0,24,16,0.0,9
1568,Banditos 9U Texas,2,0,0,11,18,1.0,1
1568,SOUTH COAST CREAM X.,2,0,0,12,24,1.0,2
1568,Marucci Elite Texas - Holden,1,1,0,15,19,0.5,3
1568,Texans,1,1,0,16,24,0.5,4
1568,Houston Bandits 9u,1,1,0,19,17,0.5,5
1568,Lamar Elite - 9U - Red,1,1,0,19,17,0.5,6
1568,Katy Bombers 9U,1,1,0,20,16,0.5,7
1568,Texas Elite Lobos - Gold,0,2,0,24,16,0.0,8
1568,LC Legends,0,2,0,25,10,0.0,9
1569,SOUTH COAST CREAM X.,2,0,0,12,24,1.0,1
1569,Banditos 9U Texas,2,0,0,13,19,1.0,2
1569,Lamar Elite - 9U - Red,1,1,0,13,15,0.5,3
1569,Marucci Elite Texas - Holden,1,1,0,15,16,0.5,4
1569,Houston Bandits 9u,1,1,0,16,13,0.5,5
1569,LC Legends,1,1,0,17,18,0.5,6
1569,Katy Bombers 9U,1,1,0,20,16,0.5,7
1569,Texas Elite Lobos - Gold,0,2,0,24,16,0.0,8
1569,Texans,0,2,0,25,18,0.0,9
1570,Marucci Elite Texas - Holden,2,0,0,9,29,1.0,1
1570,SOUTH COAST CREAM X.,2,0,0,12,24,1.0,2
1570,Banditos 9U Texas,2,0,0,15,22,1.0,3
1570,Houston Bandits 9u,1,1,0,13,21,0.5,4
1570,Katy Bombers 9U,1,1,0,20,16,0.5,5
1570,Texans,1,1,0,25,23,0.5,6
1570,LC Legends,0,2,0,20,15,0.0,7
1570,Texas Elite Lobos - Gold,0,2,0,24,16,0.0,8
1570,Lamar Elite - 9U - Red,0,2,0,31,3,0.0,9
1571,SOUTH COAST CREAM X.,2,0,0,12,24,1.0,1
1571,Texans,2,0,0,12,22,1.0,2
1571,Houston Bandits 9u,2,0,0,17,27,1.0,3
1571,Banditos 9U Texas,1,1,0,14,14,0.5,4
1571,Lamar Elite - 9U - Red,1,1,0,18,14,0.5,5
1571,Katy Bombers 9U,1,1,0,20,16,0.5,6
1571,LC Legends,0,2,0,20,10,0.0,7
1571,Marucci Elite Texas - Holden,0,2,0,24,18,0.0,8
1571,Texas Elite Lobos - Gold,0,2,0,24,16,0.0,9
1572,SOUTH COAST CREAM X.,2,0,0,12,24,1.0,1
1572,Texans,2,0,0,17,22,1.0,2
1572,Lamar Elite - 9U - Red,1,0,1,14,16,0.75,3
1572,Banditos 9U Texas,1,1,0,15,17,0.5,4
1572,Houston Bandits 9u,0,0,2,17,17,0.5,5
1572,Katy Bombers 9U,1,1,0,20,16,0.5,6
1572,Marucci Elite Texas - Holden,0,1,1,17,15,0.25,7
1572,LC Legends,0,2,0,19,12,0.0,8
1572,Texas Elite Lobos - Gold,0,2,0,24,16,0.0,9
1573,SOUTH COAST CREAM X.,2,0,0,12,24,1.0,1
1573,Texans,2,0,0,13,17,1.0,2
1573,Banditos 9U Texas,1,1,0,13,16,0.5,3
1573,Houston Bandits 9u,1,1,0,18,22,0.5,4
1573,Katy Bombers 9U,1,1,0,20,16,0.5,5
1573,Marucci Elite Texas - Holden,1,1,0,21,22,0.5,6
1573,Lamar Elite - 9U - Red,1,1,0,23,18,0.5,7
1573,LC Legends,0,2,0,16,9,0.0,8
1573,Texas Elite Lobos - Gold,0,2,0,24,16,0.0,9
1574,SOUTH COAST CREAM X.,2,0,0,12,24,1.0,1
1574,Lamar Elite - 9U - Red,2,0,0,14,19,1.0,2
1574,Banditos 9U Texas,1,1,0,15,16,0.5,3
1574,LC Legends,1,1,0,16,13,0.5,4
1574,Texans,1,1,0,17,19,0.5,5
1574,Houston Bandits 9u,1,1,0,19,21,0.5,6
1574,Katy Bombers 9U,1,1,0,20,16,0.5,7
1574,Marucci Elite Texas - Holden,0,2,0,23,16,0.0,8
1574,Texas Elite Lobos - Gold,0,2,0,24,16,0.0,9
1575,SOUTH COAST CREAM X.,2,0,0,12,24,1.0,1
1575,Banditos 9U Texas,2,0,0,12,19,1.0,2
1575,Houston Bandits 9u,2,0,0,16,22,1.0,3
1575,LC Legends,1,1,0,13,18,0.5,4
1575,Katy Bombers 9U,1,1,0,20,16,0.5,5
1575,Marucci Elite Texas - Holden,1,1,0,21,23,0.5,6
1575,Lamar Elite - 9U - Red,0,2,0,24,16,0.0,7
1575,Texas Elite Lobos - Gold,0,2,0,24,16,0.0,8
1575,Texans,0,2,0,25,13,0.0,9
1576,Banditos 9U Texas,2,0,0,12,27,1.0,1
1576,SOUTH COAST CREAM X.,2,0,0,12,24,1.0,2
1576,Lamar Elite - 9U - Red,2,0,0,15,24,1.0,3
1576,Marucci Elite Texas - Holden,1,1,0,15,21,0.5,4
1576,Katy Bombers 9U,1,1,0,20,16,0.5,5
1576,Texans,1,1,0,31,21,0.5,6
1576,LC Legends,0,2,0,21,16,0.0,7
1576,Texas Elite Lobos - Gold,0,2,0,24,16,0.0,8
1576,Houston Bandits 9u,0,2,0,29,14,0.0,9
1577,SOUTH COAST CREAM X.,2,0,0,12,24,1.0,1
1577,Banditos 9U Texas,2,0,0,14,22,1.0,2
1577,Marucci Elite Texas - Holden,1,1,0,17,23,0.5,3
1577,Katy Bombers 9U,1,1,0,20,16,0.5,4
1577,Texans,1,1,0,21,21,0.5,5
1577,Houston Bandits 9u,1,1,0,22,21,0.5,6
1577,Lamar Elite - 9U - Red,1,1,0,26,21,0.5,7
1577,LC Legends,0,2,0,19,11,0.0,8
1577,Texas Elite Lobos - Gold,0,2,0,24,16,0.0,9
1578,SOUTH COAST CREAM X.,2,0,0,12,24,1.0,1
1578,Banditos 9U Texas,2,0,0,14,19,1.0,2
1578,Houston Bandits 9u,2,0,0,15,27,1.0,3
1578,Texans,1,1,0,16,23,0.5,4
1578,Katy Bombers 9U,1,1,0,20,16,0.5,5
1578,Marucci Elite Texas - Holden,1,1,0,21,23,0.5,6
1578,LC Legends,0,2,0,21,9,0.0,7
1578,Texas Elite Lobos - Gold,0,2,0,24,16,0.0,8
1578,Lamar Elite - 9U - Red,0,2,0,27,13,0.0,9
1579,SOUTH COAST CREAM X.,2,0,0,12,24,1.0,1
1579,Houston Bandits 9u,1,0,1,16,18,0.75,2
1579,Texans,1,0,1,18,21,0.75,3
1579,Banditos 9U Texas,1,1,0,13,14,0.5,4
1579,Marucci Elite Texas - Holden,1,1,0,17,16,0.5,5
1579,Katy Bombers 9U,1,1,0,20,16,0.5,6
1579,Lamar Elite - 9U - Red,0,1,1,20,19,0.25,7
1579,LC Legends,0,1,1,20,16,0.25,8
1579,Texas Elite Lobos - Gold,0,2,0,24,16,0.0,9
1580,SOUTH COAST CREAM X.,2,0,0,12,24,1.0,1
1580,Lamar Elite - 9U - Red,2,0,0,17,20,1.0,2
1580,Banditos 9U Texas,1,0,1,13,17,0.75,3
1580,LC Legends,1,1,0,15,13,0.5,4
1580,Katy Bombers 9U,1,1,0,20,16,0.5,5
1580,Marucci Elite Texas - Holden,0,1,1,16,15,0.25,6
1580,Texans,0,1,1,18,16,0.25,7
1580,Houston Bandits 9u,0,1,1,24,22,0.25,8
1580,Texas Elite Lobos - Gold,0,2,0,24,16,0.0,9
1581,Texans,2,0,0,10,20,1.0,1
1581,SOUTH COAST CREAM X.,2,0,0,12,24,1.0,2
1581,Houston Bandits 9u,2,0,0,21,28,1.0,3
1581,Banditos 9U Texas,1,1,0,16,14,0.5,4
1581,Katy Bombers 9U,1,1,0,20,16,0.5,5
1581,Lamar Elite - 9U - Red,1,1,0,23,26,0.5,6
1581,LC Legends,0,2,0,16,8,0.0,7
1581,Texas Elite Lobos - Gold,0,2,0,24,16,0.0,8
1581,Marucci Elite Texas - Holden,0,2,0,27,17,0.0,9
1582,SOUTH COAST CREAM X.,2,0,0,12,24,1.0,1
1582,Lamar Elite - 9U - Red,2,0,0,17,30,1.0,2
1582,Texans,1,0,1,14,17,0.75,3
1582,Banditos 9U Texas,1,1,0,11,12,0.5,4
1582,Katy Bombers 9U,1,1,0,20,16,0.5,5
1582,Houston Bandits 9u,1,1,0,25,18,0.5,6
1582,LC Legends,0,1,1,18,14,0.25,7
1582,Texas Elite Lobos - Gold,0,2,0,24,16,0.0,8
1582,Marucci Elite Texas - Holden,0,2,0,27,21,0.0,9
1583,SOUTH COAST CREAM X.,2,0,0,12,24,1.0,1
1583,Banditos 9U Texas,2,0,0,12,19,1.0,2
1583,Houston Bandits 9u,2,0,0,16,18,1.0,3
1583,Katy Bombers 9U,1,1,0,20,16,0.5,4
1583,Texans,1,1,0,24,23,0.5,5
1583,Lamar Elite - 9U - Red,0,1,1,15,14,0.25,6
1583,Marucci Elite Texas - Holden,0,1,1,17,16,0.25,7
1583,LC Legends,0,2,0,23,17,0.0,8
1583,Texas Elite Lobos - Gold,0,2,0,24,16,0.0,9
1584,Banditos 9U Texas,2,0,0,8,13,1.0,1
1584,SOUTH COAST CREAM X.,2,0,0,12,24,1.0,2
1584,Lamar Elite - 9U - Red,2,0,0,19,22,1.0,3
1584,Texans,1,1,0,14,20,0.5,4
1584,Marucci Elite Texas - Holden,1,1,0,19,21,0.5,5
1584,Katy Bombers 9U,1,1,0,20,16,0.5,6
1584,Houston Bandits 9u,0,2,0,24,19,0.0,7
1584,Texas Elite Lobos - Gold,0,2,0,24,16,0.0,8
1584,LC Legends,0,2,0,24,13,0.0,9
1585,Houston Bandits 9u,2,0,0,10,16,1.0,1
1585,SOUTH COAST CREAM X.,2,0,0,12,24,1.0,2
1585,Banditos 9U Texas,1,1,0,13,15,0.5,3
1585,LC Legends,1,1,0,14,13,0.5,4
1585,Texans,1,1,0,16,15,0.5,5
1585,Marucci Elite Texas - Holden,1,1,0,20,17,0.5,6
1585,Katy Bombers 9U,1,1,0,20,16,0.5,7
1585,Lamar Elite - 9U - Red,0,2,0,19,16,0.0,8
1585,Texas Elite Lobos - Gold,0,2,0,24,16,0.0,9
1586,Banditos 9U Texas,2,0,0,10,18,1.0,1
1586,SOUTH COAST CREAM X.,2,0,0,12,24,1.0,2
1586,Houston Bandits 9u,2,0,0,19,26,1.0,3
1586,LC Legends,1,1,0,14,12,0.5,4
1586,Katy Bombers 9U,1,1,0,20,16,0.5,5
1586,Marucci Elite Texas - Holden,0,1,1,21,17,0.25,6
1586,Lamar Elite - 9U - Red,0,1,1,23,20,0.25,7
1586,Texans,0,2,0,18,12,0.0,8
1586,Texas Elite Lobos - Gold,0,2,0,24,16,0.0,9
1587,Banditos 9U Texas,2,0,0,10,19,1.0,1
1587,SOUTH COAST CREAM X.,2,0,0,12,24,1.0,2
1587,LC Legends,1,1,0,14,12,0.5,3
1587,Katy Bombers 9U,1,1,0,20,16,0.5,4
1587,Marucci Elite Texas - Holden,1,1,0,21,22,0.5,5
1587,Lamar Elite - 9U - Red,1,1,0,21,22,0.5,6
1587,Houston Bandits 9u,1,1,0,24,22,0.5,7
1587,Texans,0,2,0,19,12,0.0,8
1587,Texas Elite Lobos - Gold,0,2,0,24,16,0.0,9
1588,SOUTH COAST CREAM X.,2,0,0,12,24,1.0,1
1588,Banditos 9U Texas,2,0,0,14,20,1.0,2
1588,Houston Bandits 9u,2,0,0,20,24,1.0,3
1588,Lamar Elite - 9U - Red,1,1,0,17,21,0.5,4
1588,LC Legends,1,1,0,18,15,0.5,5
1588,Katy Bombers 9U,1,1,0,20,16,0.5,6
1588,Texans,0,2,0,23,20,0.0,7
1588,Texas Elite Lobos - Gold,0,2,0,24,16,0.0,8
1588,Marucci Elite Texas - Holden,0,2,0,28,20,0.0,9
1589,Banditos 9U Texas,2,0,0,11,19,1.0,1
1589,SOUTH COAST CREAM X.,2,0,0,12,24,1.0,2
1589,Marucci Elite Texas - Holden,1,1,0,15,20,0.5,3
1589,Texans,1,1,0,16,14,0.5,4
1589,Lamar Elite - 9U - Red,1,1,0,17,16,0.5,5
1589,Houston Bandits 9u,1,1,0,20,16,0.5,6
1589,Katy Bombers 9U,1,1,0,20,16,0.5,7
1589,LC Legends,0,2,0,15,9,0.0,8
1589,Texas Elite Lobos - Gold,0,2,0,24,16,0.0,9
1590,SOUTH COAST CREAM X.,2,0,0,12,24,1.0,1
1590,Texans,2,0,0,12,16,1.0,2
1590,Houston Bandits 9u,2,0,0,19,23,1.0,3
1590,Banditos 9U Texas,1,1,0,12,14,0.5,4
1590,Katy Bombers 9U,1,1,0,20,16,0.5,5
1590,Lamar Elite - 9U - Red,1,1,0,26,30,0.5,6
1590,LC Legends,0,2,0,16,10,0.0,7
1590,Texas Elite Lobos - Gold,0,2,0,24,16,0.0,8
1590,Marucci Elite Texas - Holden,0,2,0,29,21,0.0,9
1591,Lamar Elite - 9U - Red,2,0,0,10,24,1.0,1
1591,SOUTH COAST CREAM X.,2,0,0,12,24,1.0,2
1591,Banditos 9U Texas,2,0,0,12,17,1.0,3
1591,Katy Bombers 9U,1,1,0,20,16,0.5,4
1591,Marucci Elite Texas - Holden,1,1,0,24,16,0.5,5
1591,LC Legends,0,1,1,16,12,0.25,6
1591,Texans,0,1,1,17,16,0.25,7
1591,Houston Bandits 9u,0,2,0,23,17,0.0,8
1591,Texas Elite Lobos - Gold,0,2,0,24,16,0.0,9
1592,SOUTH COAST CREAM X.,2,0,0,12,24,1.0,1
1592,Lamar Elite - 9U - Red,1,0,1,16,23,0.75,2
1592,Texans,1,0,1,18,19,0.75,3
1592,Banditos 9U Texas,1,1,0,15,18,0.5,4
1592,Houston Bandits 9u,0,0,2,17,17,0.5,5
1592,Katy Bombers 9U,1,1,0,20,16,0.5,6
1592,LC Legends,0,1,1,16,12,0.25,7
1592,Marucci Elite Texas - Holden,0,1,1,22,15,0.25,8
1592,Texas Elite Lobos - Gold,0,2,0,24,16,0.0,9
1593,SOUTH COAST CREAM X.,2,0,0,12,24,1.0,1
1593,Lamar Elite - 9U - Red,2,0,0,18,22,1.0,2
1593,Texans,1,0,1,15,17,0.75,3
1593,Banditos 9U Texas,1,1,0,9,11,0.5,4
1593,Marucci Elite Texas - Holden,1,1,0,15,23,0.5,5
1593,Katy Bombers 9U,1,1,0,20,16,0.5,6
1593,LC Legends,0,1,1,20,16,0.25,7
1593,Texas Elite Lobos - Gold,0,2,0,24,16,0.0,8
1593,Houston Bandits 9u,0,2,0,26,14,0.0,9
1594,SOUTH COAST CREAM X.,2,0,0,12,24,1.0,1
1594,Houston Bandits 9u,1,0,1,21,23,0.75,2
1594,LC Legends,1,1,0,14,12,0.5,3
1594,Banditos 9U Texas,1,1,0,16,17,0.5,4
1594,Texans,1,1,0,17,18,0.5,5
1594,Katy Bombers 9U,1,1,0,20,16,0.5,6
1594,Lamar Elite - 9U - Red,0,0,2,25,25,0.5,7
1594,Marucci Elite Texas - Holden,0,1,1,24,22,0.25,8
1594,Texas Elite Lobos - Gold,0,2,0,24,16,0.0,9
1595,SOUTH COAST CREAM X.,2,0,0,12,24,1.0,1
1595,Texans,2,0,0,15,18,1.0,2
1595,Houston Bandits 9u,2,0,0,17,21,1.0,3
1595,Lamar Elite - 9U - Red,1,1,0,12,16,0.5,4
1595,Banditos 9U Texas,1,1,0,12,14,0.5,5
1595,Katy Bombers 9U,1,1,0,20,16,0.5,6
1595,LC Legends,0,2,0,18,13,0.0,7
1595,Marucci Elite Texas - Holden,0,2,0,24,16,0.0,8
1595,Texas Elite Lobos - Gold,0,2,0,24,16,0.0,9
1596,SOUTH COAST CREAM X.,2,0,0,12,24,1.0,1
1596,Marucci Elite Texas - Holden,2,0,0,14,23,1.0,2
1596,Banditos 9U Texas,2,0,0,17,24,1.0,3
1596,LC Legends,1,1,0,16,16,0.5,4
1596,Katy Bombers 9U,1,1,0,20,16,0.5,5
1596,Houston Bandits 9u,1,1,0,23,17,0.5,6
1596,Lamar Elite - 9U - Red,0,2,0,17,14,0.0,7
1596,Texas Elite Lobos - Gold,0,2,0,24,16,0.0,8
1596,Texans,0,2,0,28,21,0.0,9
1597,SOUTH COAST CREAM X.,2,0,0,12,24,1.0,1
1597,LC Legends,1,1,0,16,21,0.5,2
1597,Marucci Elite Texas - Holden,1,1,0,18,20,0.5,3
1597,Houston Bandits 9u,1,1,0,18,19,0.5,4
1597,Banditos 9U Texas,1,1,0,18,15,0.5,5
1597,Katy Bombers 9U,1,1,0,20,16,0.5,6
1597,Lamar Elite - 9U - Red,1,1,0,21,18,0.5,7
1597,Texans,1,1,0,24,22,0.5,8
1597,Texas Elite Lobos - Gold,0,2,0,24,16,0.0,9
1598,SOUTH COAST CREAM X.,2,0,0,12,24,1.0,1
1598,Banditos 9U Texas,1,0,1,12,16,0.75,2
1598,Texans,1,0,1,20,24,0.75,3
1598,Lamar Elite - 9U - Red,1,1,0,15,23,0.5,4
1598,Houston Bandits 9u,1,1,0,18,16,0.5,5
1598,Katy Bombers 9U,1,1,0,20,16,0.5,6
1598,Marucci Elite Texas - Holden,1,1,0,22,16,0.5,7
1598,LC Legends,0,2,0,24,16,0.0,8
1598,Texas Elite Lobos - Gold,0,2,0,24,16,0.0,9
1599,Banditos 9U Texas,2,0,0,8,15,1.0,1
1599,SOUTH COAST CREAM X.,2,0,0,12,24,1.0,2
1599,Houston Bandits 9u,2,0,0,14,22,1.0,3
1599,LC Legends,1,1,0,14,13,0.5,4
1599,Marucci Elite Texas - Holden,1,1,0,17,21,0.5,5
1599,Katy Bombers 9U,1,1,0,20,16,0.5,6
1599,Texans,0,2,0,16,10,0.0,7
1599,Texas Elite Lobos - Gold,0,2,0,24,16,0.0,8
1599,Lamar Elite - 9U - Red,0,2,0,24,12,0.0,9
1600,Banditos 9U Texas,2,0,0,11,18,1.0,1
1600,SOUTH COAST CREAM X.,2,0,0,12,24,1.0,2
1600,Lamar Elite - 9U - Red,1,1,0,13,20,0.5,3
1600,LC Legends,1,1,0,17,20,0.5,4
1600,Houston Bandits 9u,1,1,0,18,17,0.5,5
1600,Katy Bombers 9U,1,1,0,20,16,0.5,6
1600,Marucci Elite Texas - Holden,1,1,0,25,19,0.5,7
1600,Texas Elite Lobos - Gold,0,2,0,24,16,0.0,8
1600,Texans,0,2,0,26,16,0.0,9
1601,SOUTH COAST CREAM X.,2,0,0,12,24,1.0,1
1601,Banditos 9U Texas,1,0,1,15,19,0.75,2
1601,Lamar Elite - 9U - Red,1,1,0,15,17,0.5,3
1601,Marucci Elite Texas - Holden,1,1,0,15,16,0.5,4
1601,LC Legends,1,1,0,15,15,0.5,5
1601,Houston Bandits 9u,1,1,0,18,15,0.5,6
1601,Katy Bombers 9U,1,1,0,20,16,0.5,7
1601,Texans,0,1,1,22,18,0.25,8
1601,Texas Elite Lobos - Gold,0,2,0,24,16,0.0,9
1602,SOUTH COAST CREAM X.,2,0,0,12,24,1.0,1
1602,Marucci Elite Texas - Holden,2,0,0,13,29,1.0,2
1602,Texans,2,0,0,15,21,1.0,3
1602,Banditos 9U Texas,1,1,0,16,19,0.5,4
1602,Katy Bombers 9U,1,1,0,20,16,0.5,5
1602,Houston Bandits 9u,1,1,0,22,17,0.5,6
1602,LC Legends,0,2,0,17,8,0.0,7
1602,Lamar Elite - 9U - Red,0,2,0,23,12,0.0,8
1602,Texas Elite Lobos - Gold,0,2,0,24,16,0.0,9
1603,Texans,2,0,0,11,21,1.0,1
1603,SOUTH COAST CREAM X.,2,0,0,12,24,1.0,2
1603,Marucci Elite Texas - Holden,2,0,0,16,23,1.0,3
1603,Banditos 9U Texas,1,1,0,17,13,0.5,4
1603,Houston Bandits 9u,1,1,0,19,20,0.5,5
1603,Katy Bombers 9U,1,1,0,20,16,0.5,6
1603,LC Legends,0,2,0,16,10,0.0,7
1603,Lamar Elite - 9U - Red,0,2,0,23,15,0.0,8
1603,Texas Elite Lobos - Gold,0,2,0,24,16,0.0,9
1604,SOUTH COAST CREAM X.,2,0,0,12,24,1.0,1
1604,Texans,2,0,0,16,22,1.0,2
1604,Banditos 9U Texas,1,1,0,17,17,0.5,3
1604,Houston Bandits 9u,1,1,0,20,25,0.5,4
1604,Katy Bombers 9U,1,1,0,20,16,0.5,5
1604,Marucci Elite Texas - Holden,1,1,0,23,24,0.5,6
1604,Lamar Elite - 9U - Red,1,1,0,23,17,0.5,7
1604,LC Legends,0,2,0,17,11,0.0,8
1604,Texas Elite Lobos - Gold,0,2,0,24,16,0.0,9
1605,SOUTH COAST CREAM X.,2,0,0,12,24,1.0,1
1605,Banditos 9U Texas,1,0,1,11,15,0.75,2
1605,Marucci Elite Texas - Holden,1,1,0,14,23,0.5,3
1605,LC Legends,1,1,0,17,20,0.5,4
1605,Lamar Elite - 9U - Red,1,1,0,18,17,0.5,5
1605,Katy Bombers 9U,1,1,0,20,16,0.5,6
1605,Houston Bandits 9u,1,1,0,23,15,0.5,7
1605,Texans,0,1,1,23,16,0.25,8
1605,Texas Elite Lobos - Gold,0,2,0,24,16,0.0,9
1606,Texans,2,0,0,7,17,1.0,1
1606,SOUTH COAST CREAM X.,2,0,0,12,24,1.0,2
1606,Lamar Elite - 9U - Red,2,0,0,13,20,1.0,3
1606,Banditos 9U Texas,1,1,0,14,13,0.5,4
1606,Marucci Elite Texas - Holden,1,1,0,17,18,0.5,5
1606,Katy Bombers 9U,1,1,0,20,16,0.5,6
1606,LC Legends,0,2,0,15,6,0.0,7
1606,Houston Bandits 9u,0,2,0,22,14,0.0,8
1606,Texas Elite Lobos - Gold,0,2,0,24,16,0.0,9
1607,Banditos 9U Texas,2,0,0,9,15,1.0,1
1607,SOUTH COAST CREAM X.,2,0,0,12,24,1.0,2
1607,Marucci Elite Texas - Holden,1,1,0,15,18,0.5,3
1607,Lamar Elite - 9U - Red,1,1,0,18,15,0.5,4
1607,Katy Bombers 9U,1,1,0,20,16,0.5,5
1607,Houston Bandits 9u,1,1,0,23,23,0.5,6
1607,Texans,0,1,1,16,14,0.25,7
1607,LC Legends,0,1,1,17,13,0.25,8
1607,Texas Elite Lobos - Gold,0,2,0,24,16,0.0,9
1608,SOUTH COAST CREAM X.,2,0,0,12,24,1.0,1
1608,Marucci Elite Texas - Holden,2,0,0,16,24,1.0,2
1608,Banditos 9U Texas,1,0,1,15,19,0.75,3
1608,Texans,1,0,1,21,23,0.75,4
1608,Houston Bandits 9u,1,1,0,17,16,0.5,5
1608,Katy Bombers 9U,1,1,0,20,16,0.5,6
1608,LC Legends,0,2,0,20,14,0.0,7
1608,Texas Elite Lobos - Gold,0,2,0,24,16,0.0,8
1608,Lamar Elite - 9U - Red,0,2,0,27,20,0.0,9
1609,SOUTH COAST CREAM X.,2,0,0,12,24,1.0,1
1609,Banditos 9U Texas,2,0,0,13,21,1.0,2
1609,LC Legends,1,1,0,10,23,0.5,3
1609,Lamar Elite - 9U - Red,1,1,0,16,20,0.5,4
1609,Katy Bombers 9U,1,1,0,20,16,0.5,5
1609,Marucci Elite Texas - Holden,1,1,0,21,23,0.5,6
1609,Houston Bandits 9u,1,1,0,21,15,0.5,7
1609,Texas Elite Lobos - Gold,0,2,0,24,16,0.0,8
1609,Texans,0,2,0,32,11,0.0,9
1610,Banditos 9U Texas,2,0,0,10,20,1.0,1
1610,Houston Bandits 9u,2,0,0,10,19,1.0,2
1610,SOUTH COAST CREAM X.,2,0,0,12,24,1.0,3
1610,LC Legends,1,1,0,13,14,0.5,4
1610,Lamar Elite - 9U - Red,1,1,0,16,18,0.5,5
1610,Katy Bombers 9U,1,1,0,20,16,0.5,6
1610,Marucci Elite Texas - Holden,0,2,0,19,8,0.0,7
1610,Texans,0,2,0,22,11,0.0,8
1610,Texas Elite Lobos - Gold,0,2,0,24,16,0.0,9
1611,SOUTH COAST CREAM X.,2,0,0,12,24,1.0,1
1611,Texans,2,0,0,21,23,1.0,2
1611,Houston Bandits 9u,1,0,1,12,18,0.75,3
1611,Banditos 9U Texas,1,1,0,17,20,0.5,4
1611,Katy Bombers 9U,1,1,0,20,16,0.5,5
1611,Lamar Elite - 9U - Red,1,1,0,25,22,0.5,6
1611,Marucci Elite Texas - Holden,0,1,1,20,17,0.25,7
1611,LC Legends,0,2,0,18,13,0.0,8
1611,Texas Elite Lobos - Gold,0,2,0,24,16,0.0,9
1612,SOUTH COAST CREAM X.,2,0,0,12,24,1.0,1
1612,Lamar Elite - 9U - Red,2,0,0,16,21,1.0,2
1612,LC Legends,1,1,0,17,25,0.5,3
1612,Marucci Elite Texas - Holden,1,1,0,17,18,0.5,4
1612,Katy Bombers 9U,1,1,0,20,16,0.5,5
1612,Banditos 9U Texas,1,1,0,23,16,0.5,6
1612,Texans,1,1,0,29,28,0.5,7
1612,Houston Bandits 9u,0,2,0,20,14,0.0,8
1612,Texas Elite Lobos - Gold,0,2,0,24,16,0.0,9
1613,SOUTH COAST CREAM X.,2,0,0,12,24,1.0,1
1613,Texans,2,0,0,14,18,1.0,2
1613,Marucci Elite Texas - Holden,2,0,0,18,21,1.0,3
1613,Banditos 9U Texas,1,1,0,13,14,0.5,4
1613,Houston Bandits 9u,1,1,0,19,18,0.5,5
1613,Katy Bombers 9U,1,1,0,20,16,0.5,6
1613,LC Legends,0,2,0,17,12,0.0,7
1613,Texas Elite Lobos - Gold,0,2,0,24,16,0.0,8
1613,Lamar Elite - 9U - Red,0,2,0,25,23,0.0,9
1614,Banditos 9U Texas,2,0,0,9,17,1.0,1
1614,SOUTH COAST CREAM X.,2,0,0,12,24,1.0,2
1614,Lamar Elite - 9U - Red,2,0,0,15,29,1.0,3
1614,Texans,1,1,0,19,16,0.5,4
1614,Katy Bombers 9U,1,1,0,20,16,0.5,5
1614,Marucci Elite Texas - Holden,1,1,0,25,17,0.5,6
1614,LC Legends,0,2,0,19,14,0.0,7
1614,Houston Bandits 9u,0,2,0,22,16,0.0,8
1614,Texas Elite Lobos - Gold,0,2,0,24,16,0.0,9
1615,SOUTH COAST CREAM X.,2,0,0,12,24,1.0,1
1615,Lamar Elite - 9U - Red,2,0,0,17,25,1.0,2
1615,Texans,2,0,0,19,27,1.0,3
1615,Banditos 9U Texas,1,1,0,18,18,0.5,4
1615,Marucci Elite Texas - Holden,1,1,0,19,15,0.5,5
1615,Katy Bombers 9U,1,1,0,20,16,0.5,6
1615,Houston Bandits 9u,0,2,0,20,16,0.0,7
1615,LC Legends,0,2,0,21,13,0.0,8
1615,Texas Elite Lobos - Gold,0,2,0,24,16,0.0,9
1616,SOUTH COAST CREAM X.,2,0,0,12,24,1.0,1
1616,Banditos 9U Texas,1,0,1,14,18,0.75,2
1616,Texans,1,0,1,17,18,0.75,3
1616,Lamar Elite - 9U - Red,1,1,0,14,25,0.5,4
1616,Houston Bandits 9u,1,1,0,17,19,0.5,5
1616,Katy Bombers 9U,1,1,0,20,16,0.5,6
1616,Marucci Elite Texas - Holden,1,1,0,25,12,0.5,7
1616,LC Legends,0,2,0,16,11,0.0,8
1616,Texas Elite Lobos - Gold,0,2,0,24,16,0.0,9
1617,SOUTH COAST CREAM X.,2,0,0,12,24,1.0,1
1617,Texans,2,0,0,12,18,1.0,2
1617,Marucci Elite Texas - Holden,1,0,1,18,21,0.75,3
1617,Banditos 9U Texas,1,1,0,14,14,0.5,4
1617,Lamar Elite - 9U - Red,1,1,0,20,19,0.5,5
1617,Katy Bombers 9U,1,1,0,20,16,0.5,6
1617,Houston Bandits 9u,0,1,1,15,13,0.25,7
1617,LC Legends,0,2,0,16,10,0.0,8
1617,Texas Elite Lobos - Gold,0,2,0,24,16,0.0,9
1618,SOUTH COAST CREAM X.,2,0,0,12,24,1.0,1
1618,Houston Bandits 9u,2,0,0,13,18,1.0,2
1618,Lamar Elite - 9U - Red,1,1,0,12,14,0.5,3
1618,LC Legends,1,1,0,14,21,0.5,4
1618,Banditos 9U Texas,1,1,0,16,17,0.5,5
1618,Katy Bombers 9U,1,1,0,20,16,0.5,6
1618,Texans,1,1,0,26,18,0.5,7
1618,Marucci Elite Texas - Holden,0,2,0,23,16,0.0,8
1618,Texas Elite Lobos - Gold,0,2,0,24,16,0.0,9
1619,SOUTH COAST CREAM X.,2,0,0,12,24,1.0,1
1619,Banditos 9U Texas,2,0,0,15,20,1.0,2
1619,Lamar Elite - 9U - Red,1,1,0,15,17,0.5,3
1619,LC Legends,1,1,0,16,20,0.5,4
1619,Houston Bandits 9u,1,1,0,18,19,0.5,5
1619,Katy Bombers 9U,1,1,0,20,16,0.5,6
1619,Marucci Elite Texas - Holden,1,1,0,23,20,0.5,7
1619,Texas Elite Lobos - Gold,0,2,0,24,16,0.0,8
1619,Texans,0,2,0,28,19,0.0,9
1620,SOUTH COAST CREAM X.,2,0,0,12,24,1.0,1
1620,Lamar Elite - 9U - Red,2,0,0,18,26,1.0,2
1620,Banditos 9U Texas,1,0,1,9,13,0.75,3
1620,LC Legends,1,1,0,15,17,0.5,4
1620,Katy Bombers 9U,1,1,0,20,16,0.5,5
1620,Houston Bandits 9u,1,1,0,21,17,0.5,6
1620,Texans,0,1,1,18,12,0.25,7
1620,Marucci Elite Texas - Holden,0,2,0,19,15,0.0,8
1620,Texas Elite Lobos - Gold,0,2,0,24,16,0.0,9
1621,Banditos 9U Texas,2,0,0,11,20,1.0,1
1621,SOUTH COAST CREAM X.,2,0,0,12,24,1.0,2
1621,Marucci Elite Texas - Holden,2,0,0,20,22,1.0,3
1621,LC Legends,1,1,0,14,17,0.5,4
1621,Katy Bombers 9U,1,1,0,20,16,0.5,5
1621,Lamar Elite - 9U - Red,1,1,0,22,23,0.5,6
1621,Houston Bandits 9u,0,2,0,18,15,0.0,7
1621,Texas Elite Lobos - Gold,0,2,0,24,16,0.0,8
1621,Texans,0,2,0,25,13,0.0,9
1622,SOUTH COAST CREAM X.,2,0,0,12,24,1.0,1
1622,Lamar Elite - 9U - Red,2,0,0,19,23,1.0,2
1622,Banditos 9U Texas,1,1,0,14,13,0.5,3
1622,Texans,1,1,0,19,22,0.5,4
1622,LC Legends,1,1,0,20,18,0.5,5
1622,Katy Bombers 9U,1,1,0,20,16,0.5,6
1622,Marucci Elite Texas - Holden,1,1,0,22,24,0.5,7
1622,Houston Bandits 9u,0,2,0,23,17,0.0,8
1622,Texas Elite Lobos - Gold,0,2,0,24,16,0.0,9
1623,SOUTH COAST CREAM X.,2,0,0,12,24,1.0,1
1623,Banditos 9U Texas,2,0,0,13,18,1.0,2
1623,LC Legends,1,1,0,13,18,0.5,3
1623,Lamar Elite - 9U - Red,1,1,0,18,20,0.5,4
1623,Katy Bombers 9U,1,1,0,20,16,0.5,5
1623,Houston Bandits 9u,1,1,0,21,21,0.5,6
1623,Marucci Elite Texas - Holden,1,1,0,22,20,0.5,7
1623,Texas Elite Lobos - Gold,0,2,0,24,16,0.0,8
1623,Texans,0,2,0,24,14,0.0,9
1624,SOUTH COAST CREAM X.,2,0,0,12,24,1.0,1
1624,Marucci Elite Texas - Holden,2,0,0,15,20,1.0,2
1624,Banditos 9U Texas,2,0,0,15,20,1.0,3
1624,Texans,1,1,0,18,23,0.5,4
1624,Houston Bandits 9u,1,1,0,18,15,0.5,5
1624,Katy Bombers 9U,1,1,0,20,16,0.5,6
1624,Lamar Elite - 9U - Red,0,2,0,17,15,0.0,7
1624,LC Legends,0,2,0,20,10,0.0,8
1624,Texas Elite Lobos - Gold,0,2,0,24,16,0.0,9
1625,SOUTH COAST CREAM X.,2,0,0,12,24,1.0,1
1625,Marucci Elite Texas - Holden,2,0,0,17,25,1.0,2
1625,Banditos 9U Texas,1,1,0,11,14,0.5,3
1625,LC Legends,1,1,0,16,15,0.5,4
1625,Texans,1,1,0,17,15,0.5,5
1625,Houston Bandits 9u,1,1,0,19,23,0.5,6
1625,Katy Bombers 9U,1,1,0,20,16,0.5,7
1625,Texas Elite Lobos - Gold,0,2,0,24,16,0.0,8
1625,Lamar Elite - 9U - Red,0,2,0,29,17,0.0,9
1626,SOUTH COAST CREAM X.,2,0,0,12,24,1.0,1
1626,Banditos 9U Texas,1,1,0,15,14,0.5,2
1626,Houston Bandits 9u,1,1,0,16,30,0.5,3
1626,Texans,1,1,0,18,21,0.5,4
1626,LC Legends,1,1,0,18,16,0.5,5
1626,Katy Bombers 9U,1,1,0,20,16,0.5,6
1626,Marucci Elite Texas - Holden,1,1,0,23,17,0.5,7
1626,Lamar Elite - 9U - Red,1,1,0,24,16,0.5,8
1626,Texas Elite Lobos - Gold,0,2,0,24,16,0.0,9
1627,SOUTH COAST CREAM X.,2,0,0,12,24,1.0,1
1627,Houston Bandits 9u,2,0,0,12,16,1.0,2
1627,Marucci Elite Texas - Holden,1,1,0,15,15,0.5,3
1627,LC Legends,1,1,0,16,22,0.5,4
1627,Banditos 9U Texas,1,1,0,17,18,0.5,5
1627,Katy Bombers 9U,1,1,0,20,16,0.5,6
1627,Texans,1,1,0,28,21,0.5,7
1627,Lamar Elite - 9U - Red,0,2,0,19,15,0.0,8
1627,Texas Elite Lobos - Gold,0,2,0,24,16,0.0,9
1628,Marucci Elite Texas - Holden,2,0,0,11,28,1.0,1
1628,SOUTH COAST CREAM X.,2,0,0,12,24,1.0,2
1628,Texans,2,0,0,16,33,1.0,3
1628,Katy Bombers 9U,1,1,0,20,16,0.5,4
1628,Banditos 9U Texas,1,1,0,25,16,0.5,5
1628,Lamar Elite - 9U - Red,1,1,0,30,21,0.5,6
1628,LC Legends,0,2,0,20,12,0.0,7
1628,Texas Elite Lobos - Gold,0,2,0,24,16,0.0,8
1628,Houston Bandits 9u,0,2,0,25,17,0.0,9
1629,SOUTH COAST CREAM X.,2,0,0,12,24,1.0,1
1629,Banditos 9U Texas,2,0,0,13,19,1.0,2
1629,Houston Bandits 9u,1,0,1,17,20,0.75,3
1629,Marucci Elite Texas - Holden,1,0,1,25,26,0.75,4
1629,LC Legends,1,1,0,14,21,0.5,5
1629,Katy Bombers 9U,1,1,0,20,16,0.5,6
1629,Lamar Elite - 9U - Red,0,2,0,24,20,0.0,7
1629,Texas Elite Lobos - Gold,0,2,0,24,16,0.0,8
1629,Texans,0,2,0,28,15,0.0,9
1630,SOUTH COAST CREAM X.,2,0,0,12,24,1.0,1
1630,Houston Bandits 9u,2,0,0,20,25,1.0,2
1630,Banditos 9U Texas,1,1,0,16,13,0.5,3
1630,Lamar Elite - 9U - Red,1,1,0,18,20,0.5,4
1630,LC Legends,1,1,0,18,19,0.5,5
1630,Texans,1,1,0,20,22,0.5,6
1630,Katy Bombers 9U,1,1,0,20,16,0.5,7
1630,Marucci Elite Texas - Holden,0,2,0,20,13,0.0,8
1630,Texas Elite Lobos - Gold,0,2,0,24,16,0.0,9
1631,SOUTH COAST CREAM X.,2,0,0,12,24,1.0,1
1631,Lamar Elite - 9U - Red,2,0,0,16,19,1.0,2
1631,Banditos 9U Texas,1,1,0,12,15,0.5,3
1631,LC Legends,1,1,0,13,12,0.5,4
1631,Texans,1,1,0,15,13,0.5,5
1631,Houston Bandits 9u,1,1,0,18,17,0.5,6
1631,Katy Bombers 9U,1,1,0,20,16,0.5,7
1631,Marucci Elite Texas - Holden,0,2,0,22,20,0.0,8
1631,Texas Elite Lobos - Gold,0,2,0,24,16,0.0,9
1632,SOUTH COAST CREAM X.,2,0,0,12,24,1.0,1
1632,Lamar Elite - 9U - Red,1,0,1,19,22,0.75,2
1632,Houston Bandits 9u,1,0,1,20,23,0.75,3
1632,Texans,1,1,0,12,15,0.5,4
1632,Banditos 9U Texas,1,1,0,12,11,0.5,5
1632,LC Legends,1,1,0,15,13,0.5,6
1632,Katy Bombers 9U,1,1,0,20,16,0.5,7
1632,Marucci Elite Texas - Holden,0,2,0,23,17,0.0,8
1632,Texas Elite Lobos - Gold,0,2,0,24,16,0.0,9
1633,Banditos 9U Texas,2,0,0,10,17,1.0,1
1633,SOUTH COAST CREAM X.,2,0,0,12,24,1.0,2
1633,Lamar Elite - 9U - Red,2,0,0,16,25,1.0,3
1633,Katy Bombers 9U,1,1,0,20,16,0.5,4
1633,Marucci Elite Texas - Holden,1,1,0,22,18,0.5,5
1633,Texans,1,1,0,23,21,0.5,6
1633,Houston Bandits 9u,0,2,0,22,17,0.0,7
1633,LC Legends,0,2,0,23,18,0.0,8
1633,Texas Elite Lobos - Gold,0,2,0,24,16,0.0,9
1634,SOUTH COAST CREAM X.,2,0,0,12,24,1.0,1
1634,Lamar Elite - 9U - Red,2,0,0,22,27,1.0,2
1634,Texans,1,0,1,18,19,0.75,3
1634,Banditos 9U Texas,1,1,0,15,18,0.5,4
1634,Marucci Elite Texas - Holden,1,1,0,20,22,0.5,5
1634,Katy Bombers 9U,1,1,0,20,16,0.5,6
1634,LC Legends,0,1,1,16,12,0.25,7
1634,Texas Elite Lobos - Gold,0,2,0,24,16,0.0,8
1634,Houston Bandits 9u,0,2,0,25,18,0.0,9
1635,SOUTH COAST CREAM X.,2,0,0,12,24,1.0,1
1635,Marucci Elite Texas - Holden,2,0,0,20,23,1.0,2
1635,Banditos 9U Texas,1,1,0,15,14,0.5,3
1635,LC Legends,1,1,0,18,17,0.5,4
1635,Texans,1,1,0,19,21,0.5,5
1635,Katy Bombers 9U,1,1,0,20,16,0.5,6
1635,Houston Bandits 9u,0,1,1,18,16,0.25,7
1635,Lamar Elite - 9U - Red,0,1,1,21,20,0.25,8
1635,Texas Elite Lobos - Gold,0,2,0,24,16,0.0,9
1636,SOUTH COAST CREAM X.,2,0,0,12,24,1.0,1
1636,Lamar Elite - 9U - Red,1,0,1,22,24,0.75,2
1636,LC Legends,1,1,0,17,16,0.5,3
1636,Banditos 9U Texas,1,1,0,19,17,0.5,4
1636,Marucci Elite Texas - Holden,1,1,0,20,20,0.5,5
1636,Katy Bombers 9U,1,1,0,20,16,0.5,6
1636,Texans,1,1,0,21,24,0.5,7
1636,Houston Bandits 9u,0,1,1,22,20,0.25,8
1636,Texas Elite Lobos - Gold,0,2,0,24,16,0.0,9
1637,SOUTH COAST CREAM X.,2,0,0,12,24,1.0,1
1637,Marucci Elite Texas - Holden,2,0,0,14,23,1.0,2
1637,Texans,1,0,1,24,31,0.75,3
1637,Houston Bandits 9u,1,1,0,15,18,0.5,4
1637,Banditos 9U Texas,1,1,0,20,17,0.5,5
1637,Katy Bombers 9U,1,1,0,20,16,0.5,6
1637,LC Legends,0,1,1,23,19,0.25,7
1637,Texas Elite Lobos - Gold,0,2,0,24,16,0.0,8
1637,Lamar Elite - 9U - Red,0,2,0,24,12,0.0,9
1638,SOUTH COAST CREAM X.,2,0,0,12,24,1.0,1
1638,Banditos 9U Texas,2,0,0,13,20,1.0,2
1638,Houston Bandits 9u,1,1,0,17,21,0.5,3
1638,Texans,1,1,0,19,20,0.5,4
1638,Katy Bombers 9U,1,1,0,20,16,0.5,5
1638,Lamar Elite - 9U - Red,1,1,0,23,25,0.5,6
1638,Marucci Elite Texas - Holden,1,1,0,23,17,0.5,7
1638,LC Legends,0,2,0,19,11,0.0,8
1638,Texas Elite Lobos - Gold,0,2,0,24,16,0.0,9
1639,SOUTH COAST CREAM X.,2,0,0,12,24,1.0,1
1639,Marucci Elite Texas - Holden,2,0,0,12,21,1.0,2
1639,Houston Bandits 9u,1,1,0,15,16,0.5,3
1639,LC Legends,1,1,0,15,15,0.5,4
1639,Banditos 9U Texas,1,1,0,17,18,0.5,5
1639,Katy Bombers 9U,1,1,0,20,16,0.5,6
1639,Texans,1,1,0,21,20,0.5,7
1639,Lamar Elite - 9U - Red,0,2,0,23,13,0.0,8
1639,Texas Elite Lobos - Gold,0,2,0,24,16,0.0,9
1640,SOUTH COAST CREAM X.,2,0,0,12,24,1.0,1
1640,Banditos 9U Texas,2,0,0,12,17,1.0,2
1640,LC Legends,1,1,0,17,17,0.5,3
1640,Marucci Elite Texas - Holden,1,1,0,18,20,0.5,4
1640,Houston Bandits 9u,1,1,0,19,22,0.5,5
1640,Katy Bombers 9U,1,1,0,20,16,0.5,6
1640,Lamar Elite - 9U - Red,1,1,0,20,15,0.5,7
1640,Texans,0,2,0,22,17,0.0,8
1640,Texas Elite Lobos - Gold,0,2,0,24,16,0.0,9
1641,SOUTH COAST CREAM X.,2,0,0,12,24,1.0,1
1641,Houston Bandits 9u,2,0,0,12,23,1.0,2
1641,LC Legends,1,1,0,12,20,0.5,3
1641,Banditos 9U Texas,1,1,0,15,14,0.5,4
1641,Lamar Elite - 9U - Red,1,1,0,19,15,0.5,5
1641,Katy Bombers 9U,1,1,0,20,16,0.5,6
1641,Texans,1,1,0,22,15,0.5,7
1641,Marucci Elite Texas - Holden,0,2,0,20,13,0.0,8
1641,Texas Elite Lobos - Gold,0,2,0,24,16,0.0,9
1642,Houston Bandits 9u,2,0,0,11,15,1.0,1
1642,SOUTH COAST CREAM X.,2,0,0,12,24,1.0,2
1642,Banditos 9U Texas,1,1,0,15,14,0.5,3
1642,Marucci Elite Texas - Holden,1,1,0,16,14,0.5,4
1642,LC Legends,1,1,0,17,20,0.5,5
1642,Katy Bombers 9U,1,1,0,20,16,0.5,6
1642,Texans,1,1,0,22,20,0.5,7
1642,Lamar Elite - 9U - Red,0,2,0,16,14,0.0,8
1642,Texas Elite Lobos - Gold,0,2,0,24,16,0.0,9
1643,SOUTH COAST CREAM X.,2,0,0,12,24,1.0,1
1643,Texans,2,0,0,15,23,1.0,2
1643,Marucci Elite Texas - Holden,1,1,0,13,13,0.5,3
1643,Banditos 9U Texas,1,1,0,15,12,0.5,4
1643,Lamar Elite - 9U - Red,1,1,0,18,21,0.5,5
1643,Katy Bombers 9U,1,1,0,20,16,0.5,6
1643,Houston Bandits 9u,1,1,0,21,18,0.5,7
1643,LC Legends,0,2,0,20,15,0.0,8
1643,Texas Elite Lobos - Gold,0,2,0,24,16,0.0,9
1644,Banditos 9U Texas,2,0,0,9,16,1.0,1
1644,SOUTH COAST CREAM X.,2,0,0,12,24,1.0,2
1644,LC Legends,1,1,0,15,14,0.5,3
1644,Lamar Elite - 9U - Red,1,1,0,20,19,0.5,4
1644,Katy Bombers 9U,1,1,0,20,16,0.5,5
1644,Marucci Elite Texas - Holden,1,1,0,21,24,0.5,6
1644,Houston Bandits 9u,1,1,0,24,22,0.5,7
1644,Texans,0,2,0,18,12,0.0,8
1644,Texas Elite Lobos - Gold,0,2,0,24,16,0.0,9
1645,SOUTH COAST CREAM X.,2,0,0,12,24,1.0,1
1645,Houston Bandits 9u,2,0,0,17,25,1.0,2
1645,Texans,1,1,0,14,25,0.5,3
1645,LC Legends,1,1,0,17,14,0.5,4
1645,Katy Bombers 9U,1,1,0,20,16,0.5,5
1645,Banditos 9U Texas,1,1,0,20,12,0.5,6
1645,Marucci Elite Texas - Holden,1,1,0,22,22,0.5,7
1645,Texas Elite Lobos - Gold,0,2,0,24,16,0.0,8
1645,Lamar Elite - 9U - Red,0,2,0,26,18,0.0,9
1646,SOUTH COAST CREAM X.,2,0,0,12,24,1.0,1
1646,Marucci Elite Texas - Holden,2,0,0,17,24,1.0,2
1646,Banditos 9U Texas,1,0,1,9,13,0.75,3
1646,LC Legends,1,1,0,15,13,0.5,4
1646,Lamar Elite - 9U - Red,1,1,0,18,18,0.5,5
1646,Katy Bombers 9U,1,1,0,20,16,0.5,6
1646,Texans,0,1,1,14,12,0.25,7
1646,Houston Bandits 9u,0,2,0,24,17,0.0,8
1646,Texas Elite Lobos - Gold,0,2,0,24,16,0.0,9
1647,SOUTH COAST CREAM X.,2,0,0,12,24,1.0,1
1647,Banditos 9U Texas,2,0,0,12,20,1.0,2
1647,Lamar Elite - 9U - Red,1,0,1,15,23,0.75,3
1647,LC Legends,1,1,0,16,15,0.5,4
1647,Katy Bombers 9U,1,1,0,20,16,0.5,5
1647,Houston Bandits 9u,1,1,0,23,16,0.5,6
1647,Marucci Elite Texas - Holden,0,1,1,17,16,0.25,7
1647,Texans,0,2,0,23,16,0.0,8
1647,Texas Elite Lobos - Gold,0,2,0,24,16,0.0,9
1648,SOUTH COAST CREAM X.,2,0,0,12,24,1.0,1
1648,Houston Bandits 9u,2,0,0,12,18,1.0,2
1648,Banditos 9U Texas,1,0,1,15,19,0.75,3
1648,LC Legends,1,1,0,16,14,0.5,4
1648,Marucci Elite Texas - Holden,1,1,0,18,16,0.5,5
1648,Katy Bombers 9U,1,1,0,20,16,0.5,6
1648,Texans,0,1,1,21,19,0.25,7
1648,Lamar Elite - 9U - Red,0,2,0,20,16,0.0,8
1648,Texas Elite Lobos - Gold,0,2,0,24,16,0.0,9
1649,Banditos 9U Texas,2,0,0,11,17,1.0,1
1649,SOUTH COAST CREAM X.,2,0,0,12,24,1.0,2
1649,Lamar Elite - 9U - Red,2,0,0,13,24,1.0,3
1649,LC Legends,1,1,0,18,17,0.5,4
1649,Katy Bombers 9U,1,1,0,20,16,0.5,5
1649,Marucci Elite Texas - Holden,1,1,0,21,17,0.5,6
1649,Texans,0,2,0,22,17,0.0,7
1649,Houston Bandits 9u,0,2,0,22,15,0.0,8
1649,Texas Elite Lobos - Gold,0,2,0,24,16,0.0,9
1650,SOUTH COAST CREAM X.,2,0,0,12,24,1.0,1
1650,Marucci Elite Texas - Holden,2,0,0,19,26,1.0,2
1650,Texans,2,0,0,20,23,1.0,3
1650,Banditos 9U Texas,1,1,0,13,16,0.5,4
1650,Houston Bandits 9u,1,1,0,20,20,0.5,5
1650,Katy Bombers 9U,1,1,0,20,16,0.5,6
1650,LC Legends,0,2,0,22,16,0.0,7
1650,Lamar Elite - 9U - Red,0,2,0,24,17,0.0,8
1650,Texas Elite Lobos - Gold,0,2,0,24,16,0.0,9
1651,SOUTH COAST CREAM X.,2,0,0,12,24,1.0,1
1651,Banditos 9U Texas,2,0,0,15,22,1.0,2
1651,Lamar Elite - 9U - Red,1,1,0,19,21,0.5,3
1651,Houston Bandits 9u,1,1,0,20,24,0.5,4
1651,Katy Bombers 9U,1,1,0,20,16,0.5,5
1651,Marucci Elite Texas - Holden,1,1,0,22,16,0.5,6
1651,Texans,1,1,0,23,21,0.5,7
1651,LC Legends,0,2,0,18,13,0.0,8
1651,Texas Elite Lobos - Gold,0,2,0,24,16,0.0,9
1652,SOUTH COAST CREAM X.,2,0,0,12,24,1.0,1
1652,Banditos 9U Texas,2,0,0,17,22,1.0,2
1652,Lamar Elite - 9U - Red,1,0,1,15,16,0.75,3
1652,LC Legends,1,1,0,15,17,0.5,4
1652,Houston Bandits 9u,0,0,2,17,17,0.5,5
1652,Katy Bombers 9U,1,1,0,20,16,0.5,6
1652,Marucci Elite Texas - Holden,0,1,1,17,16,0.25,7
1652,Texas Elite Lobos - Gold,0,2,0,24,16,0.0,8
1652,Texans,0,2,0,27,20,0.0,9
1653,Banditos 9U Texas,2,0,0,7,16,1.0,1
1653,SOUTH COAST CREAM X.,2,0,0,12,24,1.0,2
1653,Marucci Elite Texas - Holden,1,0,1,15,22,0.75,3
1653,LC Legends,1,1,0,20,18,0.5,4
1653,Katy Bombers 9U,1,1,0,20,16,0.5,5
1653,Houston Bandits 9u,1,1,0,26,22,0.5,6
1653,Lamar Elite - 9U - Red,0,1,1,23,20,0.25,7
1653,Texans,0,2,0,22,15,0.0,8
1653,Texas Elite Lobos - Gold,0,2,0,24,16,0.0,9
1654,SOUTH COAST CREAM X.,2,0,0,12,24,1.0,1
1654,Marucci Elite Texas - Holden,2,0,0,14,19,1.0,2
1654,Texans,2,0,0,21,26,1.0,3
1654,Houston Bandits 9u,1,1,0,13,15,0.5,4
1654,Banditos 9U Texas,1,1,0,16,17,0.5,5
1654,Katy Bombers 9U,1,1,0,20,16,0.5,6
1654,Lamar Elite - 9U - Red,0,2,0,19,12,0.0,7
1654,LC Legends,0,2,0,22,16,0.0,8
1654,Texas Elite Lobos - Gold,0,2,0,24,16,0.0,9
1655,SOUTH COAST CREAM X.,2,0,0,12,24,1.0,1
1655,Lamar Elite - 9U - Red,2,0,0,16,22,1.0,2
1655,LC Legends,1,1,0,12,20,0.5,3
1655,Banditos 9U Texas,1,1,0,16,18,0.5,4
1655,Marucci Elite Texas - Holden,1,1,0,17,18,0.5,5
1655,Katy Bombers 9U,1,1,0,20,16,0.5,6
1655,Texans,1,1,0,26,16,0.5,7
1655,Houston Bandits 9u,0,2,0,21,14,0.0,8
1655,Texas Elite Lobos - Gold,0,2,0,24,16,0.0,9
1656,Banditos 9U Texas,2,0,0,10,16,1.0,1
1656,SOUTH COAST CREAM X.,2,0,0,12,24,1.0,2
1656,Lamar Elite - 9U - Red,2,0,0,18,23,1.0,3
1656,Texans,1,1,0,14,19,0.5,4
1656,Katy Bombers 9U,1,1,0,20,16,0.5,5
1656,Marucci Elite Texas - Holden,1,1,0,24,21,0.5,6
1656,Houston Bandits 9u,0,2,0,18,16,0.0,7
1656,LC Legends,0,2,0,21,10,0.0,8
1656,Texas Elite Lobos - Gold,0,2,0,24,16,0.0,9
1657,SOUTH COAST CREAM X.,2,0,0,12,24,1.0,1
1657,Lamar Elite - 9U - Red,1,0,1,19,23,0.75,2
1657,Banditos 9U Texas,1,1,0,14,15,0.5,3
1657,LC Legends,1,1,0,15,14,0.5,4
1657,Texans,1,1,0,17,17,0.5,5
1657,Marucci Elite Texas - Holden,1,1,0,20,18,0.5,6
1657,Katy Bombers 9U,1,1,0,20,16,0.5,7
1657,Houston Bandits 9u,0,1,1,21,19,0.25,8
1657,Texas Elite Lobos - Gold,0,2,0,24,16,0.0,9
1658,SOUTH COAST CREAM X.,2,0,0,12,24,1.0,1
1658,Texans,2,0,0,13,27,1.0,2
1658,Houston Bandits 9u,2,0,0,14,19,1.0,3
1658,Katy Bombers 9U,1,1,0,20,16,0.5,4
1658,Banditos 9U Texas,1,1,0,20,15,0.5,5
1658,Marucci Elite Texas - Holden,1,1,0,21,20,0.5,6
1658,Lamar Elite - 9U - Red,0,2,0,19,15,0.0,7
1658,LC Legends,0,2,0,19,10,0.0,8
1658,Texas Elite Lobos - Gold,0,2,0,24,16,0.0,9
1659,SOUTH COAST CREAM X.,2,0,0,12,24,1.0,1
1659,Banditos 9U Texas,1,1,0,15,16,0.5,2
1659,LC Legends,1,1,0,18,17,0.5,3
1659,Lamar Elite - 9U - Red,1,1,0,19,16,0.5,4
1659,Marucci Elite Texas - Holden,1,1,0,20,23,0.5,5
1659,Katy Bombers 9U,1,1,0,20,16,0.5,6
1659,Houston Bandits 9u,1,1,0,21,21,0.5,7
1659,Texans,1,1,0,21,21,0.5,8
1659,Texas Elite Lobos - Gold,0,2,0,24,16,0.0,9
1660,SOUTH COAST CREAM X.,2,0,0,12,24,1.0,1
1660,Banditos 9U Texas,2,0,0,16,22,1.0,2
1660,Marucci Elite Texas - Holden,2,0,0,17,24,1.0,3
1660,LC Legends,1,1,0,13,10,0.5,4
1660,Katy Bombers 9U,1,1,0,20,16,0.5,5
1660,Houston Bandits 9u,1,1,0,22,18,0.5,6
1660,Lamar Elite - 9U - Red,0,2,0,18,15,0.0,7
1660,Texans,0,2,0,20,17,0.0,8
1660,Texas Elite Lobos - Gold,0,2,0,24,16,0.0,9
1661,SOUTH COAST CREAM X.,2,0,0,12,24,1.0,1
1661,Texans,2,0,0,18,30,1.0,2
1661,Houston Bandits 9u,1,0,1,17,19,0.75,3
1661,Banditos 9U Texas,1,1,0,18,17,0.5,4
1661,Katy Bombers 9U,1,1,0,20,16,0.5,5
1661,Marucci Elite Texas - Holden,0,0,2,22,22,0.5,6
1661,Lamar Elite - 9U - Red,0,1,1,25,23,0.25,7
1661,Texas Elite Lobos - Gold,0,2,0,24,16,0.0,8
1661,LC Legends,0,2,0,24,13,0.0,9
1662,SOUTH COAST CREAM X.,2,0,0,12,24,1.0,1
1662,Marucci Elite Texas - Holden,2,0,0,13,23,1.0,2
1662,Banditos 9U Texas,2,0,0,13,19,1.0,3
1662,Lamar Elite - 9U - Red,1,1,0,16,18,0.5,4
1662,Katy Bombers 9U,1,1,0,20,16,0.5,5
1662,LC Legends,1,1,0,21,18,0.5,6
1662,Texas Elite Lobos - Gold,0,2,0,24,16,0.0,7
1662,Houston Bandits 9u,0,2,0,24,12,0.0,8
1662,Texans,0,2,0,25,22,0.0,9
1663,Banditos 9U Texas,2,0,0,10,21,1.0,1
1663,SOUTH COAST CREAM X.,2,0,0,12,24,1.0,2
1663,Marucci Elite Texas - Holden,2,0,0,15,23,1.0,3
1663,LC Legends,1,1,0,15,12,0.5,4
1663,Lamar Elite - 9U - Red,1,1,0,20,19,0.5,5
1663,Katy Bombers 9U,1,1,0,20,16,0.5,6
1663,Houston Bandits 9u,0,2,0,20,13,0.0,7
1663,Texans,0,2,0,21,13,0.0,8
1663,Texas Elite Lobos - Gold,0,2,0,24,16,0.0,9
1664,SOUTH COAST CREAM X.,2,0,0,12,24,1.0,1
1664,Marucci Elite Texas - Holden,1,0,1,16,21,0.75,2
1664,LC Legends,1,1,0,14,17,0.5,3
1664,Banditos 9U Texas,1,1,0,16,19,0.5,4
1664,Houston Bandits 9u,1,1,0,19,22,0.5,5
1664,Katy Bombers 9U,1,1,0,20,16,0.5,6
1664,Texans,1,1,0,24,18,0.5,7
1664,Lamar Elite - 9U - Red,0,1,1,26,18,0.25,8
1664,Texas Elite Lobos - Gold,0,2,0,24,16,0.0,9
1665,SOUTH COAST CREAM X.,2,0,0,12,24,1.0,1
1665,LC Legends,1,1,0,14,21,0.5,2
1665,Banditos 9U Texas,1,1,0,16,16,0.5,3
1665,Marucci Elite Texas - Holden,1,1,0,17,20,0.5,4
1665,Katy Bombers 9U,1,1,0,20,16,0.5,5
1665,Houston Bandits 9u,1,1,0,21,23,0.5,6
1665,Lamar Elite - 9U - Red,1,1,0,22,17,0.5,7
1665,Texans,1,1,0,25,18,0.5,8
1665,Texas Elite Lobos - Gold,0,2,0,24,16,0.0,9
1666,SOUTH COAST CREAM X.,2,0,0,12,24,1.0,1
1666,Texans,2,0,0,13,19,1.0,2
1666,Lamar Elite - 9U - Red,1,0,1,12,23,0.75,3
1666,Banditos 9U Texas,1,1,0,15,16,0.5,4
1666,Katy Bombers 9U,1,1,0,20,16,0.5,5
1666,Houston Bandits 9u,1,1,0,24,20,0.5,6
1666,Marucci Elite Texas - Holden,0,1,1,24,17,0.25,7
1666,LC Legends,0,2,0,16,9,0.0,8
1666,Texas Elite Lobos - Gold,0,2,0,24,16,0.0,9
1667,SOUTH COAST CREAM X.,2,0,0,12,24,1.0,1
1667,Texans,2,0,0,12,19,1.0,2
1667,Houston Bandits 9u,1,0,1,17,28,0.75,3
1667,Banditos 9U Texas,1,1,0,12,11,0.5,4
1667,Katy Bombers 9U,1,1,0,20,16,0.5,5
1667,Lamar Elite - 9U - Red,1,1,0,27,17,0.5,6
1667,Marucci Elite Texas - Holden,0,1,1,22,21,0.25,7
1667,LC Legends,0,2,0,19,13,0.0,8
1667,Texas Elite Lobos - Gold,0,2,0,24,16,0.0,9
1668,SOUTH COAST CREAM X.,2,0,0,12,24,1.0,1
1668,Lamar Elite - 9U - Red,2,0,0,14,22,1.0,2
1668,Banditos 9U Texas,1,1,0,15,16,0.5,3
1668,Houston Bandits 9u,1,1,0,17,18,0.5,4
1668,LC Legends,1,1,0,19,16,0.5,5
1668,Texans,1,1,0,20,22,0.5,6
1668,Katy Bombers 9U,1,1,0,20,16,0.5,7
1668,Marucci Elite Texas - Holden,0,2,0,22,13,0.0,8
1668,Texas Elite Lobos - Gold,0,2,0,24,16,0.0,9
1669,SOUTH COAST CREAM X.,2,0,0,12,24,1.0,1
1669,Houston Bandits 9u,2,0,0,15,30,1.0,2
1669,Banditos 9U Texas,2,0,0,15,23,1.0,3
1669,Katy Bombers 9U,1,1,0,20,16,0.5,4
1669,Texans,1,1,0,24,29,0.5,5
1669,Marucci Elite Texas - Holden,1,1,0,24,16,0.5,6
1669,Texas Elite Lobos - Gold,0,2,0,24,16,0.0,7
1669,LC Legends,0,2,0,26,13,0.0,8
1669,Lamar Elite - 9U - Red,0,2,0,27,20,0.0,9
1670,SOUTH COAST CREAM X.,2,0,0,12,24,1.0,1
1670,Marucci Elite Texas - Holden,2,0,0,16,23,1.0,2
1670,LC Legends,1,1,0,11,15,0.5,3
1670,Banditos 9U Texas,1,1,0,11,12,0.5,4
1670,Lamar Elite - 9U - Red,1,1,0,15,16,0.5,5
1670,Texans,1,1,0,15,10,0.5,6
1670,Katy Bombers 9U,1,1,0,20,16,0.5,7
1670,Houston Bandits 9u,0,2,0,20,12,0.0,8
1670,Texas Elite Lobos - Gold,0,2,0,24,16,0.0,9
1671,SOUTH COAST CREAM X.,2,0,0,12,24,1.0,1
1671,Banditos 9U Texas,2,0,0,13,20,1.0,2
1671,Lamar Elite - 9U - Red,1,0,1,19,20,0.75,3
1671,LC Legends,1,1,0,12,12,0.5,4
1671,Houston Bandits 9u,0,0,2,18,18,0.5,5
1671,Katy Bombers 9U,1,1,0,20,16,0.5,6
1671,Marucci Elite Texas - Holden,0,1,1,16,15,0.25,7
1671,Texans,0,2,0,20,13,0.0,8
1671,Texas Elite Lobos - Gold,0,2,0,24,16,0.0,9
1672,SOUTH COAST CREAM X.,2,0,0,12,24,1.0,1
1672,Banditos 9U Texas,2,0,0,12,20,1.0,2
1672,Houston Bandits 9u,1,0,1,15,21,0.75,3
1672,Lamar Elite - 9U - Red,0,0,2,16,16,0.5,4
1672,LC Legends,1,1,0,20,19,0.5,5
1672,Katy Bombers 9U,1,1,0,20,16,0.5,6
1672,Marucci Elite Texas - Holden,0,1,1,23,17,0.25,7
1672,Texas Elite Lobos - Gold,0,2,0,24,16,0.0,8
1672,Texans,0,2,0,27,20,0.0,9
1673,Houston Bandits 9u,2,0,0,11,19,1.0,1
1673,SOUTH COAST CREAM X.,2,0,0,12,24,1.0,2
1673,LC Legends,1,1,0,13,16,0.5,3
1673,Banditos 9U Texas,1,1,0,15,16,0.5,4
1673,Lamar Elite - 9U - Red,1,1,0,19,17,0.5,5
1673,Katy Bombers 9U,1,1,0,20,16,0.5,6
1673,Texans,1,1,0,20,16,0.5,7
1673,Marucci Elite Texas - Holden,0,2,0,19,13,0.0,8
1673,Texas Elite Lobos - Gold,0,2,0,24,16,0.0,9
1674,SOUTH COAST CREAM X.,2,0,0,12,24,1.0,1
1674,Banditos 9U Texas,2,0,0,12,19,1.0,2
1674,Lamar Elite - 9U - Red,1,0,1,14,23,0.75,3
1674,LC Legends,1,1,0,13,14,0.5,4
1674,Katy Bombers 9U,1,1,0,20,16,0.5,5
1674,Houston Bandits 9u,1,1,0,25,19,0.5,6
1674,Marucci Elite Texas - Holden,0,1,1,25,22,0.25,7
1674,Texans,0,2,0,21,13,0.0,8
1674,Texas Elite Lobos - Gold,0,2,0,24,16,0.0,9
1675,SOUTH COAST CREAM X.,2,0,0,12,24,1.0,1
1675,Banditos 9U Texas,1,1,0,15,18,0.5,2
1675,Lamar Elite - 9U - Red,1,1,0,16,20,0.5,3
1675,LC Legends,1,1,0,16,14,0.5,4
1675,Texans,1,1,0,20,19,0.5,5
1675,Katy Bombers 9U,1,1,0,20,16,0.5,6
1675,Marucci Elite Texas - Holden,1,1,0,21,20,0.5,7
1675,Houston Bandits 9u,1,1,0,23,20,0.5,8
1675,Texas Elite Lobos - Gold,0,2,0,24,16,0.0,9
1676,SOUTH COAST CREAM X.,2,0,0,12,24,1.0,1
1676,Houston Bandits 9u,2,0,0,16,23,1.0,2
1676,Banditos 9U Texas,1,1,0,15,13,0.5,3
1676,Marucci Elite Texas - Holden,1,1,0,17,18,0.5,4
1676,Texans,1,1,0,18,22,0.5,5
1676,LC Legends,1,1,0,19,17,0.5,6
1676,Katy Bombers 9U,1,1,0,20,16,0.5,7
1676,Lamar Elite - 9U - Red,0,2,0,22,14,0.0,8
1676,Texas Elite Lobos - Gold,0,2,0,24,16,0.0,9
1677,SOUTH COAST CREAM X.,2,0,0,12,24,1.0,1
1677,Marucci Elite Texas - Holden,2,0,0,23,27,1.0,2
1677,Banditos 9U Texas,1,0,1,13,17,0.75,3
1677,LC Legends,1,1,0,14,12,0.5,4
1677,Katy Bombers 9U,1,1,0,20,16,0.5,5
1677,Lamar Elite - 9U - Red,1,1,0,22,24,0.5,6
1677,Texans,0,1,1,17,15,0.25,7
1677,Houston Bandits 9u,0,2,0,24,18,0.0,8
1677,Texas Elite Lobos - Gold,0,2,0,24,16,0.0,9
1678,SOUTH COAST CREAM X.,2,0,0,12,24,1.0,1
1678,Marucci Elite Texas - Holden,2,0,0,16,26,1.0,2
1678,LC Legends,1,1,0,14,15,0.5,3
1678,Banditos 9U Texas,1,1,0,16,17,0.5,4
1678,Houston Bandits 9u,1,1,0,17,16,0.5,5
1678,Texans,1,1,0,20,18,0.5,6
1678,Katy Bombers 9U,1,1,0,20,16,0.5,7
1678,Texas Elite Lobos - Gold,0,2,0,24,16,0.0,8
1678,Lamar Elite - 9U - Red,0,2,0,25,16,0.0,9
1679,SOUTH COAST CREAM X.,2,0,0,12,24,1.0,1
1679,Banditos 9U Texas,1,1,0,12,13,0.5,2
1679,Texans,1,1,0,16,17,0.5,3
1679,LC Legends,1,1,0,17,15,0.5,4
1679,Marucci Elite Texas - Holden,1,1,0,18,19,0.5,5
1679,Houston Bandits 9u,1,1,0,19,18,0.5,6
1679,Lamar Elite - 9U - Red,1,1,0,20,20,0.5,7
1679,Katy Bombers 9U,1,1,0,20,16,0.5,8
1679,Texas Elite Lobos - Gold,0,2,0,24,16,0.0,9
1680,SOUTH COAST CREAM X.,2,0,0,12,24,1.0,1
1680,Houston Bandits 9u,1,0,1,15,23,0.75,2
1680,LC Legends,1,1,0,14,23,0.5,3
1680,Banditos 9U Texas,1,1,0,15,16,0.5,4
1680,Lamar Elite - 9U - Red,1,1,0,19,14,0.5,5
1680,Katy Bombers 9U,1,1,0,20,16,0.5,6
1680,Texans,1,1,0,27,17,0.5,7
1680,Marucci Elite Texas - Holden,0,1,1,17,14,0.25,8
1680,Texas Elite Lobos - Gold,0,2,0,24,16,0.0,9
1681,SOUTH COAST CREAM X.,2,0,0,12,24,1.0,1
1681,Houston Bandits 9u,2,0,0,17,20,1.0,2
1681,Texans,1,0,1,23,25,0.75,3
1681,Banditos 9U Texas,1,1,0,17,19,0.5,4
1681,Katy Bombers 9U,1,1,0,20,16,0.5,5
1681,Lamar Elite - 9U - Red,0,1,1,18,17,0.25,6
1681,Marucci Elite Texas - Holden,0,1,1,20,18,0.25,7
1681,LC Legends,0,1,1,20,16,0.25,8
1681,Texas Elite Lobos - Gold,0,2,0,24,16,0.0,9
1682,SOUTH COAST CREAM X.,2,0,0,12,24,1.0,1
1682,Marucci Elite Texas - Holden,2,0,0,15,25,1.0,2
1682,Texans,2,0,0,15,23,1.0,3
1682,Banditos 9U Texas,1,1,0,18,15,0.5,4
1682,Katy Bombers 9U,1,1,0,20,16,0.5,5
1682,Lamar Elite - 9U - Red,0,1,1,17,15,0.25,6
1682,Houston Bandits 9u,0,1,1,28,20,0.25,7
1682,LC Legends,0,2,0,17,12,0.0,8
1682,Texas Elite Lobos - Gold,0,2,0,24,16,0.0,9
1683,Houston Bandits 9u,2,0,0,11,19,1.0,1
1683,SOUTH COAST CREAM X.,2,0,0,12,24,1.0,2
1683,Lamar Elite - 9U - Red,1,1,0,13,17,0.5,3
1683,Texans,1,1,0,14,22,0.5,4
1683,LC Legends,1,1,0,15,13,0.5,5
1683,Banditos 9U Texas,1,1,0,19,13,0.5,6
1683,Katy Bombers 9U,1,1,0,20,16,0.5,7
1683,Texas Elite Lobos - Gold,0,2,0,24,16,0.0,8
1683,Marucci Elite Texas - Holden,0,2,0,26,14,0.0,9
1684,Banditos 9U Texas,2,0,0,9,23,1.0,1
1684,SOUTH COAST CREAM X.,2,0,0,12,24,1.0,2
1684,Houston Bandits 9u,2,0,0,17,21,1.0,3
1684,Lamar Elite - 9U - Red,1,1,0,19,23,0.5,4
1684,Katy Bombers 9U,1,1,0,20,16,0.5,5
1684,Texans,1,1,0,22,14,0.5,6
1684,LC Legends,0,2,0,17,11,0.0,7
1684,Texas Elite Lobos - Gold,0,2,0,24,16,0.0,8
1684,Marucci Elite Texas - Holden,0,2,0,27,19,0.0,9
1685,SOUTH COAST CREAM X.,2,0,0,12,24,1.0,1
1685,LC Legends,1,1,0,13,10,0.5,2
1685,Banditos 9U Texas,1,1,0,15,18,0.5,3
1685,Texans,1,1,0,16,16,0.5,4
1685,Houston Bandits 9u,1,1,0,17,18,0.5,5
1685,Lamar Elite - 9U - Red,1,1,0,18,18,0.5,6
1685,Marucci Elite Texas - Holden,1,1,0,18,17,0.5,7
1685,Katy Bombers 9U,1,1,0,20,16,0.5,8
1685,Texas Elite Lobos - Gold,0,2,0,24,16,0.0,9
1686,SOUTH COAST CREAM X.,2,0,0,12,24,1.0,1
1686,Banditos 9U Texas,2,0,0,12,18,1.0,2
1686,Houston Bandits 9u,2,0,0,19,27,1.0,3
1686,Lamar Elite - 9U - Red,1,1,0,17,22,0.5,4
1686,LC Legends,1,1,0,17,17,0.5,5
1686,Katy Bombers 9U,1,1,0,20,16,0.5,6
1686,Texans,0,2,0,23,17,0.0,7
1686,Texas Elite Lobos - Gold,0,2,0,24,16,0.0,8
1686,Marucci Elite Texas - Holden,0,2,0,28,15,0.0,9
1687,SOUTH COAST CREAM X.,2,0,0,12,24,1.0,1
1687,Texans,2,0,0,16,22,1.0,2
1687,Banditos 9U Texas,1,1,0,14,16,0.5,3
1687,Lamar Elite - 9U - Red,1,1,0,18,18,0.5,4
1687,Marucci Elite Texas - Holden,1,1,0,19,19,0.5,5
1687,Houston Bandits 9u,1,1,0,20,20,0.5,6
1687,Katy Bombers 9U,1,1,0,20,16,0.5,7
1687,LC Legends,0,2,0,20,12,0.0,8
1687,Texas Elite Lobos - Gold,0,2,0,24,16,0.0,9
1688,SOUTH COAST CREAM X.,2,0,0,12,24,1.0,1
1688,Banditos 9U Texas,2,0,0,12,21,1.0,2
1688,Marucci Elite Texas - Holden,1,0,1,15,23,0.75,3
1688,Lamar Elite - 9U - Red,1,0,1,18,23,0.75,4
1688,LC Legends,1,1,0,14,16,0.5,5
1688,Katy Bombers 9U,1,1,0,20,16,0.5,6
1688,Texas Elite Lobos - Gold,0,2,0,24,16,0.0,7
1688,Houston Bandits 9u,0,2,0,24,11,0.0,8
1688,Texans,0,2,0,25,14,0.0,9
1689,SOUTH COAST CREAM X.,2,0,0,12,24,1.0,1
1689,Banditos 9U Texas,1,0,1,11,15,0.75,2
1689,Lamar Elite - 9U - Red,1,0,1,16,20,0.75,3
1689,LC Legends,1,1,0,17,16,0.5,4
1689,Houston Bandits 9u,0,0,2,20,20,0.5,5
1689,Katy Bombers 9U,1,1,0,20,16,0.5,6
1689,Marucci Elite Texas - Holden,0,1,1,18,14,0.25,7
1689,Texans,0,1,1,19,16,0.25,8
1689,Texas Elite Lobos - Gold,0,2,0,24,16,0.0,9
1690,SOUTH COAST CREAM X.,2,0,0,12,24,1.0,1
1690,Lamar Elite - 9U - Red,1,0,1,24,28,0.75,2
1690,LC Legends,1,1,0,15,16,0.5,3
1690,Banditos 9U Texas,1,1,0,15,12,0.5,4
1690,Texans,1,1,0,16,18,0.5,5
1690,Katy Bombers 9U,1,1,0,20,16,0.5,6
1690,Marucci Elite Texas - Holden,1,1,0,25,24,0.5,7
1690,Houston Bandits 9u,0,1,1,20,17,0.25,8
1690,Texas Elite Lobos - Gold,0,2,0,24,16,0.0,9
1691,SOUTH COAST CREAM X.,2,0,0,12,24,1.0,1
1691,Texans,2,0,0,13,19,1.0,2
1691,Lamar Elite - 9U - Red,2,0,0,14,21,1.0,3
1691,Banditos 9U Texas,1,1,0,9,11,0.5,4
1691,Marucci Elite Texas - Holden,1,1,0,20,23,0.5,5
1691,Katy Bombers 9U,1,1,0,20,16,0.5,6
1691,LC Legends,0,2,0,22,14,0.0,7
1691,Texas Elite Lobos - Gold,0,2,0,24,16,0.0,8
1691,Houston Bandits 9u,0,2,0,28,18,0.0,9
1692,SOUTH COAST CREAM X.,2,0,0,12,24,1.0,1
1692,Houston Bandits 9u,2,0,0,15,21,1.0,2
1692,LC Legends,1,1,0,12,17,0.5,3
1692,Marucci Elite Texas - Holden,1,1,0,15,16,0.5,4
1692,Texans,1,1,0,18,18,0.5,5
1692,Banditos 9U Texas,1,1,0,18,13,0.5,6
1692,Katy Bombers 9U,1,1,0,20,16,0.5,7
1692,Lamar Elite - 9U - Red,0,2,0,18,11,0.0,8
1692,Texas Elite Lobos - Gold,0,2,0,24,16,0.0,9
1693,Banditos 9U Texas,2,0,0,7,18,1.0,1
1693,SOUTH COAST CREAM X.,2,0,0,12,24,1.0,2
1693,Marucci Elite Texas - Holden,2,0,0,12,22,1.0,3
1693,Texans,1,1,0,15,11,0.5,4
1693,Lamar Elite - 9U - Red,1,1,0,19,17,0.5,5
1693,Katy Bombers 9U,1,1,0,20,16,0.5,6
1693,LC Legends,0,2,0,16,9,0.0,7
1693,Houston Bandits 9u,0,2,0,20,12,0.0,8
1693,Texas Elite Lobos - Gold,0,2,0,24,16,0.0,9
1694,Texans,2,0,0,11,25,1.0,1
1694,SOUTH COAST CREAM X.,2,0,0,12,24,1.0,2
1694,Marucci Elite Texas - Holden,1,0,1,16,19,0.75,3
1694,Houston Bandits 9u,1,0,1,18,19,0.75,4
1694,Katy Bombers 9U,1,1,0,20,16,0.5,5
1694,Banditos 9U Texas,1,1,0,21,14,0.5,6
1694,Lamar Elite - 9U - Red,0,2,0,16,12,0.0,7
1694,LC Legends,0,2,0,16,9,0.0,8
1694,Texas Elite Lobos - Gold,0,2,0,24,16,0.0,9
1695,Houston Bandits 9u,2,0,0,12,26,1.0,1
1695,SOUTH COAST CREAM X.,2,0,0,12,24,1.0,2
1695,Banditos 9U Texas,2,0,0,14,21,1.0,3
1695,LC Legends,1,1,0,17,23,0.5,4
1695,Katy Bombers 9U,1,1,0,20,16,0.5,5
1695,Lamar Elite - 9U - Red,1,1,0,25,21,0.5,6
1695,Texas Elite Lobos - Gold,0,2,0,24,16,0.0,7
1695,Marucci Elite Texas - Holden,0,2,0,24,14,0.0,8
1695,Texans,0,2,0,32,19,0.0,9
1696,SOUTH COAST CREAM X.,2,0,0,12,24,1.0,1
1696,Banditos 9U Texas,1,1,0,15,16,0.5,2
1696,LC Legends,1,1,0,16,13,0.5,3
1696,Texans,1,1,0,17,19,0.5,4
1696,Marucci Elite Texas - Holden,1,1,0,20,28,0.5,5
1696,Katy Bombers 9U,1,1,0,20,16,0.5,6
1696,Lamar Elite - 9U - Red,1,1,0,23,24,0.5,7
1696,Houston Bandits 9u,1,1,0,30,21,0.5,8
1696,Texas Elite Lobos - Gold,0,2,0,24,16,0.0,9
1697,SOUTH COAST CREAM X.,2,0,0,12,24,1.0,1
1697,Houston Bandits 9u,1,0,1,16,18,0.75,2
1697,Lamar Elite - 9U - Red,1,0,1,17,20,0.75,3
1697,Texans,1,0,1,24,27,0.75,4
1697,Banditos 9U Texas,1,1,0,18,19,0.5,5
1697,Katy Bombers 9U,1,1,0,20,16,0.5,6
1697,LC Legends,0,1,1,21,17,0.25,7
1697,Marucci Elite Texas - Holden,0,2,0,20,15,0.0,8
1697,Texas Elite Lobos - Gold,0,2,0,24,16,0.0,9
1698,Marucci Elite Texas - Holden,2,0,0,10,18,1.0,1
1698,SOUTH COAST CREAM X.,2,0,0,12,24,1.0,2
1698,Banditos 9U Texas,1,0,1,12,16,0.75,3
1698,Houston Bandits 9u,1,1,0,11,18,0.5,4
1698,LC Legends,1,1,0,16,17,0.5,5
1698,Katy Bombers 9U,1,1,0,20,16,0.5,6
1698,Texans,0,1,1,21,16,0.25,7
1698,Lamar Elite - 9U - Red,0,2,0,22,7,0.0,8
1698,Texas Elite Lobos - Gold,0,2,0,24,16,0.0,9
1699,SOUTH COAST CREAM X.,2,0,0,12,24,1.0,1
1699,Texans,1,0,1,15,22,0.75,2
1699,Houston Bandits 9u,1,1,0,18,24,0.5,3
1699,Banditos 9U Texas,1,1,0,19,16,0.5,4
1699,Katy Bombers 9U,1,1,0,20,16,0.5,5
1699,Lamar Elite - 9U - Red,1,1,0,23,23,0.5,6
1699,Marucci Elite Texas - Holden,1,1,0,28,22,0.5,7
1699,LC Legends,0,1,1,15,11,0.25,8
1699,Texas Elite Lobos - Gold,0,2,0,24,16,0.0,9
1700,SOUTH COAST CREAM X.,2,0,0,12,24,1.0,1
1700,Banditos 9U Texas,2,0,0,16,21,1.0,2
1700,Marucci Elite Texas - Holden,1,0,1,16,22,0.75,3
1700,Houston Bandits 9u,1,0,1,17,23,0.75,4
1700,LC Legends,1,1,0,12,21,0.5,5
1700,Katy Bombers 9U,1,1,0,20,16,0.5,6
1700,Texas Elite Lobos - Gold,0,2,0,24,16,0.0,7
1700,Lamar Elite - 9U - Red,0,2,0,27,15,0.0,8
1700,Texans,0,2,0,30,16,0.0,9
1701,SOUTH COAST CREAM X.,2,0,0,12,24,1.0,1
1701,Houston Bandits 9u,1,1,0,16,19,0.5,2
1701,Banditos 9U Texas,1,1,0,16,17,0.5,3
1701,Marucci Elite Texas - Holden,1,1,0,16,17,0.5,4
1701,Lamar Elite - 9U - Red,1,1,0,18,14,0.5,5
1701,LC Legends,1,1,0,20,18,0.5,6
1701,Katy Bombers 9U,1,1,0,20,16,0.5,7
1701,Texans,1,1,0,23,24,0.5,8
1701,Texas Elite Lobos - Gold,0,2,0,24,16,0.0,9
1702,SOUTH COAST CREAM X.,2,0,0,12,24,1.0,1
1702,Banditos 9U Texas,2,0,0,13,24,1.0,2
1702,Lamar Elite - 9U - Red,2,0,0,23,25,1.0,3
1702,LC Legends,1,1,0,16,17,0.5,4
1702,Katy Bombers 9U,1,1,0,20,16,0.5,5
1702,Houston Bandits 9u,0,1,1,22,21,0.25,6
1702,Marucci Elite Texas - Holden,0,1,1,23,22,0.25,7
1702,Texas Elite Lobos - Gold,0,2,0,24,16,0.0,8
1702,Texans,0,2,0,29,17,0.0,9
1703,SOUTH COAST CREAM X.,2,0,0,12,24,1.0,1
1703,Texans,2,0,0,12,20,1.0,2
1703,Banditos 9U Texas,1,1,0,16,16,0.5,3
1703,Lamar Elite - 9U - Red,1,1,0,18,25,0.5,4
1703,Katy Bombers 9U,1,1,0,20,16,0.5,5
1703,Houston Bandits 9u,1,1,0,28,22,0.5,6
1703,Marucci Elite Texas - Holden,1,1,0,30,29,0.5,7
1703,LC Legends,0,2,0,16,8,0.0,8
1703,Texas Elite Lobos - Gold,0,2,0,24,16,0.0,9
1704,SOUTH COAST CREAM X.,2,0,0,12,24,1.0,1
1704,Marucci Elite Texas - Holden,2,0,0,18,21,1.0,2
1704,LC Legends,1,1,0,13,17,0.5,3
1704,Houston Bandits 9u,1,1,0,16,15,0.5,4
1704,Banditos 9U Texas,1,1,0,16,15,0.5,5
1704,Texans,1,1,0,20,17,0.5,6
1704,Katy Bombers 9U,1,1,0,20,16,0.5,7
1704,Lamar Elite - 9U - Red,0,2,0,24,22,0.0,8
1704,Texas Elite Lobos - Gold,0,2,0,24,16,0.0,9
1705,SOUTH COAST CREAM X.,2,0,0,12,24,1.0,1
1705,Texans,2,0,0,16,29,1.0,2
1705,Houston Bandits 9u,1,1,0,15,18,0.5,3
1705,Lamar Elite - 9U - Red,1,1,0,18,19,0.5,4
1705,Marucci Elite Texas - Holden,1,1,0,19,15,0.5,5
1705,Katy Bombers 9U,1,1,0,20,16,0.5,6
1705,Banditos 9U Texas,1,1,0,22,15,0.5,7
1705,LC Legends,0,2,0,19,13,0.0,8
1705,Texas Elite Lobos - Gold,0,2,0,24,16,0.0,9
1706,SOUTH COAST CREAM X.,2,0,0,12,24,1.0,1
1706,Houston Bandits 9u,1,0,1,15,20,0.75,2
1706,LC Legends,1,1,0,17,14,0.5,3
1706,Marucci Elite Texas - Holden,1,1,0,17,13,0.5,4
1706,Katy Bombers 9U,1,1,0,20,16,0.5,5
1706,Banditos 9U Texas,1,1,0,22,23,0.5,6
1706,Texans,1,1,0,25,27,0.5,7
1706,Lamar Elite - 9U - Red,0,1,1,14,13,0.25,8
1706,Texas Elite Lobos - Gold,0,2,0,24,16,0.0,9
1707,SOUTH COAST CREAM X.,2,0,0,12,24,1.0,1
1707,Texans,2,0,0,13,19,1.0,2
1707,Houston Bandits 9u,2,0,0,14,23,1.0,3
1707,Banditos 9U Texas,1,1,0,14,14,0.5,4
1707,Katy Bombers 9U,1,1,0,20,16,0.5,5
1707,Marucci Elite Texas - Holden,0,1,1,20,17,0.25,6
1707,Lamar Elite - 9U - Red,0,1,1,23,17,0.25,7
1707,LC Legends,0,2,0,17,11,0.0,8
1707,Texas Elite Lobos - Gold,0,2,0,24,16,0.0,9
1708,Lamar Elite - 9U - Red,2,0,0,7,23,1.0,1
1708,SOUTH COAST CREAM X.,2,0,0,12,24,1.0,2
1708,Banditos 9U Texas,1,1,0,15,18,0.5,3
1708,LC Legends,1,1,0,20,18,0.5,4
1708,Katy Bombers 9U,1,1,0,20,16,0.5,5
1708,Texans,1,1,0,24,23,0.5,6
1708,Marucci Elite Texas - Holden,1,1,0,24,23,0.5,7
1708,Texas Elite Lobos - Gold,0,2,0,24,16,0.0,8
1708,Houston Bandits 9u,0,2,0,30,15,0.0,9
1709,Banditos 9U Texas,2,0,0,10,18,1.0,1
1709,SOUTH COAST CREAM X.,2,0,0,12,24,1.0,2
1709,Lamar Elite - 9U - Red,1,0,1,21,22,0.75,3
1709,LC Legends,1,1,0,14,14,0.5,4
1709,Houston Bandits 9u,0,0,2,15,15,0.5,5
1709,Katy Bombers 9U,1,1,0,20,16,0.5,6
1709,Marucci Elite Texas - Holden,0,1,1,21,20,0.25,7
1709,Texans,0,2,0,20,12,0.0,8
1709,Texas Elite Lobos - Gold,0,2,0,24,16,0.0,9
1710,SOUTH COAST CREAM X.,2,0,0,12,24,1.0,1
1710,Banditos 9U Texas,2,0,0,13,24,1.0,2
1710,Lamar Elite - 9U - Red,1,0,1,17,23,0.75,3
1710,Marucci Elite Texas - Holden,1,1,0,16,19,0.5,4
1710,Katy Bombers 9U,1,1,0,20,16,0.5,5
1710,Texans,1,1,0,26,20,0.5,6
1710,Houston Bandits 9u,0,1,1,28,19,0.25,7
1710,LC Legends,0,2,0,19,14,0.0,8
1710,Texas Elite Lobos - Gold,0,2,0,24,16,0.0,9
1711,SOUTH COAST CREAM X.,2,0,0,12,24,1.0,1
1711,Marucci Elite Texas - Holden,1,0,1,15,19,0.75,2
1711,Banditos 9U Texas,1,1,0,15,18,0.5,3
1711,LC Legends,1,1,0,15,15,0.5,4
1711,Lamar Elite - 9U - Red,0,0,2,19,19,0.5,5
1711,Katy Bombers 9U,1,1,0,20,16,0.5,6
1711,Texans,1,1,0,21,18,0.5,7
1711,Houston Bandits 9u,0,1,1,20,16,0.25,8
1711,Texas Elite Lobos - Gold,0,2,0,24,16,0.0,9
1712,Texans,2,0,0,11,21,1.0,1
1712,SOUTH COAST CREAM X.,2,0,0,12,24,1.0,2
1712,Marucci Elite Texas - Holden,2,0,0,19,23,1.0,3
1712,Banditos 9U Texas,1,1,0,15,15,0.5,4
1712,Lamar Elite - 9U - Red,1,1,0,19,20,0.5,5
1712,Katy Bombers 9U,1,1,0,20,16,0.5,6
1712,LC Legends,0,2,0,18,8,0.0,7
1712,Houston Bandits 9u,0,2,0,22,17,0.0,8
1712,Texas Elite Lobos - Gold,0,2,0,24,16,0.0,9
1713,Lamar Elite - 9U - Red,2,0,0,6,25,1.0,1
1713,SOUTH COAST CREAM X.,2,0,0,12,24,1.0,2
1713,Banditos 9U Texas,1,0,1,16,20,0.75,3
1713,Texans,1,0,1,24,26,0.75,4
1713,Katy Bombers 9U,1,1,0,20,16,0.5,5
1713,Marucci Elite Texas - Holden,1,1,0,22,13,0.5,6
1713,Houston Bandits 9u,0,2,0,18,8,0.0,7
1713,LC Legends,0,2,0,22,16,0.0,8
1713,Texas Elite Lobos - Gold,0,2,0,24,16,0.0,9
1714,SOUTH COAST CREAM X.,2,0,0,12,24,1.0,1
1714,Banditos 9U Texas,2,0,0,12,19,1.0,2
1714,Lamar Elite - 9U - Red,2,0,0,16,22,1.0,3
1714,LC Legends,1,1,0,13,14,0.5,4
1714,Marucci Elite Texas - Holden,1,1,0,19,21,0.5,5
1714,Katy Bombers 9U,1,1,0,20,16,0.5,6
1714,Texans,0,2,0,21,13,0.0,7
1714,Texas Elite Lobos - Gold,0,2,0,24,16,0.0,8
1714,Houston Bandits 9u,0,2,0,28,20,0.0,9
1715,SOUTH COAST CREAM X.,2,0,0,12,24,1.0,1
1715,Texans,2,0,0,15,21,1.0,2
1715,Houston Bandits 9u,2,0,0,15,20,1.0,3
1715,Banditos 9U Texas,1,1,0,15,15,0.5,4
1715,Lamar Elite - 9U - Red,1,1,0,16,17,0.5,5
1715,Katy Bombers 9U,1,1,0,20,16,0.5,6
1715,Marucci Elite Texas - Holden,0,2,0,18,12,0.0,7
1715,LC Legends,0,2,0,18,12,0.0,8
1715,Texas Elite Lobos - Gold,0,2,0,24,16,0.0,9
1716,SOUTH COAST CREAM X.,2,0,0,12,24,1.0,1
1716,Marucci Elite Texas - Holden,2,0,0,18,25,1.0,2
1716,LC Legends,1,1,0,17,17,0.5,3
1716,Katy Bombers 9U,1,1,0,20,16,0.5,4
1716,Houston Bandits 9u,1,1,0,21,21,0.5,5
1716,Banditos 9U Texas,1,1,0,21,20,0.5,6
1716,Texans,1,1,0,25,26,0.5,7
1716,Lamar Elite - 9U - Red,0,2,0,21,14,0.0,8
1716,Texas Elite Lobos - Gold,0,2,0,24,16,0.0,9
1717,Banditos 9U Texas,2,0,0,10,17,1.0,1
1717,SOUTH COAST CREAM X.,2,0,0,12,24,1.0,2
1717,Lamar Elite - 9U - Red,1,1,0,16,21,0.5,3
1717,Houston Bandits 9u,1,1,0,18,16,0.5,4
1717,Texans,1,1,0,19,18,0.5,5
1717,Katy Bombers 9U,1,1,0,20,16,0.5,6
1717,Marucci Elite Texas - Holden,1,1,0,26,23,0.5,7
1717,LC Legends,0,2,0,20,14,0.0,8
1717,Texas Elite Lobos - Gold,0,2,0,24,16,0.0,9
1718,Texans,2,0,0,10,22,1.0,1
1718,SOUTH COAST CREAM X.,2,0,0,12,24,1.0,2
1718,Marucci Elite Texas - Holden,2,0,0,16,21,1.0,3
1718,Banditos 9U Texas,1,1,0,15,13,0.5,4
1718,Katy Bombers 9U,1,1,0,20,16,0.5,5
1718,Houston Bandits 9u,0,1,1,18,16,0.25,6
1718,Lamar Elite - 9U - Red,0,1,1,19,16,0.25,7
1718,LC Legends,0,2,0,19,9,0.0,8
1718,Texas Elite Lobos - Gold,0,2,0,24,16,0.0,9
1719,SOUTH COAST CREAM X.,2,0,0,12,24,1.0,1
1719,Lamar Elite - 9U - Red,2,0,0,17,31,1.0,2
1719,Banditos 9U Texas,1,0,1,16,20,0.75,3
1719,LC Legends,1,1,0,14,13,0.5,4
1719,Katy Bombers 9U,1,1,0,20,16,0.5,5
1719,Houston Bandits 9u,0,1,1,19,11,0.25,6
1719,Texans,0,1,1,21,18,0.25,7
1719,Marucci Elite Texas - Holden,0,1,1,24,18,0.25,8
1719,Texas Elite Lobos - Gold,0,2,0,24,16,0.0,9
1720,Lamar Elite - 9U - Red,2,0,0,11,17,1.0,1
1720,SOUTH COAST CREAM X.,2,0,0,12,24,1.0,2
1720,Banditos 9U Texas,2,0,0,15,20,1.0,3
1720,LC Legends,1,1,0,15,18,0.5,4
1720,Katy Bombers 9U,1,1,0,20,16,0.5,5
1720,Marucci Elite Texas - Holden,0,1,1,16,12,0.25,6
1720,Houston Bandits 9u,0,1,1,17,15,0.25,7
1720,Texas Elite Lobos - Gold,0,2,0,24,16,0.0,8
1720,Texans,0,2,0,26,18,0.0,9
1721,Texans,2,0,0,11,18,1.0,1
1721,SOUTH COAST CREAM X.,2,0,0,12,24,1.0,2
1721,Lamar Elite - 9U - Red,2,0,0,15,19,1.0,3
1721,Banditos 9U Texas,1,1,0,12,12,0.5,4
1721,Katy Bombers 9U,1,1,0,20,16,0.5,5
1721,Houston Bandits 9u,1,1,0,21,23,0.5,6
1721,LC Legends,0,2,0,18,11,0.0,7
1721,Marucci Elite Texas - Holden,0,2,0,20,14,0.0,8
1721,Texas Elite Lobos - Gold,0,2,0,24,16,0.0,9
1722,SOUTH COAST CREAM X.,2,0,0,12,24,1.0,1
1722,Texans,2,0,0,13,19,1.0,2
1722,Marucci Elite Texas - Holden,2,0,0,18,20,1.0,3
1722,Banditos 9U Texas,1,1,0,16,16,0.5,4
1722,Katy Bombers 9U,1,1,0,20,16,0.5,5
1722,Houston Bandits 9u,1,1,0,25,30,0.5,6
1722,LC Legends,0,2,0,15,9,0.0,7
1722,Lamar Elite - 9U - Red,0,2,0,23,16,0.0,8
1722,Texas Elite Lobos - Gold,0,2,0,24,16,0.0,9
1723,SOUTH COAST CREAM X.,2,0,0,12,24,1.0,1
1723,Banditos 9U Texas,2,0,0,16,21,1.0,2
1723,Marucci Elite Texas - Holden,2,0,0,19,25,1.0,3
1723,Texans,1,1,0,19,21,0.5,4
1723,Katy Bombers 9U,1,1,0,20,16,0.5,5
1723,Lamar Elite - 9U - Red,1,1,0,23,22,0.5,6
1723,LC Legends,0,2,0,17,10,0.0,7
1723,Texas Elite Lobos - Gold,0,2,0,24,16,0.0,8
1723,Houston Bandits 9u,0,2,0,29,24,0.0,9
1724,SOUTH COAST CREAM X.,2,0,0,12,24,1.0,1
1724,Banditos 9U Texas,2,0,0,12,19,1.0,2
1724,Marucci Elite Texas - Holden,1,0,1,14,24,0.75,3
1724,Lamar Elite - 9U - Red,1,0,1,19,23,0.75,4
1724,LC Legends,1,1,0,18,15,0.5,5
1724,Katy Bombers 9U,1,1,0,20,16,0.5,6
1724,Texans,0,2,0,22,18,0.0,7
1724,Texas Elite Lobos - Gold,0,2,0,24,16,0.0,8
1724,Houston Bandits 9u,0,2,0,29,15,0.0,9
1725,Banditos 9U Texas,2,0,0,11,19,1.0,1
1725,SOUTH COAST CREAM X.,2,0,0,12,24,1.0,2
1725,Lamar Elite - 9U - Red,1,0,1,17,20,0.75,3
1725,Marucci Elite Texas - Holden,1,1,0,16,16,0.5,4
1725,Katy Bombers 9U,1,1,0,20,16,0.5,5
1725,LC Legends,0,1,1,14,10,0.25,6
1725,Texans,0,1,1,17,13,0.25,7
1725,Houston Bandits 9u,0,1,1,21,18,0.25,8
1725,Texas Elite Lobos - Gold,0,2,0,24,16,0.0,9
1726,Banditos 9U Texas,2,0,0,11,16,1.0,1
1726,SOUTH COAST CREAM X.,2,0,0,12,24,1.0,2
1726,Houston Bandits 9u,1,0,1,23,24,0.75,3
1726,Texans,1,1,0,14,18,0.5,4
1726,Lamar Elite - 9U - Red,1,1,0,17,21,0.5,5
1726,Katy Bombers 9U,1,1,0,20,16,0.5,6
1726,Marucci Elite Texas - Holden,0,1,1,26,21,0.25,7
1726,LC Legends,0,2,0,19,10,0.0,8
1726,Texas Elite Lobos - Gold,0,2,0,24,16,0.0,9
1727,SOUTH COAST CREAM X.,2,0,0,12,24,1.0,1
1727,Texans,2,0,0,18,23,1.0,2
1727,Houston Bandits 9u,1,0,1,16,18,0.75,3
1727,Marucci Elite Texas - Holden,1,1,0,16,19,0.5,4
1727,Banditos 9U Texas,1,1,0,17,20,0.5,5
1727,Katy Bombers 9U,1,1,0,20,16,0.5,6
1727,Lamar Elite - 9U - Red,0,1,1,19,14,0.25,7
1727,LC Legends,0,2,0,18,10,0.0,8
1727,Texas Elite Lobos - Gold,0,2,0,24,16,0.0,9
1728,SOUTH COAST CREAM X.,2,0,0,12,24,1.0,1
1728,Marucci Elite Texas - Holden,2,0,0,18,25,1.0,2
1728,Texans,1,0,1,22,23,0.75,3
1728,Banditos 9U Texas,1,1,0,14,17,0.5,4
1728,Houston Bandits 9u,1,1,0,17,23,0.5,5
1728,Katy Bombers 9U,1,1,0,20,16,0.5,6
1728,LC Legends,0,1,1,21,17,0.25,7
1728,Texas Elite Lobos - Gold,0,2,0,24,16,0.0,8
1728,Lamar Elite - 9U - Red,0,2,0,25,12,0.0,9
1729,SOUTH COAST CREAM X.,2,0,0,12,24,1.0,1
1729,Texans,2,0,0,14,29,1.0,2
1729,Houston Bandits 9u,2,0,0,19,24,1.0,3
1729,Banditos 9U Texas,1,1,0,18,15,0.5,4
1729,Katy Bombers 9U,1,1,0,20,16,0.5,5
1729,Marucci Elite Texas - Holden,1,1,0,21,25,0.5,6
1729,LC Legends,0,2,0,23,11,0.0,7
1729,Texas Elite Lobos - Gold,0,2,0,24,16,0.0,8
1729,Lamar Elite - 9U - Red,0,2,0,27,18,0.0,9
1730,Banditos 9U Texas,2,0,0,11,16,1.0,1
1730,SOUTH COAST CREAM X.,2,0,0,12,24,1.0,2
1730,Houston Bandits 9u,1,0,1,15,25,0.75,3
1730,Marucci Elite Texas - Holden,1,0,1,19,20,0.75,4
1730,Texans,1,1,0,17,18,0.5,5
1730,Katy Bombers 9U,1,1,0,20,16,0.5,6
1730,LC Legends,0,2,0,19,13,0.0,7
1730,Texas Elite Lobos - Gold,0,2,0,24,16,0.0,8
1730,Lamar Elite - 9U - Red,0,2,0,25,14,0.0,9
1731,Banditos 9U Texas,2,0,0,11,18,1.0,1
1731,SOUTH COAST CREAM X.,2,0,0,12,24,1.0,2
1731,Houston Bandits 9u,1,0,1,15,20,0.75,3
1731,LC Legends,1,1,0,15,18,0.5,4
1731,Lamar Elite - 9U - Red,1,1,0,20,17,0.5,5
1731,Katy Bombers 9U,1,1,0,20,16,0.5,6
1731,Marucci Elite Texas - Holden,0,1,1,20,18,0.25,7
1731,Texas Elite Lobos - Gold,0,2,0,24,16,0.0,8
1731,Texans,0,2,0,24,14,0.0,9
1732,Banditos 9U Texas,2,0,0,10,15,1.0,1
1732,SOUTH COAST CREAM X.,2,0,0,12,24,1.0,2
1732,Lamar Elite - 9U - Red,2,0,0,18,24,1.0,3
1732,LC Legends,1,1,0,14,16,0.5,4
1732,Houston Bandits 9u,1,1,0,19,17,0.5,5
1732,Katy Bombers 9U,1,1,0,20,16,0.5,6
1732,Marucci Elite Texas - Holden,0,2,0,18,14,0.0,7
1732,Texans,0,2,0,19,12,0.0,8
1732,Texas Elite Lobos - Gold,0,2,0,24,16,0.0,9
1733,Banditos 9U Texas,2,0,0,8,17,1.0,1
1733,SOUTH COAST CREAM X.,2,0,0,12,24,1.0,2
1733,Houston Bandits 9u,2,0,0,14,21,1.0,3
1733,Texans,1,1,0,16,18,0.5,4
1733,Marucci Elite Texas - Holden,1,1,0,18,19,0.5,5
1733,Katy Bombers 9U,1,1,0,20,16,0.5,6
1733,Lamar Elite - 9U - Red,0,2,0,21,13,0.0,7
1733,LC Legends,0,2,0,22,11,0.0,8
1733,Texas Elite Lobos - Gold,0,2,0,24,16,0.0,9
1734,SOUTH COAST CREAM X.,2,0,0,12,24,1.0,1
1734,Lamar Elite - 9U - Red,2,0,0,20,30,1.0,2
1734,LC Legends,1,1,0,14,21,0.5,3
1734,Banditos 9U Texas,1,1,0,17,14,0.5,4
1734,Marucci Elite Texas - Holden,1,1,0,20,20,0.5,5
1734,Katy Bombers 9U,1,1,0,20,16,0.5,6
1734,Texans,1,1,0,23,19,0.5,7
1734,Texas Elite Lobos - Gold,0,2,0,24,16,0.0,8
1734,Houston Bandits 9u,0,2,0,25,15,0.0,9
1735,SOUTH COAST CREAM X.,2,0,0,12,24,1.0,1
1735,Banditos 9U Texas,2,0,0,14,23,1.0,2
1735,Marucci Elite Texas - Holden,1,1,0,12,16,0.5,3
1735,Lamar Elite - 9U - Red,1,1,0,14,13,0.5,4
1735,Houston Bandits 9u,1,1,0,16,13,0.5,5
1735,Katy Bombers 9U,1,1,0,20,16,0.5,6
1735,Texans,1,1,0,22,20,0.5,7
1735,LC Legends,0,2,0,18,11,0.0,8
1735,Texas Elite Lobos - Gold,0,2,0,24,16,0.0,9
1736,SOUTH COAST CREAM X.,2,0,0,12,24,1.0,1
1736,Houston Bandits 9u,2,0,0,13,33,1.0,2
1736,LC Legends,1,1,0,14,19,0.5,3
1736,Banditos 9U Texas,1,1,0,14,15,0.5,4
1736,Katy Bombers 9U,1,1,0,20,16,0.5,5
1736,Texans,1,1,0,22,16,0.5,6
1736,Marucci Elite Texas - Holden,1,1,0,30,18,0.5,7
1736,Lamar Elite - 9U - Red,0,2,0,22,14,0.0,8
1736,Texas Elite Lobos - Gold,0,2,0,24,16,0.0,9
1737,Houston Bandits 9u,2,0,0,11,29,1.0,1
1737,SOUTH COAST CREAM X.,2,0,0,12,24,1.0,2
1737,Banditos 9U Texas,1,0,1,15,19,0.75,3
1737,LC Legends,1,1,0,13,12,0.5,4
1737,Katy Bombers 9U,1,1,0,20,16,0.5,5
1737,Lamar Elite - 9U - Red,1,1,0,21,14,0.5,6
1737,Texans,0,1,1,19,16,0.25,7
1737,Marucci Elite Texas - Holden,0,2,0,23,12,0.0,8
1737,Texas Elite Lobos - Gold,0,2,0,24,16,0.0,9
1738,SOUTH COAST CREAM X.,2,0,0,12,24,1.0,1
1738,Marucci Elite Texas - Holden,2,0,0,17,24,1.0,2
1738,Texans,2,0,0,21,24,1.0,3
1738,Banditos 9U Texas,1,1,0,14,17,0.5,4
1738,Lamar Elite - 9U - Red,1,1,0,20,17,0.5,5
1738,Katy Bombers 9U,1,1,0,20,16,0.5,6
1738,Houston Bandits 9u,0,2,0,21,17,0.0,7
1738,LC Legends,0,2,0,22,16,0.0,8
1738,Texas Elite Lobos - Gold,0,2,0,24,16,0.0,9
1739,SOUTH COAST CREAM X.,2,0,0,12,24,1.0,1
1739,Houston Bandits 9u,2,0,0,15,20,1.0,2
1739,Texans,2,0,0,17,23,1.0,3
1739,Banditos 9U Texas,1,1,0,13,14,0.5,4
1739,Marucci Elite Texas - Holden,1,1,0,20,19,0.5,5
1739,Katy Bombers 9U,1,1,0,20,16,0.5,6
1739,Lamar Elite - 9U - Red,0,2,0,21,17,0.0,7
1739,LC Legends,0,2,0,22,15,0.0,8
1739,Texas Elite Lobos - Gold,0,2,0,24,16,0.0,9
1740,Texans,2,0,0,11,20,1.0,1
1740,SOUTH COAST CREAM X.,2,0,0,12,24,1.0,2
1740,Houston Bandits 9u,1,1,0,15,17,0.5,3
1740,Marucci Elite Texas - Holden,1,1,0,15,12,0.5,4
1740,Banditos 9U Texas,1,1,0,16,12,0.5,5
1740,Lamar Elite - 9U - Red,1,1,0,18,19,0.5,6
1740,Katy Bombers 9U,1,1,0,20,16,0.5,7
1740,LC Legends,0,2,0,16,11,0.0,8
1740,Texas Elite Lobos - Gold,0,2,0,24,16,0.0,9
1741,Banditos 9U Texas,2,0,0,9,22,1.0,1
1741,SOUTH COAST CREAM X.,2,0,0,12,24,1.0,2
1741,Houston Bandits 9u,2,0,0,19,26,1.0,3
1741,LC Legends,1,1,0,14,13,0.5,4
1741,Katy Bombers 9U,1,1,0,20,16,0.5,5
1741,Lamar Elite - 9U - Red,0,1,1,21,19,0.25,6
1741,Marucci Elite Texas - Holden,0,1,1,25,20,0.25,7
1741,Texans,0,2,0,23,11,0.0,8
1741,Texas Elite Lobos - Gold,0,2,0,24,16,0.0,9
1742,SOUTH COAST CREAM X.,2,0,0,12,24,1.0,1
1742,Banditos 9U Texas,2,0,0,14,20,1.0,2
1742,Lamar Elite - 9U - Red,1,0,1,17,20,0.75,3
1742,LC Legends,1,1,0,15,15,0.5,4
1742,Houston Bandits 9u,1,1,0,19,22,0.5,5
1742,Katy Bombers 9U,1,1,0,20,16,0.5,6
1742,Marucci Elite Texas - Holden,0,1,1,21,15,0.25,7
1742,Texans,0,2,0,23,17,0.0,8
1742,Texas Elite Lobos - Gold,0,2,0,24,16,0.0,9
1743,SOUTH COAST CREAM X.,2,0,0,12,24,1.0,1
1743,Texans,2,0,0,18,20,1.0,2
1743,Marucci Elite Texas - Holden,1,0,1,19,26,0.75,3
1743,Banditos 9U Texas,1,1,0,13,16,0.5,4
1743,Houston Bandits 9u,1,1,0,17,13,0.5,5
1743,Katy Bombers 9U,1,1,0,20,16,0.5,6
1743,Lamar Elite - 9U - Red,0,1,1,18,15,0.25,7
1743,LC Legends,0,2,0,19,14,0.0,8
1743,Texas Elite Lobos - Gold,0,2,0,24,16,0.0,9
1744,SOUTH COAST CREAM X.,2,0,0,12,24,1.0,1
1744,Marucci Elite Texas - Holden,2,0,0,20,24,1.0,2
1744,LC Legends,1,1,0,14,16,0.5,3
1744,Banditos 9U Texas,1,1,0,15,18,0.5,4
1744,Lamar Elite - 9U - Red,1,1,0,17,16,0.5,5
1744,Katy Bombers 9U,1,1,0,20,16,0.5,6
1744,Texans,1,1,0,22,17,0.5,7
1744,Houston Bandits 9u,0,2,0,22,19,0.0,8
1744,Texas Elite Lobos - Gold,0,2,0,24,16,0.0,9
1745,SOUTH COAST CREAM X.,2,0,0,12,24,1.0,1
1745,Banditos 9U Texas,2,0,0,13,18,1.0,2
1745,Houston Bandits 9u,1,0,1,16,19,0.75,3
1745,Lamar Elite - 9U - Red,1,0,1,19,22,0.75,4
1745,LC Legends,1,1,0,17,16,0.5,5
1745,Katy Bombers 9U,1,1,0,20,16,0.5,6
1745,Texans,0,2,0,22,18,0.0,7
1745,Marucci Elite Texas - Holden,0,2,0,23,17,0.0,8
1745,Texas Elite Lobos - Gold,0,2,0,24,16,0.0,9
1746,SOUTH COAST CREAM X.,2,0,0,12,24,1.0,1
1746,Banditos 9U Texas,1,1,0,14,12,0.5,2
1746,Marucci Elite Texas - Holden,1,1,0,16,24,0.5,3
1746,LC Legends,1,1,0,17,20,0.5,4
1746,Lamar Elite - 9U - Red,1,1,0,19,14,0.5,5
1746,Texans,1,1,0,20,19,0.5,6
1746,Katy Bombers 9U,1,1,0,20,16,0.5,7
1746,Houston Bandits 9u,1,1,0,23,20,0.5,8
1746,Texas Elite Lobos - Gold,0,2,0,24,16,0.0,9
1747,Lamar Elite - 9U - Red,2,0,0,10,17,1.0,1
1747,SOUTH COAST CREAM X.,2,0,0,12,24,1.0,2
1747,Texans,2,0,0,17,24,1.0,3
1747,Banditos 9U Texas,1,1,0,19,17,0.5,4
1747,Katy Bombers 9U,1,1,0,20,16,0.5,5
1747,Marucci Elite Texas - Holden,0,1,1,17,13,0.25,6
1747,Houston Bandits 9u,0,1,1,18,15,0.25,7
1747,LC Legends,0,2,0,17,12,0.0,8
1747,Texas Elite Lobos - Gold,0,2,0,24,16,0.0,9
1748,Banditos 9U Texas,2,0,0,11,18,1.0,1
1748,SOUTH COAST CREAM X.,2,0,0,12,24,1.0,2
1748,Houston Bandits 9u,1,0,1,17,20,0.75,3
1748,LC Legends,1,1,0,12,12,0.5,4
1748,Marucci Elite Texas - Holden,1,1,0,17,17,0.5,5
1748,Katy Bombers 9U,1,1,0,20,16,0.5,6
1748,Lamar Elite - 9U - Red,0,1,1,22,19,0.25,7
1748,Texans,0,2,0,18,11,0.0,8
1748,Texas Elite Lobos - Gold,0,2,0,24,16,0.0,9
1749,SOUTH COAST CREAM X.,2,0,0,12,24,1.0,1
1749,Houston Bandits 9u,2,0,0,14,25,1.0,2
1749,Banditos 9U Texas,1,1,0,16,19,0.5,3
1749,LC Legends,1,1,0,16,14,0.5,4
1749,Katy Bombers 9U,1,1,0,20,16,0.5,5
1749,Texans,1,1,0,21,20,0.5,6
1749,Marucci Elite Texas - Holden,0,1,1,18,16,0.25,7
1749,Lamar Elite - 9U - Red,0,1,1,23,14,0.25,8
1749,Texas Elite Lobos - Gold,0,2,0,24,16,0.0,9
1750,SOUTH COAST CREAM X.,2,0,0,12,24,1.0,1
1750,Banditos 9U Texas,1,1,0,13,15,0.5,2
1750,Texans,1,1,0,15,16,0.5,3
1750,LC Legends,1,1,0,15,12,0.5,4
1750,Katy Bombers 9U,1,1,0,20,16,0.5,5
1750,Houston Bandits 9u,1,1,0,23,28,0.5,6
1750,Marucci Elite Texas - Holden,1,1,0,23,20,0.5,7
1750,Lamar Elite - 9U - Red,1,1,0,27,25,0.5,8
1750,Texas Elite Lobos - Gold,0,2,0,24,16,0.0,9
1751,Texans,2,0,0,8,12,1.0,1
1751,SOUTH COAST CREAM X.,2,0,0,12,24,1.0,2
1751,Marucci Elite Texas - Holden,1,1,0,12,17,0.5,3
1751,Banditos 9U Texas,1,1,0,12,13,0.5,4
1751,Houston Bandits 9u,1,1,0,16,14,0.5,5
1751,Lamar Elite - 9U - Red,1,1,0,18,15,0.5,6
1751,Katy Bombers 9U,1,1,0,20,16,0.5,7
1751,LC Legends,0,2,0,12,7,0.0,8
1751,Texas Elite Lobos - Gold,0,2,0,24,16,0.0,9
1752,SOUTH COAST CREAM X.,2,0,0,12,24,1.0,1
1752,Marucci Elite Texas - Holden,2,0,0,14,25,1.0,2
1752,Texans,1,0,1,26,27,0.75,3
1752,Banditos 9U Texas,1,1,0,19,22,0.5,4
1752,Katy Bombers 9U,1,1,0,20,16,0.5,5
1752,Lamar Elite - 9U - Red,1,1,0,22,22,0.5,6
1752,LC Legends,0,1,1,20,16,0.25,7
1752,Texas Elite Lobos - Gold,0,2,0,24,16,0.0,8
1752,Houston Bandits 9u,0,2,0,26,15,0.0,9
1753,SOUTH COAST CREAM X.,2,0,0,12,24,1.0,1
1753,Texans,2,0,0,23,28,1.0,2
1753,Lamar Elite - 9U - Red,1,0,1,13,18,0.75,3
1753,Houston Bandits 9u,1,0,1,17,19,0.75,4
1753,Banditos 9U Texas,1,1,0,16,16,0.5,5
1753,Katy Bombers 9U,1,1,0,20,16,0.5,6
1753,LC Legends,0,2,0,24,19,0.0,7
1753,Texas Elite Lobos - Gold,0,2,0,24,16,0.0,8
1753,Marucci Elite Texas - Holden,0,2,0,25,18,0.0,9
1754,Houston Bandits 9u,2,0,0,10,20,1.0,1
1754,SOUTH COAST CREAM X.,2,0,0,12,24,1.0,2
1754,Texans,2,0,0,22,28,1.0,3
1754,Lamar Elite - 9U - Red,1,1,0,17,19,0.5,4
1754,Banditos 9U Texas,1,1,0,18,21,0.5,5
1754,Katy Bombers 9U,1,1,0,20,16,0.5,6
1754,LC Legends,0,2,0,22,13,0.0,7
1754,Marucci Elite Texas - Holden,0,2,0,22,10,0.0,8
1754,Texas Elite Lobos - Gold,0,2,0,24,16,0.0,9
1755,SOUTH COAST CREAM X.,2,0,0,12,24,1.0,1
1755,Houston Bandits 9u,2,0,0,15,23,1.0,2
1755,Texans,2,0,0,18,22,1.0,3
1755,Banditos 9U Texas,1,1,0,15,17,0.5,4
1755,Marucci Elite Texas - Holden,1,1,0,17,11,0.5,5
1755,Katy Bombers 9U,1,1,0,20,16,0.5,6
1755,Lamar Elite - 9U - Red,0,2,0,19,17,0.0,7
1755,LC Legends,0,2,0,19,13,0.0,8
1755,Texas Elite Lobos - Gold,0,2,0,24,16,0.0,9
1756,Marucci Elite Texas - Holden,2,0,0,12,25,1.0,1
1756,SOUTH COAST CREAM X.,2,0,0,12,24,1.0,2
1756,Texans,2,0,0,17,24,1.0,3
1756,Banditos 9U Texas,1,1,0,15,14,0.5,4
1756,Katy Bombers 9U,1,1,0,20,16,0.5,5
1756,Houston Bandits 9u,1,1,0,20,14,0.5,6
1756,LC Legends,0,2,0,21,15,0.0,7
1756,Lamar Elite - 9U - Red,0,2,0,23,16,0.0,8
1756,Texas Elite Lobos - Gold,0,2,0,24,16,0.0,9
1757,SOUTH COAST CREAM X.,2,0,0,12,24,1.0,1
1757,Texans,2,0,0,26,28,1.0,2
1757,Houston Bandits 9u,1,0,1,13,20,0.75,3
1757,Marucci Elite Texas - Holden,1,0,1,17,20,0.75,4
1757,Banditos 9U Texas,1,1,0,20,23,0.5,5
1757,Katy Bombers 9U,1,1,0,20,16,0.5,6
1757,LC Legends,0,2,0,20,15,0.0,7
1757,Lamar Elite - 9U - Red,0,2,0,20,10,0.0,8
1757,Texas Elite Lobos - Gold,0,2,0,24,16,0.0,9
1758,Banditos 9U Texas,2,0,0,8,18,1.0,1
1758,SOUTH COAST CREAM X.,2,0,0,12,24,1.0,2
1758,Marucci Elite Texas - Holden,2,0,0,17,28,1.0,3
1758,Texans,1,1,0,15,13,0.5,4
1758,Katy Bombers 9U,1,1,0,20,16,0.5,5
1758,Houston Bandits 9u,1,1,0,24,16,0.5,6
1758,LC Legends,0,2,0,17,9,0.0,7
1758,Lamar Elite - 9U - Red,0,2,0,20,17,0.0,8
1758,Texas Elite Lobos - Gold,0,2,0,24,16,0.0,9
1759,SOUTH COAST CREAM X.,2,0,0,12,24,1.0,1
1759,Lamar Elite - 9U - Red,2,0,0,14,18,1.0,2
1759,Texans,2,0,0,15,25,1.0,3
1759,Houston Bandits 9u,1,1,0,17,18,0.5,4
1759,Banditos 9U Texas,1,1,0,18,13,0.5,5
1759,Katy Bombers 9U,1,1,0,20,16,0.5,6
1759,Marucci Elite Texas - Holden,0,2,0,19,14,0.0,7
1759,LC Legends,0,2,0,19,14,0.0,8
1759,Texas Elite Lobos - Gold,0,2,0,24,16,0.0,9
1760,SOUTH COAST CREAM X.,2,0,0,12,24,1.0,1
1760,Marucci Elite Texas - Holden,2,0,0,13,17,1.0,2
1760,Houston Bandits 9u,1,1,0,13,15,0.5,3
1760,LC Legends,1,1,0,18,17,0.5,4
1760,Banditos 9U Texas,1,1,0,19,20,0.5,5
1760,Katy Bombers 9U,1,1,0,20,16,0.5,6
1760,Texans,1,1,0,25,25,0.5,7
1760,Lamar Elite - 9U - Red,0,2,0,17,11,0.0,8
1760,Texas Elite Lobos - Gold,0,2,0,24,16,0.0,9
1761,SOUTH COAST CREAM X.,2,0,0,12,24,1.0,1
1761,Lamar Elite - 9U - Red,2,0,0,18,23,1.0,2
1761,Banditos 9U Texas,1,1,0,15,13,0.5,3
1761,LC Legends,1,1,0,17,17,0.5,4
1761,Texans,1,1,0,18,20,0.5,5
1761,Katy Bombers 9U,1,1,0,20,16,0.5,6
1761,Marucci Elite Texas - Holden,1,1,0,22,22,0.5,7
1761,Texas Elite Lobos - Gold,0,2,0,24,16,0.0,8
1761,Houston Bandits 9u,0,2,0,26,21,0.0,9
1762,Banditos 9U Texas,2,0,0,10,22,1.0,1
1762,SOUTH COAST CREAM X.,2,0,0,12,24,1.0,2
1762,Houston Bandits 9u,1,1,0,14,14,0.5,3
1762,Lamar Elite - 9U - Red,1,1,0,15,17,0.5,4
1762,Marucci Elite Texas - Holden,1,1,0,18,16,0.5,5
1762,Katy Bombers 9U,1,1,0,20,16,0.5,6
1762,Texans,1,1,0,23,18,0.5,7
1762,LC Legends,0,2,0,20,13,0.0,8
1762,Texas Elite Lobos - Gold,0,2,0,24,16,0.0,9
1763,SOUTH COAST CREAM X.,2,0,0,12,24,1.0,1
1763,Lamar Elite - 9U - Red,2,0,0,20,28,1.0,2
1763,Banditos 9U Texas,1,0,1,16,20,0.75,3
1763,Texans,1,0,1,19,20,0.75,4
1763,Marucci Elite Texas - Holden,1,1,0,15,16,0.5,5
1763,Katy Bombers 9U,1,1,0,20,16,0.5,6
1763,LC Legends,0,2,0,16,11,0.0,7
1763,Houston Bandits 9u,0,2,0,22,13,0.0,8
1763,Texas Elite Lobos - Gold,0,2,0,24,16,0.0,9
1764,Banditos 9U Texas,2,0,0,11,18,1.0,1
1764,SOUTH COAST CREAM X.,2,0,0,12,24,1.0,2
1764,Lamar Elite - 9U - Red,2,0,0,20,25,1.0,3
1764,Marucci Elite Texas - Holden,1,1,0,14,23,0.5,4
1764,Texans,1,1,0,17,16,0.5,5
1764,Katy Bombers 9U,1,1,0,20,16,0.5,6
1764,LC Legends,0,2,0,17,11,0.0,7
1764,Houston Bandits 9u,0,2,0,23,9,0.0,8
1764,Texas Elite Lobos - Gold,0,2,0,24,16,0.0,9
1765,SOUTH COAST CREAM X.,2,0,0,12,24,1.0,1
1765,Marucci Elite Texas - Holden,1,0,1,16,19,0.75,2
1765,Banditos 9U Texas,1,1,0,14,15,0.5,3
1765,LC Legends,1,1,0,16,16,0.5,4
1765,Texans,1,1,0,19,18,0.5,5
1765,Katy Bombers 9U,1,1,0,20,16,0.5,6
1765,Houston Bandits 9u,1,1,0,24,22,0.5,7
1765,Lamar Elite - 9U - Red,0,1,1,22,21,0.25,8
1765,Texas Elite Lobos - Gold,0,2,0,24,16,0.0,9
1766,Texans,2,0,0,11,24,1.0,1
1766,SOUTH COAST CREAM X.,2,0,0,12,24,1.0,2
1766,Lamar Elite - 9U - Red,1,1,0,16,18,0.5,3
1766,Houston Bandits 9u,1,1,0,18,18,0.5,4
1766,Marucci Elite Texas - Holden,1,1,0,18,16,0.5,5
1766,Katy Bombers 9U,1,1,0,20,16,0.5,6
1766,Banditos 9U Texas,1,1,0,21,15,0.5,7
1766,LC Legends,0,2,0,15,8,0.0,8
1766,Texas Elite Lobos - Gold,0,2,0,24,16,0.0,9
1767,Texans,2,0,0,11,13,1.0,1
1767,SOUTH COAST CREAM X.,2,0,0,12,24,1.0,2
1767,Marucci Elite Texas - Holden,2,0,0,15,24,1.0,3
1767,Banditos 9U Texas,1,1,0,11,14,0.5,4
1767,Lamar Elite - 9U - Red,1,1,0,17,21,0.5,5
1767,Katy Bombers 9U,1,1,0,20,16,0.5,6
1767,LC Legends,0,2,0,14,9,0.0,7
1767,Texas Elite Lobos - Gold,0,2,0,24,16,0.0,8
1767,Houston Bandits 9u,0,2,0,26,13,0.0,9
1768,SOUTH COAST CREAM X.,2,0,0,12,24,1.0,1
1768,Banditos 9U Texas,2,0,0,14,19,1.0,2
1768,Marucci Elite Texas - Holden,2,0,0,18,34,1.0,3
1768,LC Legends,1,1,0,11,13,0.5,4
1768,Katy Bombers 9U,1,1,0,20,16,0.5,5
1768,Houston Bandits 9u,1,1,0,26,17,0.5,6
1768,Texans,0,2,0,20,13,0.0,7
1768,Texas Elite Lobos - Gold,0,2,0,24,16,0.0,8
1768,Lamar Elite - 9U - Red,0,2,0,28,21,0.0,9
1769,SOUTH COAST CREAM X.,2,0,0,12,24,1.0,1
1769,Banditos 9U Texas,2,0,0,13,21,1.0,2
1769,Houston Bandits 9u,2,0,0,14,22,1.0,3
1769,Marucci Elite Texas - Holden,1,1,0,18,17,0.5,4
1769,Katy Bombers 9U,1,1,0,20,16,0.5,5
1769,Texans,1,1,0,21,19,0.5,6
1769,LC Legends,0,2,0,18,12,0.0,7
1769,Texas Elite Lobos - Gold,0,2,0,24,16,0.0,8
1769,Lamar Elite - 9U - Red,0,2,0,25,18,0.0,9
1770,Banditos 9U Texas,2,0,0,10,17,1.0,1
1770,SOUTH COAST CREAM X.,2,0,0,12,24,1.0,2
1770,Houston Bandits 9u,2,0,0,13,18,1.0,3
1770,Marucci Elite Texas - Holden,1,1,0,14,19,0.5,4
1770,Texans,1,1,0,19,19,0.5,5
1770,Katy Bombers 9U,1,1,0,20,16,0.5,6
1770,LC Legends,0,2,0,21,14,0.0,7
1770,Lamar Elite - 9U - Red,0,2,0,22,12,0.0,8
1770,Texas Elite Lobos - Gold,0,2,0,24,16,0.0,9
1771,SOUTH COAST CREAM X.,2,0,0,12,24,1.0,1
1771,Banditos 9U Texas,1,1,0,14,16,0.5,2
1771,LC Legends,1,1,0,18,17,0.5,3
1771,Marucci Elite Texas - Holden,1,1,0,19,22,0.5,4
1771,Katy Bombers 9U,1,1,0,20,16,0.5,5
1771,Houston Bandits 9u,1,1,0,21,22,0.5,6
1771,Texans,1,1,0,21,20,0.5,7
1771,Lamar Elite - 9U - Red,1,1,0,26,22,0.5,8
1771,Texas Elite Lobos - Gold,0,2,0,24,16,0.0,9
1772,SOUTH COAST CREAM X.,2,0,0,12,24,1.0,1
1772,Lamar Elite - 9U - Red,1,0,1,22,23,0.75,2
1772,LC Legends,1,1,0,12,21,0.5,3
1772,Banditos 9U Texas,1,1,0,18,21,0.5,4
1772,Katy Bombers 9U,1,1,0,20,16,0.5,5
1772,Marucci Elite Texas - Holden,0,0,2,22,22,0.5,6
1772,Texans,1,1,0,30,18,0.5,7
1772,Houston Bandits 9u,0,1,1,19,18,0.25,8
1772,Texas Elite Lobos - Gold,0,2,0,24,16,0.0,9
1773,SOUTH COAST CREAM X.,2,0,0,12,24,1.0,1
1773,Marucci Elite Texas - Holden,2,0,0,14,20,1.0,2
1773,LC Legends,1,1,0,13,18,0.5,3
1773,Houston Bandits 9u,1,1,0,18,22,0.5,4
1773,Banditos 9U Texas,1,1,0,18,15,0.5,5
1773,Katy Bombers 9U,1,1,0,20,16,0.5,6
1773,Texans,1,1,0,21,19,0.5,7
1773,Texas Elite Lobos - Gold,0,2,0,24,16,0.0,8
1773,Lamar Elite - 9U - Red,0,2,0,26,16,0.0,9
1774,SOUTH COAST CREAM X.,2,0,0,12,24,1.0,1
1774,Texans,2,0,0,17,24,1.0,2
1774,Houston Bandits 9u,1,0,1,14,15,0.75,3
1774,Marucci Elite Texas - Holden,1,0,1,15,17,0.75,4
1774,Banditos 9U Texas,1,1,0,18,16,0.5,5
1774,Katy Bombers 9U,1,1,0,20,16,0.5,6
1774,Lamar Elite - 9U - Red,0,2,0,16,13,0.0,7
1774,LC Legends,0,2,0,18,13,0.0,8
1774,Texas Elite Lobos - Gold,0,2,0,24,16,0.0,9
1775,SOUTH COAST CREAM X.,2,0,0,12,24,1.0,1
1775,Marucci Elite Texas - Holden,1,0,1,17,23,0.75,2
1775,Houston Bandits 9u,1,0,1,19,24,0.75,3
1775,Texans,1,0,1,19,23,0.75,4
1775,Banditos 9U Texas,1,1,0,16,16,0.5,5
1775,Katy Bombers 9U,1,1,0,20,16,0.5,6
1775,LC Legends,0,1,1,19,15,0.25,7
1775,Texas Elite Lobos - Gold,0,2,0,24,16,0.0,8
1775,Lamar Elite - 9U - Red,0,2,0,27,16,0.0,9
1776,Banditos 9U Texas,2,0,0,10,22,1.0,1
1776,Lamar Elite - 9U - Red,2,0,0,10,13,1.0,2
1776,SOUTH COAST CREAM X.,2,0,0,12,24,1.0,3
1776,Houston Bandits 9u,1,1,0,13,16,0.5,4
1776,LC Legends,1,1,0,15,14,0.5,5
1776,Katy Bombers 9U,1,1,0,20,16,0.5,6
1776,Marucci Elite Texas - Holden,0,2,0,20,14,0.0,7
1776,Texas Elite Lobos - Gold,0,2,0,24,16,0.0,8
1776,Texans,0,2,0,24,13,0.0,9
1777,SOUTH COAST CREAM X.,2,0,0,12,24,1.0,1
1777,Banditos 9U Texas,2,0,0,12,17,1.0,2
1777,Houston Bandits 9u,2,0,0,17,23,1.0,3
1777,Lamar Elite - 9U - Red,1,1,0,15,16,0.5,4
1777,Texans,1,1,0,20,20,0.5,5
1777,Katy Bombers 9U,1,1,0,20,16,0.5,6
1777,LC Legends,0,2,0,20,15,0.0,7
1777,Texas Elite Lobos - Gold,0,2,0,24,16,0.0,8
1777,Marucci Elite Texas - Holden,0,2,0,25,18,0.0,9
1778,SOUTH COAST CREAM X.,2,0,0,12,24,1.0,1
1778,Marucci Elite Texas - Holden,2,0,0,16,23,1.0,2
1778,Banditos 9U Texas,2,0,0,16,22,1.0,3
1778,Houston Bandits 9u,1,1,0,20,30,0.5,4
1778,Katy Bombers 9U,1,1,0,20,16,0.5,5
1778,Texans,1,1,0,24,23,0.5,6
1778,LC Legends,0,2,0,19,14,0.0,7
1778,Texas Elite Lobos - Gold,0,2,0,24,16,0.0,8
1778,Lamar Elite - 9U - Red,0,2,0,29,12,0.0,9
1779,Banditos 9U Texas,2,0,0,11,17,1.0,1
1779,SOUTH COAST CREAM X.,2,0,0,12,24,1.0,2
1779,Lamar Elite - 9U - Red,2,0,0,16,28,1.0,3
1779,LC Legends,1,1,0,18,15,0.5,4
1779,Houston Bandits 9u,1,1,0,19,18,0.5,5
1779,Katy Bombers 9U,1,1,0,20,16,0.5,6
1779,Texans,0,2,0,20,17,0.0,7
1779,Texas Elite Lobos - Gold,0,2,0,24,16,0.0,8
1779,Marucci Elite Texas - Holden,0,2,0,28,17,0.0,9
1780,SOUTH COAST CREAM X.,2,0,0,12,24,1.0,1
1780,Marucci Elite Texas - Holden,2,0,0,15,19,1.0,2
1780,Texans,1,0,1,12,17,0.75,3
1780,Banditos 9U Texas,1,1,0,14,13,0.5,4
1780,Lamar Elite - 9U - Red,1,1,0,16,20,0.5,5
1780,Katy Bombers 9U,1,1,0,20,16,0.5,6
1780,LC Legends,0,1,1,15,11,0.25,7
1780,Houston Bandits 9u,0,2,0,22,14,0.0,8
1780,Texas Elite Lobos - Gold,0,2,0,24,16,0.0,9
1781,SOUTH COAST CREAM X.,2,0,0,12,24,1.0,1
1781,Lamar Elite - 9U - Red,2,0,0,14,18,1.0,2
1781,Banditos 9U Texas,1,1,0,18,16,0.5,3
1781,LC Legends,1,1,0,18,15,0.5,4
1781,Texans,1,1,0,19,24,0.5,5
1781,Marucci Elite Texas - Holden,1,1,0,19,23,0.5,6
1781,Katy Bombers 9U,1,1,0,20,16,0.5,7
1781,Texas Elite Lobos - Gold,0,2,0,24,16,0.0,8
1781,Houston Bandits 9u,0,2,0,26,18,0.0,9
1782,Banditos 9U Texas,2,0,0,11,23,1.0,1
1782,SOUTH COAST CREAM X.,2,0,0,12,24,1.0,2
1782,Lamar Elite - 9U - Red,1,0,1,13,15,0.75,3
1782,Houston Bandits 9u,1,1,0,13,14,0.5,4
1782,Katy Bombers 9U,1,1,0,20,16,0.5,5
1782,LC Legends,0,1,1,18,14,0.25,6
1782,Marucci Elite Texas - Holden,0,1,1,19,16,0.25,7
1782,Texans,0,1,1,25,17,0.25,8
1782,Texas Elite Lobos - Gold,0,2,0,24,16,0.0,9
1783,Banditos 9U Texas,2,0,0,10,15,1.0,1
1783,SOUTH COAST CREAM X.,2,0,0,12,24,1.0,2
1783,Marucci Elite Texas - Holden,2,0,0,16,23,1.0,3
1783,Houston Bandits 9u,1,1,0,13,25,0.5,4
1783,LC Legends,1,1,0,18,16,0.5,5
1783,Katy Bombers 9U,1,1,0,20,16,0.5,6
1783,Texans,0,2,0,19,16,0.0,7
1783,Texas Elite Lobos - Gold,0,2,0,24,16,0.0,8
1783,Lamar Elite - 9U - Red,0,2,0,29,10,0.0,9
1784,Banditos 9U Texas,2,0,0,11,28,1.0,1
1784,SOUTH COAST CREAM X.,2,0,0,12,24,1.0,2
1784,Marucci Elite Texas - Holden,1,0,1,11,13,0.75,3
1784,Houston Bandits 9u,1,0,1,13,20,0.75,4
1784,Katy Bombers 9U,1,1,0,20,16,0.5,5
1784,Texans,1,1,0,27,17,0.5,6
1784,LC Legends,0,2,0,18,11,0.0,7
1784,Lamar Elite - 9U - Red,0,2,0,21,12,0.0,8
1784,Texas Elite Lobos - Gold,0,2,0,24,16,0.0,9
1785,SOUTH COAST CREAM X.,2,0,0,12,24,1.0,1
1785,Houston Bandits 9u,1,0,1,15,18,0.75,2
1785,Marucci Elite Texas - Holden,1,0,1,18,21,0.75,3
1785,Banditos 9U Texas,1,1,0,15,14,0.5,4
1785,Texans,1,1,0,20,23,0.5,5
1785,LC Legends,1,1,0,20,18,0.5,6
1785,Katy Bombers 9U,1,1,0,20,16,0.5,7
1785,Texas Elite Lobos - Gold,0,2,0,24,16,0.0,8
1785,Lamar Elite - 9U - Red,0,2,0,27,21,0.0,9
1786,SOUTH COAST CREAM X.,2,0,0,12,24,1.0,1
1786,Banditos 9U Texas,1,1,0,13,13,0.5,2
1786,Lamar Elite - 9U - Red,1,1,0,13,13,0.5,3
1786,Houston Bandits 9u,1,1,0,13,12,0.5,4
1786,Marucci Elite Texas - Holden,1,1,0,14,15,0.5,5
1786,Texans,1,1,0,15,18,0.5,6
1786,LC Legends,1,1,0,17,14,0.5,7
1786,Katy Bombers 9U,1,1,0,20,16,0.5,8
1786,Texas Elite Lobos - Gold,0,2,0,24,16,0.0,9
1787,SOUTH COAST CREAM X.,2,0,0,12,24,1.0,1
1787,Banditos 9U Texas,2,0,0,13,23,1.0,2
1787,Marucci Elite Texas - Holden,1,1,0,17,15,0.5,3
1787,Katy Bombers 9U,1,1,0,20,16,0.5,4
1787,Houston Bandits 9u,1,1,0,21,21,0.5,5
1787,Texans,1,1,0,24,23,0.5,6
1787,Lamar Elite - 9U - Red,1,1,0,25,27,0.5,7
1787,LC Legends,0,2,0,22,13,0.0,8
1787,Texas Elite Lobos - Gold,0,2,0,24,16,0.0,9
1788,Houston Bandits 9u,2,0,0,10,19,1.0,1
1788,SOUTH COAST CREAM X.,2,0,0,12,24,1.0,2
1788,Banditos 9U Texas,1,0,1,17,21,0.75,3
1788,Texans,1,0,1,19,21,0.75,4
1788,Marucci Elite Texas - Holden,1,1,0,13,15,0.5,5
1788,Katy Bombers 9U,1,1,0,20,16,0.5,6
1788,LC Legends,0,2,0,16,10,0.0,7
1788,Lamar Elite - 9U - Red,0,2,0,23,12,0.0,8
1788,Texas Elite Lobos - Gold,0,2,0,24,16,0.0,9
1789,Banditos 9U Texas,2,0,0,7,18,1.0,1
1789,SOUTH COAST CREAM X.,2,0,0,12,24,1.0,2
1789,Marucci Elite Texas - Holden,2,0,0,16,24,1.0,3
1789,Lamar Elite - 9U - Red,1,1,0,19,20,0.5,4
1789,Katy Bombers 9U,1,1,0,20,16,0.5,5
1789,Texans,1,1,0,22,17,0.5,6
1789,LC Legends,0,2,0,22,16,0.0,7
1789,Texas Elite Lobos - Gold,0,2,0,24,16,0.0,8
1789,Houston Bandits 9u,0,2,0,24,15,0.0,9
1790,SOUTH COAST CREAM X.,2,0,0,12,24,1.0,1
1790,Banditos 9U Texas,2,0,0,12,18,1.0,2
1790,Lamar Elite - 9U - Red,1,0,1,14,19,0.75,3
1790,LC Legends,1,1,0,12,11,0.5,4
1790,Katy Bombers 9U,1,1,0,20,16,0.5,5
1790,Marucci Elite Texas - Holden,0,0,2,21,21,0.5,6
1790,Houston Bandits 9u,0,1,1,22,17,0.25,7
1790,Texans,0,2,0,17,12,0.0,8
1790,Texas Elite Lobos - Gold,0,2,0,24,16,0.0,9
1791,Banditos 9U Texas,2,0,0,11,16,1.0,1
1791,SOUTH COAST CREAM X.,2,0,0,12,24,1.0,2
1791,Houston Bandits 9u,1,0,1,12,21,0.75,3
1791,Lamar Elite - 9U - Red,1,0,1,15,20,0.75,4
1791,LC Legends,1,1,0,18,16,0.5,5
1791,Katy Bombers 9U,1,1,0,20,16,0.5,6
1791,Texans,0,2,0,20,17,0.0,7
1791,Texas Elite Lobos - Gold,0,2,0,24,16,0.0,8
1791,Marucci Elite Texas - Holden,0,2,0,27,13,0.0,9
1792,SOUTH COAST CREAM X.,2,0,0,12,24,1.0,1
1792,Banditos 9U Texas,2,0,0,12,21,1.0,2
1792,Lamar Elite - 9U - Red,2,0,0,19,21,1.0,3
1792,Marucci Elite Texas - Holden,1,1,0,15,18,0.5,4
1792,LC Legends,1,1,0,19,18,0.5,5
1792,Katy Bombers 9U,1,1,0,20,16,0.5,6
1792,Houston Bandits 9u,0,2,0,24,19,0.0,7
1792,Texas Elite Lobos - Gold,0,2,0,24,16,0.0,8
1792,Texans,0,2,0,27,19,0.0,9
1793,SOUTH COAST CREAM X.,2,0,0,12,24,1.0,1
1793,Lamar Elite - 9U - Red,2,0,0,12,17,1.0,2
1793,Banditos 9U Texas,1,0,1,15,19,0.75,3
1793,Marucci Elite Texas - Holden,1,1,0,11,14,0.5,4
1793,Katy Bombers 9U,1,1,0,20,16,0.5,5
1793,Texans,0,0,2,21,21,0.5,6
1793,LC Legends,0,1,1,18,14,0.25,7
1793,Houston Bandits 9u,0,2,0,19,11,0.0,8
1793,Texas Elite Lobos - Gold,0,2,0,24,16,0.0,9
1794,SOUTH COAST CREAM X.,2,0,0,12,24,1.0,1
1794,Houston Bandits 9u,1,1,0,13,18,0.5,2
1794,LC Legends,1,1,0,16,15,0.5,3
1794,Banditos 9U Texas,1,1,0,18,16,0.5,4
1794,Texans,1,1,0,19,22,0.5,5
1794,Katy Bombers 9U,1,1,0,20,16,0.5,6
1794,Lamar Elite - 9U - Red,1,1,0,21,26,0.5,7
1794,Marucci Elite Texas - Holden,1,1,0,28,18,0.5,8
1794,Texas Elite Lobos - Gold,0,2,0,24,16,0.0,9
1795,SOUTH COAST CREAM X.,2,0,0,12,24,1.0,1
1795,Houston Bandits 9u,1,0,1,20,25,0.75,2
1795,LC Legends,1,1,0,12,18,0.5,3
1795,Banditos 9U Texas,1,1,0,16,16,0.5,4
1795,Lamar Elite - 9U - Red,0,0,2,19,19,0.5,5
1795,Katy Bombers 9U,1,1,0,20,16,0.5,6
1795,Texans,1,1,0,22,16,0.5,7
1795,Marucci Elite Texas - Holden,0,1,1,24,19,0.25,8
1795,Texas Elite Lobos - Gold,0,2,0,24,16,0.0,9
1796,Banditos 9U Texas,2,0,0,11,16,1.0,1
1796,SOUTH COAST CREAM X.,2,0,0,12,24,1.0,2
1796,Texans,1,1,0,15,18,0.5,3
1796,Marucci Elite Texas - Holden,1,1,0,16,16,0.5,4
1796,Lamar Elite - 9U - Red,1,1,0,17,16,0.5,5
1796,Houston Bandits 9u,1,1,0,20,21,0.5,6
1796,Katy Bombers 9U,1,1,0,20,16,0.5,7
1796,LC Legends,0,2,0,19,11,0.0,8
1796,Texas Elite Lobos - Gold,0,2,0,24,16,0.0,9
1797,Banditos 9U Texas,2,0,0,11,18,1.0,1
1797,SOUTH COAST CREAM X.,2,0,0,12,24,1.0,2
1797,Houston Bandits 9u,2,0,0,17,22,1.0,3
1797,LC Legends,1,1,0,12,18,0.5,4
1797,Marucci Elite Texas - Holden,1,1,0,17,22,0.5,5
1797,Katy Bombers 9U,1,1,0,20,16,0.5,6
1797,Texas Elite Lobos - Gold,0,2,0,24,16,0.0,7
1797,Lamar Elite - 9U - Red,0,2,0,24,14,0.0,8
1797,Texans,0,2,0,24,11,0.0,9
1798,Texans,2,0,0,11,20,1.0,1
1798,SOUTH COAST CREAM X.,2,0,0,12,24,1.0,2
1798,Houston Bandits 9u,2,0,0,15,22,1.0,3
1798,Banditos 9U Texas,1,1,0,12,11,0.5,4
1798,Lamar Elite - 9U - Red,1,1,0,19,19,0.5,5
1798,Katy Bombers 9U,1,1,0,20,16,0.5,6
1798,LC Legends,0,2,0,20,12,0.0,7
1798,Texas Elite Lobos - Gold,0,2,0,24,16,0.0,8
1798,Marucci Elite Texas - Holden,0,2,0,25,18,0.0,9
1799,SOUTH COAST CREAM X.,2,0,0,12,24,1.0,1
1799,Houston Bandits 9u,2,0,0,19,25,1.0,2
1799,LC Legends,1,1,0,15,12,0.5,3
1799,Texans,1,1,0,16,20,0.5,4
1799,Banditos 9U Texas,1,1,0,17,16,0.5,5
1799,Lamar Elite - 9U - Red,1,1,0,17,15,0.5,6
1799,Katy Bombers 9U,1,1,0,20,16,0.5,7
1799,Marucci Elite Texas - Holden,0,2,0,19,15,0.0,8
1799,Texas Elite Lobos - Gold,0,2,0,24,16,0.0,9
1800,SOUTH COAST CREAM X.,2,0,0,12,24,1.0,1
1800,Lamar Elite - 9U - Red,2,0,0,12,22,1.0,2
1800,LC Legends,1,1,0,13,19,0.5,3
1800,Banditos 9U Texas,1,1,0,13,15,0.5,4
1800,Houston Bandits 9u,1,1,0,15,12,0.5,5
1800,Katy Bombers 9U,1,1,0,20,16,0.5,6
1800,Texans,1,1,0,22,14,0.5,7
1800,Marucci Elite Texas - Holden,0,2,0,22,15,0.0,8
1800,Texas Elite Lobos - Gold,0,2,0,24,16,0.0,9
1801,SOUTH COAST CREAM X.,2,0,0,12,24,1.0,1
1801,Marucci Elite Texas - Holden,1,0,1,16,18,0.75,2
1801,Houston Bandits 9u,1,0,1,17,19,0.75,3
1801,LC Legends,1,1,0,14,13,0.5,4
1801,Texans,1,1,0,18,21,0.5,5
1801,Banditos 9U Texas,1,1,0,19,17,0.5,6
1801,Katy Bombers 9U,1,1,0,20,16,0.5,7
1801,Lamar Elite - 9U - Red,0,2,0,19,15,0.0,8
1801,Texas Elite Lobos - Gold,0,2,0,24,16,0.0,9
1802,SOUTH COAST CREAM X.,2,0,0,12,24,1.0,1
1802,Banditos 9U Texas,2,0,0,15,20,1.0,2
1802,Houston Bandits 9u,2,0,0,20,26,1.0,3
1802,LC Legends,1,1,0,14,15,0.5,4
1802,Lamar Elite - 9U - Red,1,1,0,20,25,0.5,5
1802,Katy Bombers 9U,1,1,0,20,16,0.5,6
1802,Texans,0,2,0,23,17,0.0,7
1802,Texas Elite Lobos - Gold,0,2,0,24,16,0.0,8
1802,Marucci Elite Texas - Holden,0,2,0,27,16,0.0,9
1803,SOUTH COAST CREAM X.,2,0,0,12,24,1.0,1
1803,LC Legends,1,1,0,15,14,0.5,2
1803,Texans,1,1,0,18,22,0.5,3
1803,Houston Bandits 9u,1,1,0,18,20,0.5,4
1803,Banditos 9U Texas,1,1,0,19,16,0.5,5
1803,Lamar Elite - 9U - Red,1,1,0,20,18,0.5,6
1803,Katy Bombers 9U,1,1,0,20,16,0.5,7
1803,Marucci Elite Texas - Holden,1,1,0,21,21,0.5,8
1803,Texas Elite Lobos - Gold,0,2,0,24,16,0.0,9
1804,SOUTH COAST CREAM X.,2,0,0,12,24,1.0,1
1804,Texans,2,0,0,15,29,1.0,2
1804,Marucci Elite Texas - Holden,1,0,1,14,16,0.75,3
1804,Houston Bandits 9u,1,1,0,14,19,0.5,4
1804,Katy Bombers 9U,1,1,0,20,16,0.5,5
1804,Banditos 9U Texas,1,1,0,22,15,0.5,6
1804,Lamar Elite - 9U - Red,0,1,1,21,14,0.25,7
1804,LC Legends,0,2,0,19,12,0.0,8
1804,Texas Elite Lobos - Gold,0,2,0,24,16,0.0,9
1805,SOUTH COAST CREAM X.,2,0,0,12,24,1.0,1
1805,Marucci Elite Texas - Holden,2,0,0,19,30,1.0,2
1805,Banditos 9U Texas,1,0,1,14,18,0.75,3
1805,LC Legends,1,1,0,15,18,0.5,4
1805,Houston Bandits 9u,1,1,0,19,15,0.5,5
1805,Katy Bombers 9U,1,1,0,20,16,0.5,6
1805,Texans,0,1,1,24,17,0.25,7
1805,Lamar Elite - 9U - Red,0,2,0,24,17,0.0,8
1805,Texas Elite Lobos - Gold,0,2,0,24,16,0.0,9
1806,SOUTH COAST CREAM X.,2,0,0,12,24,1.0,1
1806,Lamar Elite - 9U - Red,2,0,0,18,22,1.0,2
1806,LC Legends,1,1,0,15,13,0.5,3
1806,Texans,1,1,0,16,20,0.5,4
1806,Banditos 9U Texas,1,1,0,17,15,0.5,5
1806,Houston Bandits 9u,1,1,0,19,19,0.5,6
1806,Katy Bombers 9U,1,1,0,20,16,0.5,7
1806,Marucci Elite Texas - Holden,0,2,0,24,20,0.0,8
1806,Texas Elite Lobos - Gold,0,2,0,24,16,0.0,9
1807,SOUTH COAST CREAM X.,2,0,0,12,24,1.0,1
1807,Lamar Elite - 9U - Red,2,0,0,15,24,1.0,2
1807,Banditos 9U Texas,1,1,0,16,16,0.5,3
1807,Houston Bandits 9u,1,1,0,17,24,0.5,4
1807,Katy Bombers 9U,1,1,0,20,16,0.5,5
1807,LC Legends,1,1,0,21,18,0.5,6
1807,Texans,1,1,0,22,25,0.5,7
1807,Texas Elite Lobos - Gold,0,2,0,24,16,0.0,8
1807,Marucci Elite Texas - Holden,0,2,0,27,11,0.0,9
1808,SOUTH COAST CREAM X.,2,0,0,12,24,1.0,1
1808,Texans,1,0,1,17,19,0.75,2
1808,Lamar Elite - 9U - Red,1,1,0,14,15,0.5,3
1808,Marucci Elite Texas - Holden,1,1,0,14,15,0.5,4
1808,Banditos 9U Texas,1,1,0,15,17,0.5,5
1808,Houston Bandits 9u,1,1,0,16,14,0.5,6
1808,Katy Bombers 9U,1,1,0,20,16,0.5,7
1808,LC Legends,0,1,1,16,12,0.25,8
1808,Texas Elite Lobos - Gold,0,2,0,24,16,0.0,9
1809,Banditos 9U Texas,2,0,0,9,16,1.0,1
1809,Marucci Elite Texas - Holden,2,0,0,10,20,1.0,2
1809,SOUTH COAST CREAM X.,2,0,0,12,24,1.0,3
1809,Houston Bandits 9u,1,1,0,15,10,0.5,4
1809,LC Legends,1,1,0,18,20,0.5,5
1809,Katy Bombers 9U,1,1,0,20,16,0.5,6
1809,Lamar Elite - 9U - Red,0,2,0,19,14,0.0,7
1809,Texas Elite Lobos - Gold,0,2,0,24,16,0.0,8
1809,Texans,0,2,0,24,15,0.0,9
1810,SOUTH COAST CREAM X.,2,0,0,12,24,1.0,1
1810,Banditos 9U Texas,2,0,0,12,17,1.0,2
1810,LC Legends,1,1,0,13,16,0.5,3
1810,Marucci Elite Texas - Holden,1,1,0,16,18,0.5,4
1810,Lamar Elite - 9U - Red,1,1,0,19,16,0.5,5
1810,Katy Bombers 9U,1,1,0,20,16,0.5,6
1810,Houston Bandits 9u,1,1,0,22,23,0.5,7
1810,Texans,0,2,0,21,13,0.0,8
1810,Texas Elite Lobos - Gold,0,2,0,24,16,0.0,9
1811,SOUTH COAST CREAM X.,2,0,0,12,24,1.0,1
1811,Banditos 9U Texas,2,0,0,13,20,1.0,2
1811,Lamar Elite - 9U - Red,2,0,0,20,28,1.0,3
1811,Katy Bombers 9U,1,1,0,20,16,0.5,4
1811,Marucci Elite Texas - Holden,1,1,0,25,24,0.5,5
1811,LC Legends,0,1,1,16,12,0.25,6
1811,Texans,0,1,1,20,17,0.25,7
1811,Texas Elite Lobos - Gold,0,2,0,24,16,0.0,8
1811,Houston Bandits 9u,0,2,0,26,19,0.0,9
1812,SOUTH COAST CREAM X.,2,0,0,12,24,1.0,1
1812,Texans,2,0,0,18,26,1.0,2
1812,Houston Bandits 9u,2,0,0,19,21,1.0,3
1812,Lamar Elite - 9U - Red,1,1,0,18,24,0.5,4
1812,Banditos 9U Texas,1,1,0,20,17,0.5,5
1812,Katy Bombers 9U,1,1,0,20,16,0.5,6
1812,LC Legends,0,2,0,18,13,0.0,7
1812,Texas Elite Lobos - Gold,0,2,0,24,16,0.0,8
1812,Marucci Elite Texas - Holden,0,2,0,26,18,0.0,9
1813,SOUTH COAST CREAM X.,2,0,0,12,24,1.0,1
1813,Lamar Elite - 9U - Red,2,0,0,16,23,1.0,2
1813,Texans,2,0,0,19,23,1.0,3
1813,Banditos 9U Texas,1,1,0,15,17,0.5,4
1813,Marucci Elite Texas - Holden,1,1,0,20,23,0.5,5
1813,Katy Bombers 9U,1,1,0,20,16,0.5,6
1813,LC Legends,0,2,0,20,14,0.0,7
1813,Texas Elite Lobos - Gold,0,2,0,24,16,0.0,8
1813,Houston Bandits 9u,0,2,0,24,14,0.0,9
1814,SOUTH COAST CREAM X.,2,0,0,12,24,1.0,1
1814,Houston Bandits 9u,2,0,0,16,28,1.0,2
1814,Banditos 9U Texas,1,1,0,19,20,0.5,3
1814,LC Legends,1,1,0,20,17,0.5,4
1814,Katy Bombers 9U,1,1,0,20,16,0.5,5
1814,Lamar Elite - 9U - Red,1,1,0,24,15,0.5,6
1814,Texans,1,1,0,25,27,0.5,7
1814,Marucci Elite Texas - Holden,0,2,0,21,18,0.0,8
1814,Texas Elite Lobos - Gold,0,2,0,24,16,0.0,9
1815,SOUTH COAST CREAM X.,2,0,0,12,24,1.0,1
1815,Lamar Elite - 9U - Red,2,0,0,15,18,1.0,2
1815,LC Legends,1,1,0,12,14,0.5,3
1815,Marucci Elite Texas - Holden,1,1,0,16,23,0.5,4
1815,Texans,1,1,0,18,19,0.5,5
1815,Banditos 9U Texas,1,1,0,19,16,0.5,6
1815,Katy Bombers 9U,1,1,0,20,16,0.5,7
1815,Houston Bandits 9u,0,2,0,23,13,0.0,8
1815,Texas Elite Lobos - Gold,0,2,0,24,16,0.0,9
1816,SOUTH COAST CREAM X.,2,0,0,12,24,1.0,1
1816,Texans,2,0,0,16,24,1.0,2
1816,Houston Bandits 9u,2,0,0,21,32,1.0,3
1816,Marucci Elite Texas - Holden,1,1,0,15,23,0.5,4
1816,Banditos 9U Texas,1,1,0,17,15,0.5,5
1816,Katy Bombers 9U,1,1,0,20,16,0.5,6
1816,LC Legends,0,2,0,19,13,0.0,7
1816,Texas Elite Lobos - Gold,0,2,0,24,16,0.0,8
1816,Lamar Elite - 9U - Red,0,2,0,32,13,0.0,9
1817,Houston Bandits 9u,2,0,0,10,17,1.0,1
1817,SOUTH COAST CREAM X.,2,0,0,12,24,1.0,2
1817,Banditos 9U Texas,1,0,1,11,15,0.75,3
1817,Texans,1,0,1,14,15,0.75,4
1817,Marucci Elite Texas - Holden,1,1,0,17,17,0.5,5
1817,Katy Bombers 9U,1,1,0,20,16,0.5,6
1817,LC Legends,0,2,0,16,11,0.0,7
1817,Lamar Elite - 9U - Red,0,2,0,21,14,0.0,8
1817,Texas Elite Lobos - Gold,0,2,0,24,16,0.0,9
1818,SOUTH COAST CREAM X.,2,0,0,12,24,1.0,1
1818,Houston Bandits 9u,2,0,0,14,24,1.0,2
1818,LC Legends,1,1,0,15,20,0.5,3
1818,Banditos 9U Texas,1,1,0,17,16,0.5,4
1818,Katy Bombers 9U,1,1,0,20,16,0.5,5
1818,Lamar Elite - 9U - Red,1,1,0,21,18,0.5,6
1818,Texans,1,1,0,24,20,0.5,7
1818,Marucci Elite Texas - Holden,0,2,0,20,13,0.0,8
1818,Texas Elite Lobos - Gold,0,2,0,24,16,0.0,9
1819,SOUTH COAST CREAM X.,2,0,0,12,24,1.0,1
1819,Marucci Elite Texas - Holden,1,0,1,16,18,0.75,2
1819,Houston Bandits 9u,1,1,0,14,23,0.5,3
1819,LC Legends,1,1,0,15,17,0.5,4
1819,Banditos 9U Texas,1,1,0,17,15,0.5,5
1819,Texans,1,1,0,20,20,0.5,6
1819,Katy Bombers 9U,1,1,0,20,16,0.5,7
1819,Lamar Elite - 9U - Red,0,1,1,25,14,0.25,8
1819,Texas Elite Lobos - Gold,0,2,0,24,16,0.0,9
1820,SOUTH COAST CREAM X.,2,0,0,12,24,1.0,1
1820,Banditos 9U Texas,2,0,0,12,23,1.0,2
1820,Lamar Elite - 9U - Red,1,1,0,12,20,0.5,3
1820,LC Legends,1,1,0,13,13,0.5,4
1820,Marucci Elite Texas - Holden,1,1,0,17,16,0.5,5
1820,Houston Bandits 9u,1,1,0,19,12,0.5,6
1820,Katy Bombers 9U,1,1,0,20,16,0.5,7
1820,Texas Elite Lobos - Gold,0,2,0,24,16,0.0,8
1820,Texans,0,2,0,24,13,0.0,9
1821,SOUTH COAST CREAM X.,2,0,0,12,24,1.0,1
1821,Houston Bandits 9u,2,0,0,15,20,1.0,2
1821,Banditos 9U Texas,1,1,0,12,11,0.5,3
1821,LC Legends,1,1,0,14,15,0.5,4
1821,Texans,1,1,0,14,14,0.5,5
1821,Marucci Elite Texas - Holden,1,1,0,17,19,0.5,6
1821,Katy Bombers 9U,1,1,0,20,16,0.5,7
1821,Lamar Elite - 9U - Red,0,2,0,20,13,0.0,8
1821,Texas Elite Lobos - Gold,0,2,0,24,16,0.0,9
1822,SOUTH COAST CREAM X.,2,0,0,12,24,1.0,1
1822,Banditos 9U Texas,2,0,0,15,21,1.0,2
1822,Houston Bandits 9u,2,0,0,19,24,1.0,3
1822,Katy Bombers 9U,1,1,0,20,16,0.5,4
1822,Lamar Elite - 9U - Red,1,1,0,21,20,0.5,5
1822,Texans,1,1,0,24,23,0.5,6
1822,Marucci Elite Texas - Holden,0,2,0,20,16,0.0,7
1822,LC Legends,0,2,0,20,15,0.0,8
1822,Texas Elite Lobos - Gold,0,2,0,24,16,0.0,9
1823,SOUTH COAST CREAM X.,2,0,0,12,24,1.0,1
1823,Houston Bandits 9u,2,0,0,13,25,1.0,2
1823,Banditos 9U Texas,1,1,0,14,14,0.5,3
1823,LC Legends,1,1,0,18,17,0.5,4
1823,Lamar Elite - 9U - Red,1,1,0,18,13,0.5,5
1823,Texans,1,1,0,19,20,0.5,6
1823,Katy Bombers 9U,1,1,0,20,16,0.5,7
1823,Marucci Elite Texas - Holden,0,2,0,22,15,0.0,8
1823,Texas Elite Lobos - Gold,0,2,0,24,16,0.0,9
1824,Banditos 9U Texas,2,0,0,10,22,1.0,1
1824,SOUTH COAST CREAM X.,2,0,0,12,24,1.0,2
1824,LC Legends,1,1,0,17,22,0.5,3
1824,Houston Bandits 9u,1,1,0,18,23,0.5,4
1824,Lamar Elite - 9U - Red,1,1,0,19,15,0.5,5
1824,Katy Bombers 9U,1,1,0,20,16,0.5,6
1824,Marucci Elite Texas - Holden,1,1,0,21,20,0.5,7
1824,Texas Elite Lobos - Gold,0,2,0,24,16,0.0,8
1824,Texans,0,2,0,32,15,0.0,9
1825,SOUTH COAST CREAM X.,2,0,0,12,24,1.0,1
1825,Texans,2,0,0,15,28,1.0,2
1825,Lamar Elite - 9U - Red,1,1,0,16,18,0.5,3
1825,Marucci Elite Texas - Holden,1,1,0,17,18,0.5,4
1825,Houston Bandits 9u,1,1,0,19,16,0.5,5
1825,Katy Bombers 9U,1,1,0,20,16,0.5,6
1825,Banditos 9U Texas,1,1,0,20,14,0.5,7
1825,LC Legends,0,2,0,20,13,0.0,8
1825,Texas Elite Lobos - Gold,0,2,0,24,16,0.0,9
1826,SOUTH COAST CREAM X.,2,0,0,12,24,1.0,1
1826,Lamar Elite - 9U - Red,2,0,0,15,19,1.0,2
1826,Banditos 9U Texas,2,0,0,16,23,1.0,3
1826,LC Legends,1,1,0,16,15,0.5,4
1826,Houston Bandits 9u,1,1,0,19,26,0.5,5
1826,Katy Bombers 9U,1,1,0,20,16,0.5,6
1826,Texas Elite Lobos - Gold,0,2,0,24,16,0.0,7
1826,Texans,0,2,0,26,20,0.0,8
1826,Marucci Elite Texas - Holden,0,2,0,28,17,0.0,9
1827,SOUTH COAST CREAM X.,2,0,0,12,24,1.0,1
1827,Lamar Elite - 9U - Red,2,0,0,14,21,1.0,2
1827,Banditos 9U Texas,1,1,0,12,11,0.5,3
1827,LC Legends,1,1,0,15,20,0.5,4
1827,Texans,1,1,0,19,15,0.5,5
1827,Katy Bombers 9U,1,1,0,20,16,0.5,6
1827,Houston Bandits 9u,0,1,1,20,18,0.25,7
1827,Marucci Elite Texas - Holden,0,1,1,21,16,0.25,8
1827,Texas Elite Lobos - Gold,0,2,0,24,16,0.0,9
1828,SOUTH COAST CREAM X.,2,0,0,12,24,1.0,1
1828,Banditos 9U Texas,2,0,0,15,20,1.0,2
1828,LC Legends,1,1,0,13,17,0.5,3
1828,Marucci Elite Texas - Holden,1,1,0,20,22,0.5,4
1828,Katy Bombers 9U,1,1,0,20,16,0.5,5
1828,Houston Bandits 9u,1,1,0,22,21,0.5,6
1828,Lamar Elite - 9U - Red,1,1,0,27,26,0.5,7
1828,Texas Elite Lobos - Gold,0,2,0,24,16,0.0,8
1828,Texans,0,2,0,25,16,0.0,9
1829,Banditos 9U Texas,2,0,0,10,15,1.0,1
1829,SOUTH COAST CREAM X.,2,0,0,12,24,1.0,2
1829,Houston Bandits 9u,1,0,1,16,20,0.75,3
1829,LC Legends,1,1,0,14,14,0.5,4
1829,Lamar Elite - 9U - Red,1,1,0,19,18,0.5,5
1829,Katy Bombers 9U,1,1,0,20,16,0.5,6
1829,Marucci Elite Texas - Holden,0,1,1,20,17,0.25,7
1829,Texans,0,2,0,17,12,0.0,8
1829,Texas Elite Lobos - Gold,0,2,0,24,16,0.0,9
1830,SOUTH COAST CREAM X.,2,0,0,12,24,1.0,1
1830,Houston Bandits 9u,2,0,0,18,32,1.0,2
1830,Banditos 9U Texas,1,0,1,10,14,0.75,3
1830,Texans,1,0,1,13,15,0.75,4
1830,Marucci Elite Texas - Holden,1,1,0,20,20,0.5,5
1830,Katy Bombers 9U,1,1,0,20,16,0.5,6
1830,LC Legends,0,2,0,17,11,0.0,7
1830,Texas Elite Lobos - Gold,0,2,0,24,16,0.0,8
1830,Lamar Elite - 9U - Red,0,2,0,28,14,0.0,9
1831,SOUTH COAST CREAM X.,2,0,0,12,24,1.0,1
1831,Marucci Elite Texas - Holden,2,0,0,12,21,1.0,2
1831,LC Legends,1,1,0,14,17,0.5,3
1831,Lamar Elite - 9U - Red,1,1,0,17,16,0.5,4
1831,Banditos 9U Texas,1,1,0,20,17,0.5,5
1831,Katy Bombers 9U,1,1,0,20,16,0.5,6
1831,Texans,1,1,0,22,22,0.5,7
1831,Houston Bandits 9u,0,2,0,18,10,0.0,8
1831,Texas Elite Lobos - Gold,0,2,0,24,16,0.0,9
1832,SOUTH COAST CREAM X.,2,0,0,12,24,1.0,1
1832,Marucci Elite Texas - Holden,2,0,0,14,17,1.0,2
1832,Banditos 9U Texas,1,1,0,13,15,0.5,3
1832,Lamar Elite - 9U - Red,1,1,0,16,18,0.5,4
1832,LC Legends,1,1,0,16,15,0.5,5
1832,Texans,1,1,0,18,17,0.5,6
1832,Katy Bombers 9U,1,1,0,20,16,0.5,7
1832,Texas Elite Lobos - Gold,0,2,0,24,16,0.0,8
1832,Houston Bandits 9u,0,2,0,26,21,0.0,9
1833,SOUTH COAST CREAM X.,2,0,0,12,24,1.0,1
1833,Houston Bandits 9u,2,0,0,12,22,1.0,2
1833,Banditos 9U Texas,1,1,0,15,16,0.5,3
1833,LC Legends,1,1,0,16,14,0.5,4
1833,Marucci Elite Texas - Holden,1,1,0,17,21,0.5,5
1833,Texans,1,1,0,18,19,0.5,6
1833,Katy Bombers 9U,1,1,0,20,16,0.5,7
1833,Texas Elite Lobos - Gold,0,2,0,24,16,0.0,8
1833,Lamar Elite - 9U - Red,0,2,0,27,13,0.0,9
1834,SOUTH COAST CREAM X.,2,0,0,12,24,1.0,1
1834,Houston Bandits 9u,2,0,0,14,21,1.0,2
1834,Banditos 9U Texas,1,0,1,11,15,0.75,3
1834,Texans,1,0,1,12,16,0.75,4
1834,Lamar Elite - 9U - Red,1,1,0,19,21,0.5,5
1834,Katy Bombers 9U,1,1,0,20,16,0.5,6
1834,LC Legends,0,2,0,17,9,0.0,7
1834,Marucci Elite Texas - Holden,0,2,0,21,12,0.0,8
1834,Texas Elite Lobos - Gold,0,2,0,24,16,0.0,9
1835,Banditos 9U Texas,2,0,0,11,18,1.0,1
1835,SOUTH COAST CREAM X.,2,0,0,12,24,1.0,2
1835,Houston Bandits 9u,1,1,0,19,26,0.5,3
1835,Katy Bombers 9U,1,1,0,20,16,0.5,4
1835,Lamar Elite - 9U - Red,1,1,0,23,20,0.5,5
1835,Marucci Elite Texas - Holden,1,1,0,24,20,0.5,6
1835,LC Legends,0,1,1,18,14,0.25,7
1835,Texans,0,1,1,20,17,0.25,8
1835,Texas Elite Lobos - Gold,0,2,0,24,16,0.0,9
1836,SOUTH COAST CREAM X.,2,0,0,12,24,1.0,1
1836,Banditos 9U Texas,1,1,0,15,16,0.5,2
1836,LC Legends,1,1,0,17,14,0.5,3
1836,Lamar Elite - 9U - Red,1,1,0,18,25,0.5,4
1836,Texans,1,1,0,18,20,0.5,5
1836,Katy Bombers 9U,1,1,0,20,16,0.5,6
1836,Marucci Elite Texas - Holden,1,1,0,21,15,0.5,7
1836,Houston Bandits 9u,1,1,0,22,21,0.5,8
1836,Texas Elite Lobos - Gold,0,2,0,24,16,0.0,9
1837,Marucci Elite Texas - Holden,2,0,0,11,26,1.0,1
1837,SOUTH COAST CREAM X.,2,0,0,12,24,1.0,2
1837,LC Legends,1,1,0,14,12,0.5,3
1837,Banditos 9U Texas,1,1,0,16,19,0.5,4
1837,Texans,1,1,0,19,18,0.5,5
1837,Lamar Elite - 9U - Red,1,1,0,19,15,0.5,6
1837,Katy Bombers 9U,1,1,0,20,16,0.5,7
1837,Texas Elite Lobos - Gold,0,2,0,24,16,0.0,8
1837,Houston Bandits 9u,0,2,0,26,15,0.0,9
1838,Banditos 9U Texas,2,0,0,11,19,1.0,1
1838,SOUTH COAST CREAM X.,2,0,0,12,24,1.0,2
1838,Houston Bandits 9u,2,0,0,18,23,1.0,3
1838,Marucci Elite Texas - Holden,1,1,0,12,13,0.5,4
1838,LC Legends,1,1,0,17,15,0.5,5
1838,Katy Bombers 9U,1,1,0,20,16,0.5,6
1838,Texans,0,2,0,22,16,0.0,7
1838,Texas Elite Lobos - Gold,0,2,0,24,16,0.0,8
1838,Lamar Elite - 9U - Red,0,2,0,25,19,0.0,9
1839,SOUTH COAST CREAM X.,2,0,0,12,24,1.0,1
1839,Marucci Elite Texas - Holden,2,0,0,13,17,1.0,2
1839,Banditos 9U Texas,1,0,1,11,15,0.75,3
1839,LC Legends,1,1,0,16,16,0.5,4
1839,Houston Bandits 9u,1,1,0,17,18,0.5,5
1839,Katy Bombers 9U,1,1,0,20,16,0.5,6
1839,Texans,0,1,1,19,15,0.25,7
1839,Lamar Elite - 9U - Red,0,2,0,18,13,0.0,8
1839,Texas Elite Lobos - Gold,0,2,0,24,16,0.0,9
1840,SOUTH COAST CREAM X.,2,0,0,12,24,1.0,1
1840,Marucci Elite Texas - Holden,2,0,0,15,23,1.0,2
1840,Texans,2,0,0,20,30,1.0,3
1840,Banditos 9U Texas,1,1,0,19,16,0.5,4
1840,Katy Bombers 9U,1,1,0,20,16,0.5,5
1840,Lamar Elite - 9U - Red,1,1,0,22,17,0.5,6
1840,Houston Bandits 9u,0,2,0,18,15,0.0,7
1840,LC Legends,0,2,0,23,16,0.0,8
1840,Texas Elite Lobos - Gold,0,2,0,24,16,0.0,9
1841,SOUTH COAST CREAM X.,2,0,0,12,24,1.0,1
1841,Marucci Elite Texas - Holden,2,0,0,17,21,1.0,2
1841,Texans,2,0,0,18,31,1.0,3
1841,Houston Bandits 9u,1,1,0,14,21,0.5,4
1841,Banditos 9U Texas,1,1,0,19,15,0.5,5
1841,Katy Bombers 9U,1,1,0,20,16,0.5,6
1841,Texas Elite Lobos - Gold,0,2,0,24,16,0.0,7
1841,LC Legends,0,2,0,24,15,0.0,8
1841,Lamar Elite - 9U - Red,0,2,0,27,16,0.0,9
1842,Houston Bandits 9u,2,0,0,9,26,1.0,1
1842,SOUTH COAST CREAM X.,2,0,0,12,24,1.0,2
1842,LC Legends,1,1,0,12,17,0.5,3
1842,Banditos 9U Texas,1,1,0,13,16,0.5,4
1842,Lamar Elite - 9U - Red,1,1,0,16,20,0.5,5
1842,Katy Bombers 9U,1,1,0,20,16,0.5,6
1842,Texans,1,1,0,21,13,0.5,7
1842,Texas Elite Lobos - Gold,0,2,0,24,16,0.0,8
1842,Marucci Elite Texas - Holden,0,2,0,29,8,0.0,9
1843,Banditos 9U Texas,2,0,0,10,16,1.0,1
1843,SOUTH COAST CREAM X.,2,0,0,12,24,1.0,2
1843,Houston Bandits 9u,2,0,0,17,22,1.0,3
1843,Marucci Elite Texas - Holden,1,1,0,17,19,0.5,4
1843,LC Legends,1,1,0,18,20,0.5,5
1843,Katy Bombers 9U,1,1,0,20,16,0.5,6
1843,Lamar Elite - 9U - Red,0,2,0,20,13,0.0,7
1843,Texans,0,2,0,24,16,0.0,8
1843,Texas Elite Lobos - Gold,0,2,0,24,16,0.0,9
1844,SOUTH COAST CREAM X.,2,0,0,12,24,1.0,1
1844,Marucci Elite Texas - Holden,2,0,0,14,24,1.0,2
1844,Banditos 9U Texas,1,0,1,14,18,0.75,3
1844,LC Legends,1,1,0,14,11,0.5,4
1844,Katy Bombers 9U,1,1,0,20,16,0.5,5
1844,Lamar Elite - 9U - Red,1,1,0,23,21,0.5,6
1844,Texans,0,1,1,17,16,0.25,7
1844,Texas Elite Lobos - Gold,0,2,0,24,16,0.0,8
1844,Houston Bandits 9u,0,2,0,25,17,0.0,9
1845,SOUTH COAST CREAM X.,2,0,0,12,24,1.0,1
1845,Lamar Elite - 9U - Red,2,0,0,15,27,1.0,2
1845,Texans,1,0,1,14,19,0.75,3
1845,Banditos 9U Texas,1,1,0,17,16,0.5,4
1845,Katy Bombers 9U,1,1,0,20,16,0.5,5
1845,Marucci Elite Texas - Holden,1,1,0,24,15,0.5,6
1845,LC Legends,0,1,1,14,10,0.25,7
1845,Houston Bandits 9u,0,2,0,20,17,0.0,8
1845,Texas Elite Lobos - Gold,0,2,0,24,16,0.0,9
1846,SOUTH COAST CREAM X.,2,0,0,12,24,1.0,1
1846,Banditos 9U Texas,2,0,0,12,17,1.0,2
1846,Houston Bandits 9u,1,1,0,15,18,0.5,3
1846,LC Legends,1,1,0,15,15,0.5,4
1846,Marucci Elite Texas - Holden,1,1,0,18,17,0.5,5
1846,Katy Bombers 9U,1,1,0,20,16,0.5,6
1846,Lamar Elite - 9U - Red,1,1,0,23,21,0.5,7
1846,Texans,0,2,0,20,15,0.0,8
1846,Texas Elite Lobos - Gold,0,2,0,24,16,0.0,9
1847,Banditos 9U Texas,2,0,0,8,17,1.0,1
1847,SOUTH COAST CREAM X.,2,0,0,12,24,1.0,2
1847,Lamar Elite - 9U - Red,1,1,0,15,19,0.5,3
1847,Marucci Elite Texas - Holden,1,1,0,15,13,0.5,4
1847,Katy Bombers 9U,1,1,0,20,16,0.5,5
1847,Houston Bandits 9u,1,1,0,21,19,0.5,6
1847,LC Legends,0,1,1,16,12,0.25,7
1847,Texans,0,1,1,17,12,0.25,8
1847,Texas Elite Lobos - Gold,0,2,0,24,16,0.0,9
1848,SOUTH COAST CREAM X.,2,0,0,12,24,1.0,1
1848,Houston Bandits 9u,1,0,1,17,22,0.75,2
1848,Banditos 9U Texas,1,0,1,17,21,0.75,3
1848,Marucci Elite Texas - Holden,1,0,1,18,22,0.75,4
1848,LC Legends,1,1,0,14,16,0.5,5
1848,Katy Bombers 9U,1,1,0,20,16,0.5,6
1848,Texans,0,1,1,25,19,0.25,7
1848,Texas Elite Lobos - Gold,0,2,0,24,16,0.0,8
1848,Lamar Elite - 9U - Red,0,2,0,28,19,0.0,9
1849,Banditos 9U Texas,2,0,0,9,16,1.0,1
1849,SOUTH COAST CREAM X.,2,0,0,12,24,1.0,2
1849,Houston Bandits 9u,2,0,0,17,30,1.0,3
1849,Texans,1,1,0,14,14,0.5,4
1849,Marucci Elite Texas - Holden,1,1,0,20,18,0.5,5
1849,Katy Bombers 9U,1,1,0,20,16,0.5,6
1849,LC Legends,0,2,0,17,10,0.0,7
1849,Texas Elite Lobos - Gold,0,2,0,24,16,0.0,8
1849,Lamar Elite - 9U - Red,0,2,0,28,17,0.0,9
1850,SOUTH COAST CREAM X.,2,0,0,12,24,1.0,1
1850,Banditos 9U Texas,2,0,0,12,20,1.0,2
1850,LC Legends,1,1,0,15,13,0.5,3
1850,Lamar Elite - 9U - Red,1,1,0,17,21,0.5,4
1850,Katy Bombers 9U,1,1,0,20,16,0.5,5
1850,Marucci Elite Texas - Holden,1,1,0,23,18,0.5,6
1850,Houston Bandits 9u,1,1,0,24,25,0.5,7
1850,Texans,0,2,0,21,15,0.0,8
1850,Texas Elite Lobos - Gold,0,2,0,24,16,0.0,9
1851,SOUTH COAST CREAM X.,2,0,0,12,24,1.0,1
1851,Lamar Elite - 9U - Red,2,0,0,16,28,1.0,2
1851,Texans,2,0,0,18,29,1.0,3
1851,Banditos 9U Texas,1,1,0,19,17,0.5,4
1851,Katy Bombers 9U,1,1,0,20,16,0.5,5
1851,Houston Bandits 9u,1,1,0,22,18,0.5,6
1851,LC Legends,0,2,0,22,13,0.0,7
1851,Texas Elite Lobos - Gold,0,2,0,24,16,0.0,8
1851,Marucci Elite Texas - Holden,0,2,0,27,19,0.0,9
1852,SOUTH COAST CREAM X.,2,0,0,12,24,1.0,1
1852,Banditos 9U Texas,1,0,1,11,15,0.75,2
1852,Lamar Elite - 9U - Red,1,0,1,16,17,0.75,3
1852,LC Legends,1,1,0,13,17,0.5,4
1852,Marucci Elite Texas - Holden,1,1,0,19,22,0.5,5
1852,Katy Bombers 9U,1,1,0,20,16,0.5,6
1852,Texans,0,1,1,20,12,0.25,7
1852,Houston Bandits 9u,0,1,1,22,18,0.25,8
1852,Texas Elite Lobos - Gold,0,2,0,24,16,0.0,9
1853,SOUTH COAST CREAM X.,2,0,0,12,24,1.0,1
1853,Texans,1,1,0,12,16,0.5,2
1853,LC Legends,1,1,0,13,13,0.5,3
1853,Marucci Elite Texas - Holden,1,1,0,15,14,0.5,4
1853,Banditos 9U Texas,1,1,0,15,11,0.5,5
1853,Lamar Elite - 9U - Red,1,1,0,16,17,0.5,6
1853,Houston Bandits 9u,1,1,0,18,18,0.5,7
1853,Katy Bombers 9U,1,1,0,20,16,0.5,8
1853,Texas Elite Lobos - Gold,0,2,0,24,16,0.0,9
1854,SOUTH COAST CREAM X.,2,0,0,12,24,1.0,1
1854,Banditos 9U Texas,1,0,1,11,15,0.75,2
1854,Lamar Elite - 9U - Red,1,1,0,10,12,0.5,3
1854,Houston Bandits 9u,1,1,0,11,8,0.5,4
1854,Marucci Elite Texas - Holden,1,1,0,12,13,0.5,5
1854,Katy Bombers 9U,1,1,0,20,16,0.5,6
1854,LC Legends,1,1,0,21,20,0.5,7
1854,Texans,0,1,1,23,20,0.25,8
1854,Texas Elite Lobos - Gold,0,2,0,24,16,0.0,9
1855,SOUTH COAST CREAM X.,2,0,0,12,24,1.0,1
1855,LC Legends,1,1,0,13,12,0.5,2
1855,Banditos 9U Texas,1,1,0,15,18,0.5,3
1855,Texans,1,1,0,18,16,0.5,4
1855,Katy Bombers 9U,1,1,0,20,16,0.5,5
1855,Lamar Elite - 9U - Red,1,1,0,23,24,0.5,6
1855,Marucci Elite Texas - Holden,1,1,0,23,23,0.5,7
1855,Houston Bandits 9u,1,1,0,23,22,0.5,8
1855,Texas Elite Lobos - Gold,0,2,0,24,16,0.0,9
1856,SOUTH COAST CREAM X.,2,0,0,12,24,1.0,1
1856,Banditos 9U Texas,1,0,1,12,16,0.75,2
1856,Texans,1,0,1,14,18,0.75,3
1856,Houston Bandits 9u,1,0,1,21,25,0.75,4
1856,Katy Bombers 9U,1,1,0,20,16,0.5,5
1856,Lamar Elite - 9U - Red,1,1,0,24,24,0.5,6
1856,Marucci Elite Texas - Holden,0,1,1,25,21,0.25,7
1856,LC Legends,0,2,0,18,10,0.0,8
1856,Texas Elite Lobos - Gold,0,2,0,24,16,0.0,9
1857,Banditos 9U Texas,2,0,0,10,15,1.0,1
1857,SOUTH COAST CREAM X.,2,0,0,12,24,1.0,2
1857,Lamar Elite - 9U - Red,2,0,0,14,21,1.0,3
1857,Houston Bandits 9u,1,1,0,13,14,0.5,4
1857,Katy Bombers 9U,1,1,0,20,16,0.5,5
1857,Texans,0,1,1,18,17,0.25,6
1857,LC Legends,0,1,1,19,15,0.25,7
1857,Marucci Elite Texas - Holden,0,2,0,18,10,0.0,8
1857,Texas Elite Lobos - Gold,0,2,0,24,16,0.0,9
1858,Texans,2,0,0,9,21,1.0,1
1858,SOUTH COAST CREAM X.,2,0,0,12,24,1.0,2
1858,Marucci Elite Texas - Holden,1,0,1,15,16,0.75,3
1858,Lamar Elite - 9U - Red,1,0,1,18,20,0.75,4
1858,Banditos 9U Texas,1,1,0,17,13,0.5,5
1858,Katy Bombers 9U,1,1,0,20,16,0.5,6
1858,LC Legends,0,2,0,16,8,0.0,7
1858,Houston Bandits 9u,0,2,0,20,17,0.0,8
1858,Texas Elite Lobos - Gold,0,2,0,24,16,0.0,9
1859,SOUTH COAST CREAM X.,2,0,0,12,24,1.0,1
1859,Houston Bandits 9u,2,0,0,18,23,1.0,2
1859,Banditos 9U Texas,1,1,0,13,16,0.5,3
1859,LC Legends,1,1,0,15,18,0.5,4
1859,Lamar Elite - 9U - Red,1,1,0,19,19,0.5,5
1859,Katy Bombers 9U,1,1,0,20,16,0.5,6
1859,Texans,1,1,0,22,16,0.5,7
1859,Marucci Elite Texas - Holden,0,2,0,19,14,0.0,8
1859,Texas Elite Lobos - Gold,0,2,0,24,16,0.0,9
1860,Banditos 9U Texas,2,0,0,9,17,1.0,1
1860,SOUTH COAST CREAM X.,2,0,0,12,24,1.0,2
1860,Lamar Elite - 9U - Red,2,0,0,20,25,1.0,3
1860,LC Legends,1,1,0,17,14,0.5,4
1860,Katy Bombers 9U,1,1,0,20,16,0.5,5
1860,Houston Bandits 9u,1,1,0,24,23,0.5,6
1860,Texans,0,2,0,19,14,0.0,7
1860,Marucci Elite Texas - Holden,0,2,0,20,16,0.0,8
1860,Texas Elite Lobos - Gold,0,2,0,24,16,0.0,9
1861,SOUTH COAST CREAM X.,2,0,0,12,24,1.0,1
1861,Houston Bandits 9u,2,0,0,13,22,1.0,2
1861,Texans,2,0,0,19,28,1.0,3
1861,Banditos 9U Texas,1,1,0,18,20,0.5,4
1861,Katy Bombers 9U,1,1,0,20,16,0.5,5
1861,Lamar Elite - 9U - Red,1,1,0,22,18,0.5,6
1861,Marucci Elite Texas - Holden,0,2,0,20,15,0.0,7
1861,LC Legends,0,2,0,22,11,0.0,8
1861,Texas Elite Lobos - Gold,0,2,0,24,16,0.0,9
1862,Banditos 9U Texas,2,0,0,10,17,1.0,1
1862,SOUTH COAST CREAM X.,2,0,0,12,24,1.0,2
1862,Lamar Elite - 9U - Red,1,0,1,18,26,0.75,3
1862,Houston Bandits 9u,1,0,1,18,21,0.75,4
1862,LC Legends,1,1,0,15,17,0.5,5
1862,Katy Bombers 9U,1,1,0,20,16,0.5,6
1862,Texans,0,2,0,22,13,0.0,7
1862,Texas Elite Lobos - Gold,0,2,0,24,16,0.0,8
1862,Marucci Elite Texas - Holden,0,2,0,29,18,0.0,9
1863,Houston Bandits 9u,2,0,0,11,22,1.0,1
1863,SOUTH COAST CREAM X.,2,0,0,12,24,1.0,2
1863,Banditos 9U Texas,1,1,0,14,14,0.5,3
1863,Lamar Elite - 9U - Red,1,1,0,17,21,0.5,4
1863,LC Legends,1,1,0,18,18,0.5,5
1863,Texans,1,1,0,20,20,0.5,6
1863,Katy Bombers 9U,1,1,0,20,16,0.5,7
1863,Texas Elite Lobos - Gold,0,2,0,24,16,0.0,8
1863,Marucci Elite Texas - Holden,0,2,0,24,9,0.0,9
1864,Texans,2,0,0,11,20,1.0,1
1864,SOUTH COAST CREAM X.,2,0,0,12,24,1.0,2
1864,Houston Bandits 9u,2,0,0,19,22,1.0,3
1864,Banditos 9U Texas,1,1,0,15,13,0.5,4
1864,Marucci Elite Texas - Holden,1,1,0,18,19,0.5,5
1864,Katy Bombers 9U,1,1,0,20,16,0.5,6
1864,LC Legends,0,2,0,17,10,0.0,7
1864,Lamar Elite - 9U - Red,0,2,0,21,17,0.0,8
1864,Texas Elite Lobos - Gold,0,2,0,24,16,0.0,9
1865,SOUTH COAST CREAM X.,2,0,0,12,24,1.0,1
1865,Marucci Elite Texas - Holden,2,0,0,13,26,1.0,2
1865,Texans,2,0,0,17,24,1.0,3
1865,Banditos 9U Texas,1,1,0,19,17,0.5,4
1865,Katy Bombers 9U,1,1,0,20,16,0.5,5
1865,Houston Bandits 9u,1,1,0,21,25,0.5,6
1865,LC Legends,0,2,0,17,12,0.0,7
1865,Texas Elite Lobos - Gold,0,2,0,24,16,0.0,8
1865,Lamar Elite - 9U - Red,0,2,0,27,10,0.0,9
1866,SOUTH COAST CREAM X.,2,0,0,12,24,1.0,1
1866,Texans,2,0,0,13,25,1.0,2
1866,Lamar Elite - 9U - Red,2,0,0,14,24,1.0,3
1866,Marucci Elite Texas - Holden,1,1,0,16,16,0.5,4
1866,Banditos 9U Texas,1,1,0,18,12,0.5,5
1866,Katy Bombers 9U,1,1,0,20,16,0.5,6
1866,LC Legends,0,2,0,19,13,0.0,7
1866,Houston Bandits 9u,0,2,0,21,11,0.0,8
1866,Texas Elite Lobos - Gold,0,2,0,24,16,0.0,9
1867,Banditos 9U Texas,2,0,0,9,17,1.0,1
1867,SOUTH COAST CREAM X.,2,0,0,12,24,1.0,2
1867,Marucci Elite Texas - Holden,1,0,1,15,18,0.75,3
1867,Houston Bandits 9u,1,1,0,17,25,0.5,4
1867,LC Legends,1,1,0,17,16,0.5,5
1867,Katy Bombers 9U,1,1,0,20,16,0.5,6
1867,Lamar Elite - 9U - Red,0,1,1,28,17,0.25,7
1867,Texans,0,2,0,21,14,0.0,8
1867,Texas Elite Lobos - Gold,0,2,0,24,16,0.0,9
1868,SOUTH COAST CREAM X.,2,0,0,12,24,1.0,1
1868,Banditos 9U Texas,1,0,1,14,18,0.75,2
1868,Marucci Elite Texas - Holden,1,0,1,19,20,0.75,3
1868,Lamar Elite - 9U - Red,1,1,0,16,22,0.5,4
1868,LC Legends,1,1,0,17,20,0.5,5
1868,Katy Bombers 9U,1,1,0,20,16,0.5,6
1868,Houston Bandits 9u,0,1,1,23,16,0.25,7
1868,Texans,0,1,1,26,19,0.25,8
1868,Texas Elite Lobos - Gold,0,2,0,24,16,0.0,9
1869,Houston Bandits 9u,2,0,0,10,20,1.0,1
1869,SOUTH COAST CREAM X.,2,0,0,12,24,1.0,2
1869,Lamar Elite - 9U - Red,1,1,0,15,16,0.5,3
1869,Banditos 9U Texas,1,1,0,15,15,0.5,4
1869,LC Legends,1,1,0,17,17,0.5,5
1869,Texans,1,1,0,20,20,0.5,6
1869,Katy Bombers 9U,1,1,0,20,16,0.5,7
1869,Texas Elite Lobos - Gold,0,2,0,24,16,0.0,8
1869,Marucci Elite Texas - Holden,0,2,0,24,13,0.0,9
1870,SOUTH COAST CREAM X.,2,0,0,12,24,1.0,1
1870,Banditos 9U Texas,2,0,0,12,23,1.0,2
1870,Lamar Elite - 9U - Red,1,1,0,18,20,0.5,3
1870,Marucci Elite Texas - Holden,1,1,0,18,17,0.5,4
1870,Houston Bandits 9u,1,1,0,19,18,0.5,5
1870,Katy Bombers 9U,1,1,0,20,16,0.5,6
1870,LC Legends,0,1,1,17,13,0.25,7
1870,Texans,0,1,1,24,17,0.25,8
1870,Texas Elite Lobos - Gold,0,2,0,24,16,0.0,9
1871,SOUTH COAST CREAM X.,2,0,0,12,24,1.0,1
1871,Lamar Elite - 9U - Red,1,0,1,15,18,0.75,2
1871,Banditos 9U Texas,1,1,0,13,16,0.5,3
1871,LC Legends,1,1,0,15,14,0.5,4
1871,Marucci Elite Texas - Holden,1,1,0,17,18,0.5,5
1871,Texans,1,1,0,18,16,0.5,6
1871,Katy Bombers 9U,1,1,0,20,16,0.5,7
1871,Houston Bandits 9u,0,1,1,21,17,0.25,8
1871,Texas Elite Lobos - Gold,0,2,0,24,16,0.0,9
1872,Lamar Elite - 9U - Red,2,0,0,7,17,1.0,1
1872,Banditos 9U Texas,2,0,0,9,15,1.0,2
1872,SOUTH COAST CREAM X.,2,0,0,12,24,1.0,3
1872,Texans,1,1,0,15,15,0.5,4
1872,Houston Bandits 9u,1,1,0,16,14,0.5,5
1872,Katy Bombers 9U,1,1,0,20,16,0.5,6
1872,LC Legends,0,2,0,18,12,0.0,7
1872,Marucci Elite Texas - Holden,0,2,0,18,10,0.0,8
1872,Texas Elite Lobos - Gold,0,2,0,24,16,0.0,9
1873,SOUTH COAST CREAM X.,2,0,0,12,24,1.0,1
1873,Marucci Elite Texas - Holden,2,0,0,12,22,1.0,2
1873,Banditos 9U Texas,1,1,0,13,13,0.5,3
1873,LC Legends,1,1,0,14,19,0.5,4
1873,Houston Bandits 9u,1,1,0,18,17,0.5,5
1873,Katy Bombers 9U,1,1,0,20,16,0.5,6
1873,Texans,1,1,0,20,15,0.5,7
1873,Texas Elite Lobos - Gold,0,2,0,24,16,0.0,8
1873,Lamar Elite - 9U - Red,0,2,0,25,16,0.0,9
1874,SOUTH COAST CREAM X.,2,0,0,12,24,1.0,1
1874,Marucci Elite Texas - Holden,2,0,0,16,28,1.0,2
1874,LC Legends,1,1,0,14,17,0.5,3
1874,Banditos 9U Texas,1,1,0,16,17,0.5,4
1874,Katy Bombers 9U,1,1,0,20,16,0.5,5
1874,Houston Bandits 9u,1,1,0,22,21,0.5,6
1874,Texans,1,1,0,22,18,0.5,7
1874,Lamar Elite - 9U - Red,0,2,0,22,11,0.0,8
1874,Texas Elite Lobos - Gold,0,2,0,24,16,0.0,9
1875,SOUTH COAST CREAM X.,2,0,0,12,24,1.0,1
1875,Lamar Elite - 9U - Red,1,0,1,17,18,0.75,2
1875,Marucci Elite Texas - Holden,1,1,0,15,21,0.5,3
1875,Banditos 9U Texas,1,1,0,15,15,0.5,4
1875,Texans,1,1,0,16,19,0.5,5
1875,LC Legends,1,1,0,16,13,0.5,6
1875,Katy Bombers 9U,1,1,0,20,16,0.5,7
1875,Houston Bandits 9u,0,1,1,24,17,0.25,8
1875,Texas Elite Lobos - Gold,0,2,0,24,16,0.0,9
1876,Banditos 9U Texas,2,0,0,11,17,1.0,1
1876,SOUTH COAST CREAM X.,2,0,0,12,24,1.0,2
1876,Lamar Elite - 9U - Red,2,0,0,20,31,1.0,3
1876,LC Legends,1,1,0,16,20,0.5,4
1876,Katy Bombers 9U,1,1,0,20,16,0.5,5
1876,Marucci Elite Texas - Holden,1,1,0,24,23,0.5,6
1876,Texas Elite Lobos - Gold,0,2,0,24,16,0.0,7
1876,Texans,0,2,0,25,15,0.0,8
1876,Houston Bandits 9u,0,2,0,27,17,0.0,9
1877,SOUTH COAST CREAM X.,2,0,0,12,24,1.0,1
1877,Texans,2,0,0,12,15,1.0,2
1877,Marucci Elite Texas - Holden,2,0,0,23,26,1.0,3
1877,Banditos 9U Texas,1,1,0,10,13,0.5,4
1877,Katy Bombers 9U,1,1,0,20,16,0.5,5
1877,Lamar Elite - 9U - Red,1,1,0,25,26,0.5,6
1877,LC Legends,0,2,0,17,11,0.0,7
1877,Texas Elite Lobos - Gold,0,2,0,24,16,0.0,8
1877,Houston Bandits 9u,0,2,0,25,21,0.0,9
1878,SOUTH COAST CREAM X.,2,0,0,12,24,1.0,1
1878,Texans,2,0,0,12,15,1.0,2
1878,Banditos 9U Texas,1,1,0,11,14,0.5,3
1878,Lamar Elite - 9U - Red,1,1,0,17,21,0.5,4
1878,Katy Bombers 9U,1,1,0,20,16,0.5,5
1878,Houston Bandits 9u,1,1,0,22,20,0.5,6
1878,Marucci Elite Texas - Holden,1,1,0,24,22,0.5,7
1878,LC Legends,0,2,0,16,10,0.0,8
1878,Texas Elite Lobos - Gold,0,2,0,24,16,0.0,9
1879,Houston Bandits 9u,2,0,0,10,19,1.0,1
1879,SOUTH COAST CREAM X.,2,0,0,12,24,1.0,2
1879,Texans,2,0,0,14,18,1.0,3
1879,Banditos 9U Texas,1,1,0,14,15,0.5,4
1879,Lamar Elite - 9U - Red,1,1,0,15,13,0.5,5
1879,Katy Bombers 9U,1,1,0,20,16,0.5,6
1879,LC Legends,0,2,0,16,11,0.0,7
1879,Marucci Elite Texas - Holden,0,2,0,20,13,0.0,8
1879,Texas Elite Lobos - Gold,0,2,0,24,16,0.0,9
1880,SOUTH COAST CREAM X.,2,0,0,12,24,1.0,1
1880,Banditos 9U Texas,2,0,0,14,20,1.0,2
1880,Marucci Elite Texas - Holden,2,0,0,23,28,1.0,3
1880,Texans,1,1,0,20,20,0.5,4
1880,Katy Bombers 9U,1,1,0,20,16,0.5,5
1880,Lamar Elite - 9U - Red,1,1,0,21,25,0.5,6
1880,LC Legends,0,2,0,18,12,0.0,7
1880,Texas Elite Lobos - Gold,0,2,0,24,16,0.0,8
1880,Houston Bandits 9u,0,2,0,26,17,0.0,9
1881,Banditos 9U Texas,2,0,0,11,18,1.0,1
1881,SOUTH COAST CREAM X.,2,0,0,12,24,1.0,2
1881,Marucci Elite Texas - Holden,1,1,0,18,24,0.5,3
1881,Texans,1,1,0,18,18,0.5,4
1881,Houston Bandits 9u,1,1,0,19,17,0.5,5
1881,Katy Bombers 9U,1,1,0,20,16,0.5,6
1881,Lamar Elite - 9U - Red,1,1,0,22,18,0.5,7
1881,LC Legends,0,2,0,19,12,0.0,8
1881,Texas Elite Lobos - Gold,0,2,0,24,16,0.0,9
1882,SOUTH COAST CREAM X.,2,0,0,12,24,1.0,1
1882,Banditos 9U Texas,2,0,0,12,19,1.0,2
1882,LC Legends,1,1,0,11,10,0.5,3
1882,Lamar Elite - 9U - Red,1,1,0,16,17,0.5,4
1882,Houston Bandits 9u,1,1,0,19,20,0.5,5
1882,Katy Bombers 9U,1,1,0,20,16,0.5,6
1882,Marucci Elite Texas - Holden,1,1,0,21,19,0.5,7
1882,Texans,0,2,0,17,11,0.0,8
1882,Texas Elite Lobos - Gold,0,2,0,24,16,0.0,9
1883,SOUTH COAST CREAM X.,2,0,0,12,24,1.0,1
1883,Banditos 9U Texas,2,0,0,16,22,1.0,2
1883,Houston Bandits 9u,1,1,0,13,13,0.5,3
1883,Lamar Elite - 9U - Red,1,1,0,16,19,0.5,4
1883,LC Legends,1,1,0,16,15,0.5,5
1883,Marucci Elite Texas - Holden,1,1,0,19,16,0.5,6
1883,Katy Bombers 9U,1,1,0,20,16,0.5,7
1883,Texas Elite Lobos - Gold,0,2,0,24,16,0.0,8
1883,Texans,0,2,0,25,20,0.0,9
1884,SOUTH COAST CREAM X.,2,0,0,12,24,1.0,1
1884,Houston Bandits 9u,2,0,0,15,30,1.0,2
1884,Banditos 9U Texas,1,0,1,16,20,0.75,3
1884,Lamar Elite - 9U - Red,1,1,0,16,15,0.5,4
1884,Texans,0,0,2,20,20,0.5,5
1884,Katy Bombers 9U,1,1,0,20,16,0.5,6
1884,LC Legends,0,1,1,16,12,0.25,7
1884,Texas Elite Lobos - Gold,0,2,0,24,16,0.0,8
1884,Marucci Elite Texas - Holden,0,2,0,28,14,0.0,9
1885,Banditos 9U Texas,2,0,0,11,19,1.0,1
1885,SOUTH COAST CREAM X.,2,0,0,12,24,1.0,2
1885,Marucci Elite Texas - Holden,1,0,1,14,16,0.75,3
1885,LC Legends,1,1,0,14,17,0.5,4
1885,Lamar Elite - 9U - Red,1,1,0,18,21,0.5,5
1885,Katy Bombers 9U,1,1,0,20,16,0.5,6
1885,Houston Bandits 9u,0,1,1,21,16,0.25,7
1885,Texas Elite Lobos - Gold,0,2,0,24,16,0.0,8
1885,Texans,0,2,0,24,13,0.0,9
1886,SOUTH COAST CREAM X.,2,0,0,12,24,1.0,1
1886,Banditos 9U Texas,2,0,0,17,24,1.0,2
1886,Lamar Elite - 9U - Red,2,0,0,20,26,1.0,3
1886,Katy Bombers 9U,1,1,0,20,16,0.5,4
1886,Marucci Elite Texas - Holden,1,1,0,25,24,0.5,5
1886,Texans,1,1,0,26,24,0.5,6
1886,LC Legends,0,2,0,19,14,0.0,7
1886,Houston Bandits 9u,0,2,0,22,17,0.0,8
1886,Texas Elite Lobos - Gold,0,2,0,24,16,0.0,9
1887,SOUTH COAST CREAM X.,2,0,0,12,24,1.0,1
1887,Banditos 9U Texas,2,0,0,13,18,1.0,2
1887,Houston Bandits 9u,1,0,1,19,26,0.75,3
1887,LC Legends,1,1,0,19,16,0.5,4
1887,Katy Bombers 9U,1,1,0,20,16,0.5,5
1887,Lamar Elite - 9U - Red,1,1,0,21,19,0.5,6
1887,Marucci Elite Texas - Holden,0,1,1,26,21,0.25,7
1887,Texans,0,2,0,22,20,0.0,8
1887,Texas Elite Lobos - Gold,0,2,0,24,16,0.0,9
1888,SOUTH COAST CREAM X.,2,0,0,12,24,1.0,1
1888,Banditos 9U Texas,2,0,0,15,22,1.0,2
1888,Houston Bandits 9u,1,0,1,17,22,0.75,3
1888,Marucci Elite Texas - Holden,1,0,1,19,21,0.75,4
1888,Katy Bombers 9U,1,1,0,20,16,0.5,5
1888,Texans,1,1,0,22,21,0.5,6
1888,LC Legends,0,2,0,18,12,0.0,7
1888,Texas Elite Lobos - Gold,0,2,0,24,16,0.0,8
1888,Lamar Elite - 9U - Red,0,2,0,27,20,0.0,9
1889,Banditos 9U Texas,2,0,0,9,17,1.0,1
1889,SOUTH COAST CREAM X.,2,0,0,12,24,1.0,2
1889,Marucci Elite Texas - Holden,2,0,0,17,29,1.0,3
1889,Texans,1,1,0,11,15,0.5,4
1889,Katy Bombers 9U,1,1,0,20,16,0.5,5
1889,Lamar Elite - 9U - Red,1,1,0,28,27,0.5,6
1889,LC Legends,0,2,0,18,6,0.0,7
1889,Texas Elite Lobos - Gold,0,2,0,24,16,0.0,8
1889,Houston Bandits 9u,0,2,0,29,18,0.0,9
1890,SOUTH COAST CREAM X.,2,0,0,12,24,1.0,1
1890,Houston Bandits 9u,2,0,0,15,22,1.0,2
1890,LC Legends,1,1,0,15,20,0.5,3
1890,Banditos 9U Texas,1,1,0,16,18,0.5,4
1890,Katy Bombers 9U,1,1,0,20,16,0.5,5
1890,Marucci Elite Texas - Holden,1,1,0,21,19,0.5,6
1890,Texans,1,1,0,26,19,0.5,7
1890,Lamar Elite - 9U - Red,0,2,0,18,13,0.0,8
1890,Texas Elite Lobos - Gold,0,2,0,24,16,0.0,9
1891,SOUTH COAST CREAM X.,2,0,0,12,24,1.0,1
1891,Banditos 9U Texas,2,0,0,13,26,1.0,2
1891,Houston Bandits 9u,1,0,1,17,19,0.75,3
1891,Marucci Elite Texas - Holden,1,1,0,19,24,0.5,4
1891,Katy Bombers 9U,1,1,0,20,16,0.5,5
1891,Texans,1,1,0,23,21,0.5,6
1891,Lamar Elite - 9U - Red,0,1,1,19,12,0.25,7
1891,LC Legends,0,2,0,20,9,0.0,8
1891,Texas Elite Lobos - Gold,0,2,0,24,16,0.0,9
1892,Banditos 9U Texas,2,0,0,10,17,1.0,1
1892,SOUTH COAST CREAM X.,2,0,0,12,24,1.0,2
1892,Houston Bandits 9u,2,0,0,14,28,1.0,3
1892,LC Legends,1,1,0,13,16,0.5,4
1892,Katy Bombers 9U,1,1,0,20,16,0.5,5
1892,Lamar Elite - 9U - Red,1,1,0,25,19,0.5,6
1892,Texans,0,2,0,21,11,0.0,7
1892,Marucci Elite Texas - Holden,0,2,0,22,14,0.0,8
1892,Texas Elite Lobos - Gold,0,2,0,24,16,0.0,9
1893,Banditos 9U Texas,2,0,0,9,17,1.0,1
1893,SOUTH COAST CREAM X.,2,0,0,12,24,1.0,2
1893,Lamar Elite - 9U - Red,2,0,0,18,26,1.0,3
1893,LC Legends,1,1,0,15,15,0.5,4
1893,Houston Bandits 9u,1,1,0,20,17,0.5,5
1893,Katy Bombers 9U,1,1,0,20,16,0.5,6
1893,Texans,0,2,0,20,12,0.0,7
1893,Texas Elite Lobos - Gold,0,2,0,24,16,0.0,8
1893,Marucci Elite Texas - Holden,0,2,0,25,20,0.0,9
1894,SOUTH COAST CREAM X.,2,0,0,12,24,1.0,1
1894,Lamar Elite - 9U - Red,2,0,0,18,22,1.0,2
1894,LC Legends,1,1,0,13,11,0.5,3
1894,Houston Bandits 9u,1,1,0,16,23,0.5,4
1894,Banditos 9U Texas,1,1,0,17,19,0.5,5
1894,Texans,1,1,0,18,18,0.5,6
1894,Katy Bombers 9U,1,1,0,20,16,0.5,7
1894,Texas Elite Lobos - Gold,0,2,0,24,16,0.0,8
1894,Marucci Elite Texas - Holden,0,2,0,26,15,0.0,9
1895,Texans,2,0,0,11,16,1.0,1
1895,SOUTH COAST CREAM X.,2,0,0,12,24,1.0,2
1895,Lamar Elite - 9U - Red,2,0,0,16,24,1.0,3
1895,Banditos 9U Texas,1,1,0,12,12,0.5,4
1895,Marucci Elite Texas - Holden,1,1,0,19,23,0.5,5
1895,Katy Bombers 9U,1,1,0,20,16,0.5,6
1895,LC Legends,0,2,0,16,11,0.0,7
1895,Texas Elite Lobos - Gold,0,2,0,24,16,0.0,8
1895,Houston Bandits 9u,0,2,0,25,13,0.0,9
1896,SOUTH COAST CREAM X.,2,0,0,12,24,1.0,1
1896,Banditos 9U Texas,2,0,0,13,21,1.0,2
1896,Marucci Elite Texas - Holden,2,0,0,14,18,1.0,3
1896,LC Legends,1,1,0,15,13,0.5,4
1896,Houston Bandits 9u,1,1,0,18,17,0.5,5
1896,Katy Bombers 9U,1,1,0,20,16,0.5,6
1896,Lamar Elite - 9U - Red,0,2,0,16,13,0.0,7
1896,Texans,0,2,0,22,16,0.0,8
1896,Texas Elite Lobos - Gold,0,2,0,24,16,0.0,9
1897,SOUTH COAST CREAM X.,2,0,0,12,24,1.0,1
1897,Lamar Elite - 9U - Red,2,0,0,15,20,1.0,2
1897,Texans,2,0,0,16,29,1.0,3
1897,Marucci Elite Texas - Holden,1,1,0,12,11,0.5,4
1897,Banditos 9U Texas,1,1,0,15,18,0.5,5
1897,Katy Bombers 9U,1,1,0,20,16,0.5,6
1897,Houston Bandits 9u,0,2,0,21,17,0.0,7
1897,Texas Elite Lobos - Gold,0,2,0,24,16,0.0,8
1897,LC Legends,0,2,0,26,10,0.0,9
1898,SOUTH COAST CREAM X.,2,0,0,12,24,1.0,1
1898,Houston Bandits 9u,1,0,1,15,20,0.75,2
1898,Banditos 9U Texas,1,1,0,15,17,0.5,3
1898,Marucci Elite Texas - Holden,0,0,2,17,17,0.5,4
1898,LC Legends,1,1,0,18,16,0.5,5
1898,Katy Bombers 9U,1,1,0,20,16,0.5,6
1898,Texans,1,1,0,21,21,0.5,7
1898,Lamar Elite - 9U - Red,0,1,1,21,16,0.25,8
1898,Texas Elite Lobos - Gold,0,2,0,24,16,0.0,9
1899,Banditos 9U Texas,2,0,0,10,18,1.0,1
1899,SOUTH COAST CREAM X.,2,0,0,12,24,1.0,2
1899,Marucci Elite Texas - Holden,1,1,0,20,22,0.5,3
1899,Katy Bombers 9U,1,1,0,20,16,0.5,4
1899,LC Legends,1,1,0,21,19,0.5,5
1899,Houston Bandits 9u,1,1,0,26,26,0.5,6
1899,Lamar Elite - 9U - Red,1,1,0,27,25,0.5,7
1899,Texas Elite Lobos - Gold,0,2,0,24,16,0.0,8
1899,Texans,0,2,0,25,19,0.0,9
1900,SOUTH COAST CREAM X.,2,0,0,12,24,1.0,1
1900,Banditos 9U Texas,2,0,0,14,19,1.0,2
1900,Houston Bandits 9u,2,0,0,19,23,1.0,3
1900,Marucci Elite Texas - Holden,1,1,0,16,18,0.5,4
1900,Katy Bombers 9U,1,1,0,20,16,0.5,5
1900,LC Legends,0,1,1,16,12,0.25,6
1900,Texans,0,1,1,19,18,0.25,7
1900,Lamar Elite - 9U - Red,0,2,0,19,13,0.0,8
1900,Texas Elite Lobos - Gold,0,2,0,24,16,0.0,9
1901,Banditos 9U Texas,2,0,0,5,17,1.0,1
1901,SOUTH COAST CREAM X.,2,0,0,12,24,1.0,2
1901,Marucci Elite Texas - Holden,2,0,0,18,21,1.0,3
1901,LC Legends,1,1,0,20,23,0.5,4
1901,Katy Bombers 9U,1,1,0,20,16,0.5,5
1901,Lamar Elite - 9U - Red,1,1,0,24,23,0.5,6
1901,Houston Bandits 9u,0,2,0,20,18,0.0,7
1901,Texas Elite Lobos - Gold,0,2,0,24,16,0.0,8
1901,Texans,0,2,0,28,13,0.0,9
1902,SOUTH COAST CREAM X.,2,0,0,12,24,1.0,1
1902,Marucci Elite Texas - Holden,2,0,0,16,31,1.0,2
1902,Banditos 9U Texas,1,1,0,16,12,0.5,3
1902,Texans,1,1,0,17,23,0.5,4
1902,LC Legends,1,1,0,19,17,0.5,5
1902,Katy Bombers 9U,1,1,0,20,16,0.5,6
1902,Lamar Elite - 9U - Red,1,1,0,22,19,0.5,7
1902,Texas Elite Lobos - Gold,0,2,0,24,16,0.0,8
1902,Houston Bandits 9u,0,2,0,29,17,0.0,9
1903,Banditos 9U Texas,2,0,0,10,19,1.0,1
1903,SOUTH COAST CREAM X.,2,0,0,12,24,1.0,2
1903,Marucci Elite Texas - Holden,1,1,0,14,12,0.5,3
1903,Houston Bandits 9u,1,1,0,17,18,0.5,4
1903,Lamar Elite - 9U - Red,1,1,0,18,19,0.5,5
1903,Katy Bombers 9U,1,1,0,20,16,0.5,6
1903,Texans,1,1,0,21,17,0.5,7
1903,LC Legends,0,2,0,19,14,0.0,8
1903,Texas Elite Lobos - Gold,0,2,0,24,16,0.0,9
1904,SOUTH COAST CREAM X.,2,0,0,12,24,1.0,1
1904,Houston Bandits 9u,1,0,1,25,29,0.75,2
1904,LC Legends,1,1,0,13,12,0.5,3
1904,Texans,1,1,0,15,20,0.5,4
1904,Banditos 9U Texas,1,1,0,19,15,0.5,5
1904,Katy Bombers 9U,1,1,0,20,16,0.5,6
1904,Lamar Elite - 9U - Red,1,1,0,25,30,0.5,7
1904,Marucci Elite Texas - Holden,0,1,1,27,18,0.25,8
1904,Texas Elite Lobos - Gold,0,2,0,24,16,0.0,9
1905,SOUTH COAST CREAM X.,2,0,0,12,24,1.0,1
1905,Lamar Elite - 9U - Red,2,0,0,17,25,1.0,2
1905,Banditos 9U Texas,1,0,1,16,20,0.75,3
1905,Katy Bombers 9U,1,1,0,20,16,0.5,4
1905,Marucci Elite Texas - Holden,1,1,0,22,22,0.5,5
1905,Texans,0,0,2,23,23,0.5,6
1905,LC Legends,0,1,1,19,15,0.25,7
1905,Houston Bandits 9u,0,2,0,24,16,0.0,8
1905,Texas Elite Lobos - Gold,0,2,0,24,16,0.0,9
1906,Banditos 9U Texas,2,0,0,10,18,1.0,1
1906,SOUTH COAST CREAM X.,2,0,0,12,24,1.0,2
1906,Lamar Elite - 9U - Red,1,0,1,15,20,0.75,3
1906,Texans,1,1,0,19,17,0.5,4
1906,Katy Bombers 9U,1,1,0,20,16,0.5,5
1906,Marucci Elite Texas - Holden,1,1,0,20,16,0.5,6
1906,Houston Bandits 9u,0,1,1,13,12,0.25,7
1906,LC Legends,0,2,0,19,13,0.0,8
1906,Texas Elite Lobos - Gold,0,2,0,24,16,0.0,9
1907,SOUTH COAST CREAM X.,2,0,0,12,24,1.0,1
1907,Houston Bandits 9u,2,0,0,13,19,1.0,2
1907,Texans,1,0,1,15,20,0.75,3
1907,Banditos 9U Texas,1,1,0,14,13,0.5,4
1907,Lamar Elite - 9U - Red,1,1,0,20,25,0.5,5
1907,Katy Bombers 9U,1,1,0,20,16,0.5,6
1907,LC Legends,0,1,1,18,14,0.25,7
1907,Texas Elite Lobos - Gold,0,2,0,24,16,0.0,8
1907,Marucci Elite Texas - Holden,0,2,0,25,14,0.0,9
1908,SOUTH COAST CREAM X.,2,0,0,12,24,1.0,1
1908,Houston Bandits 9u,2,0,0,17,20,1.0,2
1908,Texans,2,0,0,19,24,1.0,3
1908,Banditos 9U Texas,1,1,0,16,16,0.5,4
1908,Katy Bombers 9U,1,1,0,20,16,0.5,5
1908,Lamar Elite - 9U - Red,1,1,0,23,24,0.5,6
1908,Marucci Elite Texas - Holden,0,2,0,19,15,0.0,7
1908,LC Legends,0,2,0,20,15,0.0,8
1908,Texas Elite Lobos - Gold,0,2,0,24,16,0.0,9
1909,Banditos 9U Texas,2,0,0,12,25,1.0,1
1909,SOUTH COAST CREAM X.,2,0,0,12,24,1.0,2
1909,Lamar Elite - 9U - Red,2,0,0,27,29,1.0,3
1909,LC Legends,1,1,0,17,19,0.5,4
1909,Katy Bombers 9U,1,1,0,20,16,0.5,5
1909,Marucci Elite Texas - Holden,0,1,1,15,14,0.25,6
1909,Houston Bandits 9u,0,1,1,20,19,0.25,7
1909,Texas Elite Lobos - Gold,0,2,0,24,16,0.0,8
1909,Texans,0,2,0,32,17,0.0,9
1910,Texans,2,0,0,12,28,1.0,1
1910,SOUTH COAST CREAM X.,2,0,0,12,24,1.0,2
1910,Houston Bandits 9u,2,0,0,13,27,1.0,3
1910,Katy Bombers 9U,1,1,0,20,16,0.5,4
1910,Banditos 9U Texas,1,1,0,23,13,0.5,5
1910,Lamar Elite - 9U - Red,1,1,0,24,16,0.5,6
1910,LC Legends,0,2,0,17,11,0.0,7
1910,Marucci Elite Texas - Holden,0,2,0,24,18,0.0,8
1910,Texas Elite Lobos - Gold,0,2,0,24,16,0.0,9
1911,SOUTH COAST CREAM X.,2,0,0,12,24,1.0,1
1911,Marucci Elite Texas - Holden,2,0,0,14,27,1.0,2
1911,Texans,1,0,1,16,20,0.75,3
1911,Banditos 9U Texas,1,1,0,13,13,0.5,4
1911,Katy Bombers 9U,1,1,0,20,16,0.5,5
1911,Houston Bandits 9u,1,1,0,25,26,0.5,6
1911,LC Legends,0,1,1,19,15,0.25,7
1911,Texas Elite Lobos - Gold,0,2,0,24,16,0.0,8
1911,Lamar Elite - 9U - Red,0,2,0,31,17,0.0,9
1912,Houston Bandits 9u,2,0,0,10,18,1.0,1
1912,Banditos 9U Texas,2,0,0,10,17,1.0,2
1912,SOUTH COAST CREAM X.,2,0,0,12,24,1.0,3
1912,Marucci Elite Texas - Holden,1,1,0,16,13,0.5,4
1912,Texans,1,1,0,20,23,0.5,5
1912,Katy Bombers 9U,1,1,0,20,16,0.5,6
1912,Lamar Elite - 9U - Red,0,2,0,20,15,0.0,7
1912,Texas Elite Lobos - Gold,0,2,0,24,16,0.0,8
1912,LC Legends,0,2,0,25,15,0.0,9
1913,SOUTH COAST CREAM X.,2,0,0,12,24,1.0,1
1913,Lamar Elite - 9U - Red,2,0,0,18,21,1.0,2
1913,Texans,2,0,0,22,27,1.0,3
1913,Banditos 9U Texas,1,1,0,19,22,0.5,4
1913,Katy Bombers 9U,1,1,0,20,16,0.5,5
1913,Houston Bandits 9u,1,1,0,21,21,0.5,6
1913,Marucci Elite Texas - Holden,0,2,0,19,16,0.0,7
1913,LC Legends,0,2,0,20,12,0.0,8
1913,Texas Elite Lobos - Gold,0,2,0,24,16,0.0,9
1914,SOUTH COAST CREAM X.,2,0,0,12,24,1.0,1
1914,Marucci Elite Texas - Holden,2,0,0,14,24,1.0,2
1914,Banditos 9U Texas,2,0,0,14,20,1.0,3
1914,LC Legends,1,1,0,19,17,0.5,4
1914,Katy Bombers 9U,1,1,0,20,16,0.5,5
1914,Lamar Elite - 9U - Red,1,1,0,28,20,0.5,6
1914,Houston Bandits 9u,0,2,0,19,17,0.0,7
1914,Texas Elite Lobos - Gold,0,2,0,24,16,0.0,8
1914,Texans,0,2,0,25,21,0.0,9
1915,SOUTH COAST CREAM X.,2,0,0,12,24,1.0,1
1915,Lamar Elite - 9U - Red,2,0,0,14,23,1.0,2
1915,Banditos 9U Texas,2,0,0,17,22,1.0,3
1915,LC Legends,1,1,0,16,16,0.5,4
1915,Houston Bandits 9u,1,1,0,16,14,0.5,5
1915,Katy Bombers 9U,1,1,0,20,16,0.5,6
1915,Marucci Elite Texas - Holden,0,2,0,21,14,0.0,7
1915,Texas Elite Lobos - Gold,0,2,0,24,16,0.0,8
1915,Texans,0,2,0,26,21,0.0,9
1916,SOUTH COAST CREAM X.,2,0,0,12,24,1.0,1
1916,Marucci Elite Texas - Holden,2,0,0,16,21,1.0,2
1916,Banditos 9U Texas,1,0,1,15,19,0.75,3
1916,Texans,1,0,1,21,22,0.75,4
1916,Lamar Elite - 9U - Red,1,1,0,18,19,0.5,5
1916,Katy Bombers 9U,1,1,0,20,16,0.5,6
1916,LC Legends,0,2,0,19,14,0.0,7
1916,Houston Bandits 9u,0,2,0,19,13,0.0,8
1916,Texas Elite Lobos - Gold,0,2,0,24,16,0.0,9
1917,Banditos 9U Texas,2,0,0,10,16,1.0,1
1917,SOUTH COAST CREAM X.,2,0,0,12,24,1.0,2
1917,Marucci Elite Texas - Holden,2,0,0,15,17,1.0,3
1917,LC Legends,1,1,0,12,14,0.5,4
1917,Houston Bandits 9u,1,1,0,19,25,0.5,5
1917,Katy Bombers 9U,1,1,0,20,16,0.5,6
1917,Texans,0,2,0,18,10,0.0,7
1917,Lamar Elite - 9U - Red,0,2,0,23,15,0.0,8
1917,Texas Elite Lobos - Gold,0,2,0,24,16,0.0,9
1918,SOUTH COAST CREAM X.,2,0,0,12,24,1.0,1
1918,Banditos 9U Texas,2,0,0,12,22,1.0,2
1918,Marucci Elite Texas - Holden,2,0,0,15,18,1.0,3
1918,LC Legends,1,1,0,17,17,0.5,4
1918,Houston Bandits 9u,1,1,0,19,21,0.5,5
1918,Katy Bombers 9U,1,1,0,20,16,0.5,6
1918,Lamar Elite - 9U - Red,0,2,0,17,12,0.0,7
1918,Texas Elite Lobos - Gold,0,2,0,24,16,0.0,8
1918,Texans,0,2,0,27,17,0.0,9
1919,SOUTH COAST CREAM X.,2,0,0,12,24,1.0,1
1919,Lamar Elite - 9U - Red,2,0,0,17,20,1.0,2
1919,Marucci Elite Texas - Holden,1,1,0,12,22,0.5,3
1919,LC Legends,1,1,0,13,13,0.5,4
1919,Banditos 9U Texas,1,1,0,16,17,0.5,5
1919,Texans,1,1,0,18,17,0.5,6
1919,Katy Bombers 9U,1,1,0,20,16,0.5,7
1919,Texas Elite Lobos - Gold,0,2,0,24,16,0.0,8
1919,Houston Bandits 9u,0,2,0,28,15,0.0,9
1920,Banditos 9U Texas,2,0,0,9,15,1.0,1
1920,SOUTH COAST CREAM X.,2,0,0,12,24,1.0,2
1920,Marucci Elite Texas - Holden,1,0,1,21,29,0.75,3
1920,LC Legends,1,1,0,15,19,0.5,4
1920,Houston Bandits 9u,1,1,0,18,15,0.5,5
1920,Katy Bombers 9U,1,1,0,20,16,0.5,6
1920,Lamar Elite - 9U - Red,0,1,1,20,15,0.25,7
1920,Texans,0,2,0,22,12,0.0,8
1920,Texas Elite Lobos - Gold,0,2,0,24,16,0.0,9
1921,Banditos 9U Texas,2,0,0,11,17,1.0,1
1921,SOUTH COAST CREAM X.,2,0,0,12,24,1.0,2
1921,Lamar Elite - 9U - Red,2,0,0,14,23,1.0,3
1921,Katy Bombers 9U,1,1,0,20,16,0.5,4
1921,Marucci Elite Texas - Holden,1,1,0,21,22,0.5,5
1921,LC Legends,1,1,0,22,19,0.5,6
1921,Texans,0,2,0,24,21,0.0,7
1921,Texas Elite Lobos - Gold,0,2,0,24,16,0.0,8
1921,Houston Bandits 9u,0,2,0,24,14,0.0,9
1922,SOUTH COAST CREAM X.,2,0,0,12,24,1.0,1
1922,LC Legends,1,1,0,14,17,0.5,2
1922,Marucci Elite Texas - Holden,1,1,0,14,17,0.5,3
1922,Houston Bandits 9u,1,1,0,15,15,0.5,4
1922,Banditos 9U Texas,1,1,0,16,18,0.5,5
1922,Lamar Elite - 9U - Red,1,1,0,19,16,0.5,6
1922,Katy Bombers 9U,1,1,0,20,16,0.5,7
1922,Texans,1,1,0,23,18,0.5,8
1922,Texas Elite Lobos - Gold,0,2,0,24,16,0.0,9
1923,SOUTH COAST CREAM X.,2,0,0,12,24,1.0,1
1923,Texans,2,0,0,18,23,1.0,2
1923,Banditos 9U Texas,1,1,0,15,16,0.5,3
1923,Houston Bandits 9u,1,1,0,17,18,0.5,4
1923,Lamar Elite - 9U - Red,1,1,0,20,24,0.5,5
1923,Katy Bombers 9U,1,1,0,20,16,0.5,6
1923,Marucci Elite Texas - Holden,1,1,0,21,16,0.5,7
1923,LC Legends,0,2,0,20,14,0.0,8
1923,Texas Elite Lobos - Gold,0,2,0,24,16,0.0,9
1924,SOUTH COAST CREAM X.,2,0,0,12,24,1.0,1
1924,Banditos 9U Texas,2,0,0,13,20,1.0,2
1924,Houston Bandits 9u,2,0,0,13,18,1.0,3
1924,Lamar Elite - 9U - Red,1,1,0,15,14,0.5,4
1924,Katy Bombers 9U,1,1,0,20,16,0.5,5
1924,Texans,1,1,0,21,21,0.5,6
1924,Marucci Elite Texas - Holden,0,2,0,16,12,0.0,7
1924,LC Legends,0,2,0,20,13,0.0,8
1924,Texas Elite Lobos - Gold,0,2,0,24,16,0.0,9
1925,SOUTH COAST CREAM X.,2,0,0,12,24,1.0,1
1925,Banditos 9U Texas,2,0,0,12,19,1.0,2
1925,Lamar Elite - 9U - Red,2,0,0,13,23,1.0,3
1925,LC Legends,1,1,0,13,12,0.5,4
1925,Houston Bandits 9u,1,1,0,16,17,0.5,5
1925,Katy Bombers 9U,1,1,0,20,16,0.5,6
1925,Texans,0,2,0,19,13,0.0,7
1925,Marucci Elite Texas - Holden,0,2,0,22,11,0.0,8
1925,Texas Elite Lobos - Gold,0,2,0,24,16,0.0,9
1926,SOUTH COAST CREAM X.,2,0,0,12,24,1.0,1
1926,Marucci Elite Texas - Holden,1,1,0,10,15,0.5,2
1926,Banditos 9U Texas,1,1,0,12,15,0.5,3
1926,LC Legends,1,1,0,14,15,0.5,4
1926,Lamar Elite - 9U - Red,1,1,0,15,13,0.5,5
1926,Texans,1,1,0,18,14,0.5,6
1926,Houston Bandits 9u,1,1,0,19,16,0.5,7
1926,Katy Bombers 9U,1,1,0,20,16,0.5,8
1926,Texas Elite Lobos - Gold,0,2,0,24,16,0.0,9
1927,Banditos 9U Texas,2,0,0,9,24,1.0,1
1927,SOUTH COAST CREAM X.,2,0,0,12,24,1.0,2
1927,Marucci Elite Texas - Holden,1,1,0,14,14,0.5,3
1927,LC Legends,1,1,0,17,17,0.5,4
1927,Lamar Elite - 9U - Red,1,1,0,18,21,0.5,5
1927,Katy Bombers 9U,1,1,0,20,16,0.5,6
1927,Houston Bandits 9u,1,1,0,22,19,0.5,7
1927,Texas Elite Lobos - Gold,0,2,0,24,16,0.0,8
1927,Texans,0,2,0,29,14,0.0,9
1928,SOUTH COAST CREAM X.,2,0,0,12,24,1.0,1
1928,Lamar Elite - 9U - Red,2,0,0,14,19,1.0,2
1928,Texans,2,0,0,18,25,1.0,3
1928,Houston Bandits 9u,1,1,0,16,16,0.5,4
1928,Banditos 9U Texas,1,1,0,19,17,0.5,5
1928,Katy Bombers 9U,1,1,0,20,16,0.5,6
1928,LC Legends,0,2,0,18,13,0.0,7
1928,Marucci Elite Texas - Holden,0,2,0,19,14,0.0,8
1928,Texas Elite Lobos - Gold,0,2,0,24,16,0.0,9
1929,SOUTH COAST CREAM X.,2,0,0,12,24,1.0,1
1929,LC Legends,1,1,0,13,16,0.5,2
1929,Texans,1,1,0,17,18,0.5,3
1929,Marucci Elite Texas - Holden,1,1,0,17,15,0.5,4
1929,Banditos 9U Texas,1,1,0,17,13,0.5,5
1929,Houston Bandits 9u,1,1,0,18,20,0.5,6
1929,Lamar Elite - 9U - Red,1,1,0,18,18,0.5,7
1929,Katy Bombers 9U,1,1,0,20,16,0.5,8
1929,Texas Elite Lobos - Gold,0,2,0,24,16,0.0,9
1930,Marucci Elite Texas - Holden,2,0,0,10,30,1.0,1
1930,Banditos 9U Texas,2,0,0,11,18,1.0,2
1930,SOUTH COAST CREAM X.,2,0,0,12,24,1.0,3
1930,LC Legends,1,1,0,16,15,0.5,4
1930,Katy Bombers 9U,1,1,0,20,16,0.5,5
1930,Houston Bandits 9u,1,1,0,20,14,0.5,6
1930,Texans,0,2,0,21,15,0.0,7
1930,Texas Elite Lobos - Gold,0,2,0,24,16,0.0,8
1930,Lamar Elite - 9U - Red,0,2,0,27,13,0.0,9
1931,SOUTH COAST CREAM X.,2,0,0,12,24,1.0,1
1931,Banditos 9U Texas,2,0,0,13,18,1.0,2
1931,LC Legends,1,1,0,13,11,0.5,3
1931,Houston Bandits 9u,1,1,0,19,22,0.5,4
1931,Lamar Elite - 9U - Red,1,1,0,20,18,0.5,5
1931,Katy Bombers 9U,1,1,0,20,16,0.5,6
1931,Marucci Elite Texas - Holden,1,1,0,23,22,0.5,7
1931,Texans,0,2,0,17,14,0.0,8
1931,Texas Elite Lobos - Gold,0,2,0,24,16,0.0,9
1932,SOUTH COAST CREAM X.,2,0,0,12,24,1.0,1
1932,Banditos 9U Texas,2,0,0,12,18,1.0,2
1932,LC Legends,1,1,0,14,16,0.5,3
1932,Marucci Elite Texas - Holden,1,1,0,18,18,0.5,4
1932,Katy Bombers 9U,1,1,0,20,16,0.5,5
1932,Lamar Elite - 9U - Red,1,1,0,21,23,0.5,6
1932,Houston Bandits 9u,1,1,0,22,20,0.5,7
1932,Texans,0,2,0,22,14,0.0,8
1932,Texas Elite Lobos - Gold,0,2,0,24,16,0.0,9
1933,Houston Bandits 9u,2,0,0,11,17,1.0,1
1933,SOUTH COAST CREAM X.,2,0,0,12,24,1.0,2
1933,LC Legends,1,1,0,14,15,0.5,3
1933,Banditos 9U Texas,1,1,0,18,18,0.5,4
1933,Katy Bombers 9U,1,1,0,20,16,0.5,5
1933,Texans,1,1,0,21,20,0.5,6
1933,Marucci Elite Texas - Holden,1,1,0,22,21,0.5,7
1933,Lamar Elite - 9U - Red,0,2,0,24,19,0.0,8
1933,Texas Elite Lobos - Gold,0,2,0,24,16,0.0,9
1934,SOUTH COAST CREAM X.,2,0,0,12,24,1.0,1
1934,Marucci Elite Texas - Holden,2,0,0,12,16,1.0,2
1934,Banditos 9U Texas,1,1,0,14,17,0.5,3
1934,LC Legends,1,1,0,14,14,0.5,4
1934,Lamar Elite - 9U - Red,1,1,0,17,16,0.5,5
1934,Texans,1,1,0,19,16,0.5,6
1934,Katy Bombers 9U,1,1,0,20,16,0.5,7
1934,Houston Bandits 9u,0,2,0,22,19,0.0,8
1934,Texas Elite Lobos - Gold,0,2,0,24,16,0.0,9
1935,SOUTH COAST CREAM X.,2,0,0,12,24,1.0,1
1935,Texans,2,0,0,17,23,1.0,2
1935,Marucci Elite Texas - Holden,1,0,1,18,21,0.75,3
1935,Banditos 9U Texas,1,1,0,13,15,0.5,4
1935,Lamar Elite - 9U - Red,0,0,2,16,16,0.5,5
1935,Katy Bombers 9U,1,1,0,20,16,0.5,6
1935,Houston Bandits 9u,0,1,1,19,16,0.25,7
1935,LC Legends,0,2,0,22,14,0.0,8
1935,Texas Elite Lobos - Gold,0,2,0,24,16,0.0,9
1936,Banditos 9U Texas,2,0,0,10,15,1.0,1
1936,SOUTH COAST CREAM X.,2,0,0,12,24,1.0,2
1936,Marucci Elite Texas - Holden,1,0,1,18,21,0.75,3
1936,Houston Bandits 9u,1,0,1,18,19,0.75,4
1936,Texans,1,1,0,14,15,0.5,5
1936,Katy Bombers 9U,1,1,0,20,16,0.5,6
1936,LC Legends,0,2,0,17,11,0.0,7
1936,Lamar Elite - 9U - Red,0,2,0,22,18,0.0,8
1936,Texas Elite Lobos - Gold,0,2,0,24,16,0.0,9
1937,Banditos 9U Texas,2,0,0,10,15,1.0,1
1937,SOUTH COAST CREAM X.,2,0,0,12,24,1.0,2
1937,Texans,1,1,0,12,12,0.5,3
1937,Houston Bandits 9u,1,1,0,17,20,0.5,4
1937,Marucci Elite Texas - Holden,1,1,0,18,17,0.5,5
1937,Lamar Elite - 9U - Red,1,1,0,20,18,0.5,6
1937,Katy Bombers 9U,1,1,0,20,16,0.5,7
1937,LC Legends,0,2,0,14,9,0.0,8
1937,Texas Elite Lobos - Gold,0,2,0,24,16,0.0,9
1938,SOUTH COAST CREAM X.,2,0,0,12,24,1.0,1
1938,Banditos 9U Texas,2,0,0,13,18,1.0,2
1938,Lamar Elite - 9U - Red,2,0,0,21,25,1.0,3
1938,LC Legends,1,1,0,13,12,0.5,4
1938,Houston Bandits 9u,1,1,0,20,21,0.5,5
1938,Katy Bombers 9U,1,1,0,20,16,0.5,6
1938,Texans,0,2,0,18,14,0.0,7
1938,Marucci Elite Texas - Holden,0,2,0,23,18,0.0,8
1938,Texas Elite Lobos - Gold,0,2,0,24,16,0.0,9
1939,SOUTH COAST CREAM X.,2,0,0,12,24,1.0,1
1939,Banditos 9U Texas,2,0,0,13,19,1.0,2
1939,Houston Bandits 9u,1,0,1,22,25,0.75,3
1939,LC Legends,1,1,0,15,16,0.5,4
1939,Marucci Elite Texas - Holden,1,1,0,20,23,0.5,5
1939,Katy Bombers 9U,1,1,0,20,16,0.5,6
1939,Lamar Elite - 9U - Red,0,1,1,25,19,0.25,7
1939,Texans,0,2,0,23,16,0.0,8
1939,Texas Elite Lobos - Gold,0,2,0,24,16,0.0,9
1940,Texans,2,0,0,10,13,1.0,1
1940,SOUTH COAST CREAM X.,2,0,0,12,24,1.0,2
1940,Houston Bandits 9u,1,0,1,14,20,0.75,3
1940,Banditos 9U Texas,1,1,0,10,13,0.5,4
1940,Lamar Elite - 9U - Red,1,1,0,16,20,0.5,5
1940,Katy Bombers 9U,1,1,0,20,16,0.5,6
1940,Marucci Elite Texas - Holden,0,1,1,20,10,0.25,7
1940,LC Legends,0,2,0,15,9,0.0,8
1940,Texas Elite Lobos - Gold,0,2,0,24,16,0.0,9
1941,Banditos 9U Texas,2,0,0,10,16,1.0,1
1941,SOUTH COAST CREAM X.,2,0,0,12,24,1.0,2
1941,LC Legends,1,1,0,14,13,0.5,3
1941,Houston Bandits 9u,1,1,0,17,16,0.5,4
1941,Marucci Elite Texas - Holden,1,1,0,19,20,0.5,5
1941,Katy Bombers 9U,1,1,0,20,16,0.5,6
1941,Lamar Elite - 9U - Red,1,1,0,22,22,0.5,7
1941,Texans,0,2,0,17,12,0.0,8
1941,Texas Elite Lobos - Gold,0,2,0,24,16,0.0,9
1942,SOUTH COAST CREAM X.,2,0,0,12,24,1.0,1
1942,Texans,2,0,0,18,21,1.0,2
1942,Houston Bandits 9u,2,0,0,19,24,1.0,3
1942,Banditos 9U Texas,1,1,0,15,18,0.5,4
1942,Lamar Elite - 9U - Red,1,1,0,20,20,0.5,5
1942,Katy Bombers 9U,1,1,0,20,16,0.5,6
1942,LC Legends,0,2,0,18,12,0.0,7
1942,Marucci Elite Texas - Holden,0,2,0,19,14,0.0,8
1942,Texas Elite Lobos - Gold,0,2,0,24,16,0.0,9
1943,SOUTH COAST CREAM X.,2,0,0,12,24,1.0,1
1943,Lamar Elite - 9U - Red,1,0,1,14,18,0.75,2
1943,LC Legends,1,1,0,15,13,0.5,3
1943,Banditos 9U Texas,1,1,0,17,20,0.5,4
1943,Marucci Elite Texas - Holden,1,1,0,18,22,0.5,5
1943,Katy Bombers 9U,1,1,0,20,16,0.5,6
1943,Texans,1,1,0,21,20,0.5,7
1943,Houston Bandits 9u,0,1,1,20,12,0.25,8
1943,Texas Elite Lobos - Gold,0,2,0,24,16,0.0,9
1944,SOUTH COAST CREAM X.,2,0,0,12,24,1.0,1
1944,Banditos 9U Texas,2,0,0,13,18,1.0,2
1944,Houston Bandits 9u,2,0,0,19,28,1.0,3
1944,Katy Bombers 9U,1,1,0,20,16,0.5,4
1944,Texans,1,1,0,21,24,0.5,5
1944,Lamar Elite - 9U - Red,1,1,0,23,21,0.5,6
1944,LC Legends,0,2,0,23,15,0.0,7
1944,Texas Elite Lobos - Gold,0,2,0,24,16,0.0,8
1944,Marucci Elite Texas - Holden,0,2,0,28,21,0.0,9
1945,SOUTH COAST CREAM X.,2,0,0,12,24,1.0,1
1945,Marucci Elite Texas - Holden,1,0,1,15,17,0.75,2
1945,Houston Bandits 9u,1,1,0,12,12,0.5,3
1945,LC Legends,1,1,0,13,15,0.5,4
1945,Banditos 9U Texas,1,1,0,14,13,0.5,5
1945,Texans,1,1,0,16,15,0.5,6
1945,Katy Bombers 9U,1,1,0,20,16,0.5,7
1945,Lamar Elite - 9U - Red,0,1,1,17,15,0.25,8
1945,Texas Elite Lobos - Gold,0,2,0,24,16,0.0,9
1946,Houston Bandits 9u,2,0,0,7,17,1.0,1
1946,SOUTH COAST CREAM X.,2,0,0,12,24,1.0,2
1946,Texans,2,0,0,16,22,1.0,3
1946,Marucci Elite Texas - Holden,1,1,0,15,13,0.5,4
1946,Banditos 9U Texas,1,1,0,16,15,0.5,5
1946,Katy Bombers 9U,1,1,0,20,16,0.5,6
1946,LC Legends,0,2,0,18,13,0.0,7
1946,Lamar Elite - 9U - Red,0,2,0,19,11,0.0,8
1946,Texas Elite Lobos - Gold,0,2,0,24,16,0.0,9
1947,SOUTH COAST CREAM X.,2,0,0,12,24,1.0,1
1947,Banditos 9U Texas,1,0,1,14,18,0.75,2
1947,Texans,1,0,1,21,23,0.75,3
1947,Lamar Elite - 9U - Red,1,1,0,14,15,0.5,4
1947,Marucci Elite Texas - Holden,1,1,0,17,16,0.5,5
1947,Houston Bandits 9u,1,1,0,19,19,0.5,6
1947,Katy Bombers 9U,1,1,0,20,16,0.5,7
1947,LC Legends,0,2,0,21,15,0.0,8
1947,Texas Elite Lobos - Gold,0,2,0,24,16,0.0,9
1948,SOUTH COAST CREAM X.,2,0,0,12,24,1.0,1
1948,Lamar Elite - 9U - Red,2,0,0,16,28,1.0,2
1948,LC Legends,1,1,0,19,23,0.5,3
1948,Banditos 9U Texas,1,1,0,19,18,0.5,4
1948,Katy Bombers 9U,1,1,0,20,16,0.5,5
1948,Houston Bandits 9u,1,1,0,23,17,0.5,6
1948,Texans,1,1,0,29,26,0.5,7
1948,Texas Elite Lobos - Gold,0,2,0,24,16,0.0,8
1948,Marucci Elite Texas - Holden,0,2,0,25,19,0.0,9
1949,SOUTH COAST CREAM X.,2,0,0,12,24,1.0,1
1949,Houston Bandits 9u,2,0,0,19,25,1.0,2
1949,Banditos 9U Texas,1,0,1,14,18,0.75,3
1949,Texans,1,0,1,18,25,0.75,4
1949,Lamar Elite - 9U - Red,1,1,0,20,20,0.5,5
1949,Katy Bombers 9U,1,1,0,20,16,0.5,6
1949,Marucci Elite Texas - Holden,0,2,0,22,16,0.0,7
1949,LC Legends,0,2,0,23,12,0.0,8
1949,Texas Elite Lobos - Gold,0,2,0,24,16,0.0,9
1950,SOUTH COAST CREAM X.,2,0,0,12,24,1.0,1
1950,Banditos 9U Texas,2,0,0,13,19,1.0,2
1950,Marucci Elite Texas - Holden,2,0,0,15,25,1.0,3
1950,LC Legends,1,1,0,14,12,0.5,4
1950,Katy Bombers 9U,1,1,0,20,16,0.5,5
1950,Lamar Elite - 9U - Red,1,1,0,25,19,0.5,6
1950,Texans,0,2,0,19,15,0.0,7
1950,Houston Bandits 9u,0,2,0,21,17,0.0,8
1950,Texas Elite Lobos - Gold,0,2,0,24,16,0.0,9
1951,Banditos 9U Texas,2,0,0,8,13,1.0,1
1951,SOUTH COAST CREAM X.,2,0,0,12,24,1.0,2
1951,Marucci Elite Texas - Holden,2,0,0,12,21,1.0,3
1951,LC Legends,1,1,0,13,14,0.5,4
1951,Houston Bandits 9u,1,1,0,17,17,0.5,5
1951,Katy Bombers 9U,1,1,0,20,16,0.5,6
1951,Texans,0,2,0,15,9,0.0,7
1951,Lamar Elite - 9U - Red,0,2,0,22,13,0.0,8
1951,Texas Elite Lobos - Gold,0,2,0,24,16,0.0,9
1952,SOUTH COAST CREAM X.,2,0,0,12,24,1.0,1
1952,Texans,2,0,0,18,21,1.0,2
1952,Banditos 9U Texas,1,1,0,14,17,0.5,3
1952,Houston Bandits 9u,1,1,0,20,20,0.5,4
1952,Katy Bombers 9U,1,1,0,20,16,0.5,5
1952,Lamar Elite - 9U - Red,1,1,0,21,20,0.5,6
1952,Marucci Elite Texas - Holden,1,1,0,23,24,0.5,7
1952,LC Legends,0,2,0,19,13,0.0,8
1952,Texas Elite Lobos - Gold,0,2,0,24,16,0.0,9
1953,Lamar Elite - 9U - Red,2,0,0,11,28,1.0,1
1953,SOUTH COAST CREAM X.,2,0,0,12,24,1.0,2
1953,Banditos 9U Texas,2,0,0,13,24,1.0,3
1953,Marucci Elite Texas - Holden,1,1,0,13,15,0.5,4
1953,Katy Bombers 9U,1,1,0,20,16,0.5,5
1953,LC Legends,0,1,1,19,15,0.25,6
1953,Texans,0,1,1,27,20,0.25,7
1953,Texas Elite Lobos - Gold,0,2,0,24,16,0.0,8
1953,Houston Bandits 9u,0,2,0,27,8,0.0,9
1954,SOUTH COAST CREAM X.,2,0,0,12,24,1.0,1
1954,Banditos 9U Texas,2,0,0,13,21,1.0,2
1954,LC Legends,1,1,0,17,14,0.5,3
1954,Marucci Elite Texas - Holden,1,1,0,18,19,0.5,4
1954,Houston Bandits 9u,1,1,0,19,20,0.5,5
1954,Lamar Elite - 9U - Red,1,1,0,19,17,0.5,6
1954,Katy Bombers 9U,1,1,0,20,16,0.5,7
1954,Texans,0,2,0,23,18,0.0,8
1954,Texas Elite Lobos - Gold,0,2,0,24,16,0.0,9
1955,SOUTH COAST CREAM X.,2,0,0,12,24,1.0,1
1955,Houston Bandits 9u,2,0,0,16,21,1.0,2
1955,Texans,2,0,0,17,22,1.0,3
1955,Banditos 9U Texas,1,1,0,14,14,0.5,4
1955,Marucci Elite Texas - Holden,1,1,0,19,19,0.5,5
1955,Katy Bombers 9U,1,1,0,20,16,0.5,6
1955,LC Legends,0,2,0,20,15,0.0,7
1955,Lamar Elite - 9U - Red,0,2,0,24,19,0.0,8
1955,Texas Elite Lobos - Gold,0,2,0,24,16,0.0,9
1956,SOUTH COAST CREAM X.,2,0,0,12,24,1.0,1
1956,Banditos 9U Texas,2,0,0,12,18,1.0,2
1956,LC Legends,1,1,0,14,11,0.5,3
1956,Houston Bandits 9u,1,1,0,18,19,0.5,4
1956,Katy Bombers 9U,1,1,0,20,16,0.5,5
1956,Marucci Elite Texas - Holden,1,1,0,21,19,0.5,6
1956,Lamar Elite - 9U - Red,1,1,0,23,24,0.5,7
1956,Texans,0,2,0,17,14,0.0,8
1956,Texas Elite Lobos - Gold,0,2,0,24,16,0.0,9
1957,SOUTH COAST CREAM X.,2,0,0,12,24,1.0,1
1957,Houston Bandits 9u,1,1,0,14,18,0.5,2
1957,Marucci Elite Texas - Holden,1,1,0,15,13,0.5,3
1957,Lamar Elite - 9U - Red,1,1,0,15,13,0.5,4
1957,Banditos 9U Texas,1,1,0,17,15,0.5,5
1957,LC Legends,1,1,0,19,19,0.5,6
1957,Katy Bombers 9U,1,1,0,20,16,0.5,7
1957,Texans,1,1,0,22,24,0.5,8
1957,Texas Elite Lobos - Gold,0,2,0,24,16,0.0,9
1958,SOUTH COAST CREAM X.,2,0,0,12,24,1.0,1
1958,Banditos 9U Texas,2,0,0,15,20,1.0,2
1958,Houston Bandits 9u,2,0,0,16,21,1.0,3
1958,LC Legends,1,1,0,18,18,0.5,4
1958,Lamar Elite - 9U - Red,1,1,0,20,19,0.5,5
1958,Katy Bombers 9U,1,1,0,20,16,0.5,6
1958,Marucci Elite Texas - Holden,0,2,0,20,16,0.0,7
1958,Texas Elite Lobos - Gold,0,2,0,24,16,0.0,8
1958,Texans,0,2,0,26,21,0.0,9
1959,SOUTH COAST CREAM X.,2,0,0,12,24,1.0,1
1959,Banditos 9U Texas,1,1,0,14,14,0.5,2
1959,Marucci Elite Texas - Holden,1,1,0,16,19,0.5,3
1959,Texans,1,1,0,17,19,0.5,4
1959,LC Legends,1,1,0,17,15,0.5,5
1959,Houston Bandits 9u,1,1,0,18,19,0.5,6
1959,Lamar Elite - 9U - Red,1,1,0,20,16,0.5,7
1959,Katy Bombers 9U,1,1,0,20,16,0.5,8
1959,Texas Elite Lobos - Gold,0,2,0,24,16,0.0,9
1960,SOUTH COAST CREAM X.,2,0,0,12,24,1.0,1
1960,Houston Bandits 9u,1,0,1,20,22,0.75,2
1960,Marucci Elite Texas - Holden,1,0,1,21,22,0.75,3
1960,Banditos 9U Texas,1,1,0,17,18,0.5,4
1960,LC Legends,1,1,0,17,14,0.5,5
1960,Texans,1,1,0,20,22,0.5,6
1960,Katy Bombers 9U,1,1,0,20,16,0.5,7
1960,Lamar Elite - 9U - Red,0,2,0,22,19,0.0,8
1960,Texas Elite Lobos - Gold,0,2,0,24,16,0.0,9
1961,SOUTH COAST CREAM X.,2,0,0,12,24,1.0,1
1961,Banditos 9U Texas,2,0,0,16,21,1.0,2
1961,Lamar Elite - 9U - Red,1,1,0,18,23,0.5,3
1961,Houston Bandits 9u,1,1,0,19,18,0.5,4
1961,Katy Bombers 9U,1,1,0,20,16,0.5,5
1961,Texans,1,1,0,21,27,0.5,6
1961,Marucci Elite Texas - Holden,1,1,0,24,20,0.5,7
1961,LC Legends,0,2,0,23,12,0.0,8
1961,Texas Elite Lobos - Gold,0,2,0,24,16,0.0,9
1962,SOUTH COAST CREAM X.,2,0,0,12,24,1.0,1
1962,Banditos 9U Texas,2,0,0,12,20,1.0,2
1962,Marucci Elite Texas - Holden,2,0,0,19,24,1.0,3
1962,Lamar Elite - 9U - Red,1,1,0,17,20,0.5,4
1962,LC Legends,1,1,0,18,15,0.5,5
1962,Katy Bombers 9U,1,1,0,20,16,0.5,6
1962,Houston Bandits 9u,0,2,0,22,14,0.0,7
1962,Texans,0,2,0,23,18,0.0,8
1962,Texas Elite Lobos - Gold,0,2,0,24,16,0.0,9
1963,SOUTH COAST CREAM X.,2,0,0,12,24,1.0,1
1963,Banditos 9U Texas,1,0,1,16,20,0.75,2
1963,Texans,1,0,1,22,23,0.75,3
1963,Marucci Elite Texas - Holden,1,1,0,17,17,0.5,4
1963,Houston Bandits 9u,1,1,0,20,23,0.5,5
1963,Katy Bombers 9U,1,1,0,20,16,0.5,6
1963,Lamar Elite - 9U - Red,1,1,0,24,21,0.5,7
1963,LC Legends,0,2,0,19,14,0.0,8
1963,Texas Elite Lobos - Gold,0,2,0,24,16,0.0,9
1964,SOUTH COAST CREAM X.,2,0,0,12,24,1.0,1
1964,Houston Bandits 9u,2,0,0,17,21,1.0,2
1964,Banditos 9U Texas,1,1,0,9,12,0.5,3
1964,Texans,1,1,0,11,10,0.5,4
1964,LC Legends,1,1,0,13,11,0.5,5
1964,Katy Bombers 9U,1,1,0,20,16,0.5,6
1964,Marucci Elite Texas - Holden,0,1,1,18,17,0.25,7
1964,Lamar Elite - 9U - Red,0,1,1,23,20,0.25,8
1964,Texas Elite Lobos - Gold,0,2,0,24,16,0.0,9
1965,Banditos 9U Texas,2,0,0,10,17,1.0,1
1965,SOUTH COAST CREAM X.,2,0,0,12,24,1.0,2
1965,Houston Bandits 9u,2,0,0,18,29,1.0,3
1965,LC Legends,1,1,0,20,17,0.5,4
1965,Katy Bombers 9U,1,1,0,20,16,0.5,5
1965,Lamar Elite - 9U - Red,1,1,0,28,23,0.5,6
1965,Texans,0,2,0,22,18,0.0,7
1965,Marucci Elite Texas - Holden,0,2,0,23,17,0.0,8
1965,Texas Elite Lobos - Gold,0,2,0,24,16,0.0,9
1966,SOUTH COAST CREAM X.,2,0,0,12,24,1.0,1
1966,Banditos 9U Texas,2,0,0,12,18,1.0,2
1966,Lamar Elite - 9U - Red,1,0,1,15,17,0.75,3
1966,Marucci Elite Texas - Holden,1,1,0,15,20,0.5,4
1966,Texans,1,1,0,19,20,0.5,5
1966,Katy Bombers 9U,1,1,0,20,16,0.5,6
1966,Houston Bandits 9u,0,1,1,23,16,0.25,7
1966,LC Legends,0,2,0,20,13,0.0,8
1966,Texas Elite Lobos - Gold,0,2,0,24,16,0.0,9
1967,SOUTH COAST CREAM X.,2,0,0,12,24,1.0,1
1967,Marucci Elite Texas - Holden,2,0,0,14,20,1.0,2
1967,Texans,2,0,0,18,20,1.0,3
1967,Banditos 9U Texas,1,1,0,15,18,0.5,4
1967,Lamar Elite - 9U - Red,1,1,0,15,14,0.5,5
1967,Katy Bombers 9U,1,1,0,20,16,0.5,6
1967,Houston Bandits 9u,0,2,0,16,11,0.0,7
1967,LC Legends,0,2,0,17,12,0.0,8
1967,Texas Elite Lobos - Gold,0,2,0,24,16,0.0,9
1968,Banditos 9U Texas,2,0,0,11,18,1.0,1
1968,SOUTH COAST CREAM X.,2,0,0,12,24,1.0,2
1968,Marucci Elite Texas - Holden,2,0,0,19,31,1.0,3
1968,Katy Bombers 9U,1,1,0,20,16,0.5,4
1968,Houston Bandits 9u,1,1,0,21,18,0.5,5
1968,LC Legends,0,1,1,17,13,0.25,6
1968,Texans,0,1,1,19,16,0.25,7
1968,Lamar Elite - 9U - Red,0,2,0,23,14,0.0,8
1968,Texas Elite Lobos - Gold,0,2,0,24,16,0.0,9
1969,Banditos 9U Texas,2,0,0,10,15,1.0,1
1969,SOUTH COAST CREAM X.,2,0,0,12,24,1.0,2
1969,Lamar Elite - 9U - Red,2,0,0,17,19,1.0,3
1969,LC Legends,1,1,0,13,18,0.5,4
1969,Marucci Elite Texas - Holden,1,1,0,17,19,0.5,5
1969,Katy Bombers 9U,1,1,0,20,16,0.5,6
1969,Houston Bandits 9u,0,2,0,19,15,0.0,7
1969,Texans,0,2,0,21,11,0.0,8
1969,Texas Elite Lobos - Gold,0,2,0,24,16,0.0,9
1970,SOUTH COAST CREAM X.,2,0,0,12,24,1.0,1
1970,Banditos 9U Texas,2,0,0,15,23,1.0,2
1970,Lamar Elite - 9U - Red,1,0,1,15,17,0.75,3
1970,Marucci Elite Texas - Holden,1,1,0,19,20,0.5,4
1970,Katy Bombers 9U,1,1,0,20,16,0.5,5
1970,Texans,1,1,0,22,20,0.5,6
1970,Houston Bandits 9u,0,1,1,19,16,0.25,7
1970,LC Legends,0,2,0,17,11,0.0,8
1970,Texas Elite Lobos - Gold,0,2,0,24,16,0.0,9
1971,SOUTH COAST CREAM X.,2,0,0,12,24,1.0,1
1971,Banditos 9U Texas,2,0,0,12,18,1.0,2
1971,Lamar Elite - 9U - Red,1,1,0,20,18,0.5,3
1971,Katy Bombers 9U,1,1,0,20,16,0.5,4
1971,Houston Bandits 9u,1,1,0,23,24,0.5,5
1971,Marucci Elite Texas - Holden,1,1,0,25,26,0.5,6
1971,LC Legends,0,1,1,21,17,0.25,7
1971,Texans,0,1,1,23,21,0.25,8
1971,Texas Elite Lobos - Gold,0,2,0,24,16,0.0,9
1972,SOUTH COAST CREAM X.,2,0,0,12,24,1.0,1
1972,Houston Bandits 9u,1,0,1,15,17,0.75,2
1972,Lamar Elite - 9U - Red,1,1,0,10,15,0.5,3
1972,LC Legends,1,1,0,12,14,0.5,4
1972,Banditos 9U Texas,1,1,0,15,18,0.5,5
1972,Katy Bombers 9U,1,1,0,20,16,0.5,6
1972,Texans,1,1,0,20,15,0.5,7
1972,Marucci Elite Texas - Holden,0,1,1,22,15,0.25,8
1972,Texas Elite Lobos - Gold,0,2,0,24,16,0.0,9
1973,SOUTH COAST CREAM X.,2,0,0,12,24,1.0,1
1973,Houston Bandits 9u,2,0,0,14,20,1.0,2
1973,Banditos 9U Texas,1,0,1,12,16,0.75,3
1973,LC Legends,1,1,0,18,18,0.5,4
1973,Katy Bombers 9U,1,1,0,20,16,0.5,5
1973,Marucci Elite Texas - Holden,1,1,0,21,20,0.5,6
1973,Texans,0,1,1,22,18,0.25,7
1973,Lamar Elite - 9U - Red,0,2,0,20,15,0.0,8
1973,Texas Elite Lobos - Gold,0,2,0,24,16,0.0,9
1974,SOUTH COAST CREAM X.,2,0,0,12,24,1.0,1
1974,Lamar Elite - 9U - Red,1,1,0,14,22,0.5,2
1974,Banditos 9U Texas,1,1,0,14,13,0.5,3
1974,LC Legends,1,1,0,15,16,0.5,4
1974,Texans,1,1,0,17,17,0.5,5
1974,Houston Bandits 9u,1,1,0,17,16,0.5,6
1974,Marucci Elite Texas - Holden,1,1,0,17,10,0.5,7
1974,Katy Bombers 9U,1,1,0,20,16,0.5,8
1974,Texas Elite Lobos - Gold,0,2,0,24,16,0.0,9
1975,SOUTH COAST CREAM X.,2,0,0,12,24,1.0,1
1975,Texans,2,0,0,19,23,1.0,2
1975,Lamar Elite - 9U - Red,1,1,0,14,20,0.5,3
1975,Banditos 9U Texas,1,1,0,14,15,0.5,4
1975,Houston Bandits 9u,1,1,0,17,11,0.5,5
1975,Marucci Elite Texas - Holden,1,1,0,18,18,0.5,6
1975,Katy Bombers 9U,1,1,0,20,16,0.5,7
1975,LC Legends,0,2,0,21,16,0.0,8
1975,Texas Elite Lobos - Gold,0,2,0,24,16,0.0,9
1976,Banditos 9U Texas,2,0,0,10,16,1.0,1
1976,SOUTH COAST CREAM X.,2,0,0,12,24,1.0,2
1976,Houston Bandits 9u,2,0,0,12,16,1.0,3
1976,Texans,1,1,0,14,16,0.5,4
1976,Katy Bombers 9U,1,1,0,20,16,0.5,5
1976,Lamar Elite - 9U - Red,0,1,1,15,14,0.25,6
1976,Marucci Elite Texas - Holden,0,1,1,17,14,0.25,7
1976,LC Legends,0,2,0,18,10,0.0,8
1976,Texas Elite Lobos - Gold,0,2,0,24,16,0.0,9
1977,SOUTH COAST CREAM X.,2,0,0,12,24,1.0,1
1977,Texans,2,0,0,19,26,1.0,2
1977,Banditos 9U Texas,1,1,0,17,15,0.5,3
1977,Lamar Elite - 9U - Red,1,1,0,18,22,0.5,4
1977,Marucci Elite Texas - Holden,1,1,0,20,20,0.5,5
1977,Katy Bombers 9U,1,1,0,20,16,0.5,6
1977,Houston Bandits 9u,1,1,0,23,19,0.5,7
1977,LC Legends,0,2,0,21,16,0.0,8
1977,Texas Elite Lobos - Gold,0,2,0,24,16,0.0,9
1978,SOUTH COAST CREAM X.,2,0,0,12,24,1.0,1
1978,Banditos 9U Texas,2,0,0,12,18,1.0,2
1978,Houston Bandits 9u,2,0,0,16,28,1.0,3
1978,Katy Bombers 9U,1,1,0,20,16,0.5,4
1978,Marucci Elite Texas - Holden,1,1,0,26,24,0.5,5
1978,LC Legends,0,1,1,18,14,0.25,6
1978,Texans,0,1,1,20,18,0.25,7
1978,Texas Elite Lobos - Gold,0,2,0,24,16,0.0,8
1978,Lamar Elite - 9U - Red,0,2,0,28,18,0.0,9
1979,Houston Bandits 9u,2,0,0,11,22,1.0,1
1979,SOUTH COAST CREAM X.,2,0,0,12,24,1.0,2
1979,Banditos 9U Texas,2,0,0,12,19,1.0,3
1979,Lamar Elite - 9U - Red,1,1,0,15,15,0.5,4
1979,Texans,1,1,0,18,22,0.5,5
1979,Katy Bombers 9U,1,1,0,20,16,0.5,6
1979,Marucci Elite Texas - Holden,0,2,0,22,11,0.0,7
1979,LC Legends,0,2,0,22,11,0.0,8
1979,Texas Elite Lobos - Gold,0,2,0,24,16,0.0,9
1980,SOUTH COAST CREAM X.,2,0,0,12,24,1.0,1
1980,Banditos 9U Texas,1,0,1,14,18,0.75,2
1980,Marucci Elite Texas - Holden,1,0,1,16,17,0.75,3
1980,LC Legends,1,1,0,11,11,0.5,4
1980,Lamar Elite - 9U - Red,1,1,0,13,20,0.5,5
1980,Katy Bombers 9U,1,1,0,20,16,0.5,6
1980,Texans,0,1,1,17,13,0.25,7
1980,Houston Bandits 9u,0,1,1,20,12,0.25,8
1980,Texas Elite Lobos - Gold,0,2,0,24,16,0.0,9
1981,SOUTH COAST CREAM X.,2,0,0,12,24,1.0,1
1981,Lamar Elite - 9U - Red,2,0,0,20,27,1.0,2
1981,Texans,1,1,0,14,17,0.5,3
1981,LC Legends,1,1,0,14,12,0.5,4
1981,Banditos 9U Texas,1,1,0,15,14,0.5,5
1981,Katy Bombers 9U,1,1,0,20,16,0.5,6
1981,Marucci Elite Texas - Holden,1,1,0,22,23,0.5,7
1981,Texas Elite Lobos - Gold,0,2,0,24,16,0.0,8
1981,Houston Bandits 9u,0,2,0,27,19,0.0,9
1982,SOUTH COAST CREAM X.,2,0,0,12,24,1.0,1
1982,Lamar Elite - 9U - Red,1,0,1,17,22,0.75,2
1982,Houston Bandits 9u,1,0,1,18,19,0.75,3
1982,Texans,1,0,1,21,24,0.75,4
1982,Banditos 9U Texas,1,1,0,17,18,0.5,5
1982,Katy Bombers 9U,1,1,0,20,16,0.5,6
1982,LC Legends,0,1,1,19,15,0.25,7
1982,Marucci Elite Texas - Holden,0,2,0,21,15,0.0,8
1982,Texas Elite Lobos - Gold,0,2,0,24,16,0.0,9
1983,SOUTH COAST CREAM X.,2,0,0,12,24,1.0,1
1983,Texans,2,0,0,17,25,1.0,2
1983,Houston Bandits 9u,1,0,1,15,17,0.75,3
1983,Marucci Elite Texas - Holden,1,1,0,15,18,0.5,4
1983,Banditos 9U Texas,1,1,0,18,18,0.5,5
1983,Katy Bombers 9U,1,1,0,20,16,0.5,6
1983,Lamar Elite - 9U - Red,0,1,1,17,12,0.25,7
1983,LC Legends,0,2,0,19,11,0.0,8
1983,Texas Elite Lobos - Gold,0,2,0,24,16,0.0,9
1984,Lamar Elite - 9U - Red,2,0,0,9,19,1.0,1
1984,Banditos 9U Texas,2,0,0,10,15,1.0,2
1984,SOUTH COAST CREAM X.,2,0,0,12,24,1.0,3
1984,Texans,1,1,0,13,15,0.5,4
1984,Houston Bandits 9u,1,1,0,17,13,0.5,5
1984,Katy Bombers 9U,1,1,0,20,16,0.5,6
1984,LC Legends,0,2,0,17,10,0.0,7
1984,Marucci Elite Texas - Holden,0,2,0,18,12,0.0,8
1984,Texas Elite Lobos - Gold,0,2,0,24,16,0.0,9
1985,SOUTH COAST CREAM X.,2,0,0,12,24,1.0,1
1985,Texans,2,0,0,14,22,1.0,2
1985,Lamar Elite - 9U - Red,2,0,0,20,25,1.0,3
1985,Banditos 9U Texas,1,1,0,15,13,0.5,4
1985,Houston Bandits 9u,1,1,0,18,18,0.5,5
1985,Katy Bombers 9U,1,1,0,20,16,0.5,6
1985,LC Legends,0,2,0,19,13,0.0,7
1985,Marucci Elite Texas - Holden,0,2,0,21,16,0.0,8
1985,Texas Elite Lobos - Gold,0,2,0,24,16,0.0,9
1986,Banditos 9U Texas,2,0,0,11,24,1.0,1
1986,SOUTH COAST CREAM X.,2,0,0,12,24,1.0,2
1986,LC Legends,1,1,0,15,14,0.5,3
1986,Houston Bandits 9u,1,1,0,17,19,0.5,4
1986,Lamar Elite - 9U - Red,1,1,0,19,21,0.5,5
1986,Katy Bombers 9U,1,1,0,20,16,0.5,6
1986,Marucci Elite Texas - Holden,1,1,0,21,17,0.5,7
1986,Texas Elite Lobos - Gold,0,2,0,24,16,0.0,8
1986,Texans,0,2,0,26,14,0.0,9
1987,SOUTH COAST CREAM X.,2,0,0,12,24,1.0,1
1987,Banditos 9U Texas,2,0,0,13,21,1.0,2
1987,Marucci Elite Texas - Holden,2,0,0,16,18,1.0,3
1987,LC Legends,1,1,0,13,13,0.5,4
1987,Houston Bandits 9u,1,1,0,16,19,0.5,5
1987,Katy Bombers 9U,1,1,0,20,16,0.5,6
1987,Lamar Elite - 9U - Red,0,2,0,16,11,0.0,7
1987,Texans,0,2,0,22,14,0.0,8
1987,Texas Elite Lobos - Gold,0,2,0,24,16,0.0,9
1988,SOUTH COAST CREAM X.,2,0,0,12,24,1.0,1
1988,Banditos 9U Texas,1,0,1,16,20,0.75,2
1988,LC Legends,1,1,0,13,16,0.5,3
1988,Houston Bandits 9u,1,1,0,20,23,0.5,4
1988,Katy Bombers 9U,1,1,0,20,16,0.5,5
1988,Lamar Elite - 9U - Red,1,1,0,22,20,0.5,6
1988,Marucci Elite Texas - Holden,1,1,0,24,23,0.5,7
1988,Texans,0,1,1,24,17,0.25,8
1988,Texas Elite Lobos - Gold,0,2,0,24,16,0.0,9
1989,Banditos 9U Texas,2,0,0,10,16,1.0,1
1989,SOUTH COAST CREAM X.,2,0,0,12,24,1.0,2
1989,Marucci Elite Texas - Holden,1,0,1,16,17,0.75,3
1989,Lamar Elite - 9U - Red,1,0,1,23,25,0.75,4
1989,LC Legends,1,1,0,13,18,0.5,5
1989,Katy Bombers 9U,1,1,0,20,16,0.5,6
1989,Houston Bandits 9u,0,2,0,18,15,0.0,7
1989,Texans,0,2,0,22,11,0.0,8
1989,Texas Elite Lobos - Gold,0,2,0,24,16,0.0,9
1990,SOUTH COAST CREAM X.,2,0,0,12,24,1.0,1
1990,Houston Bandits 9u,2,0,0,23,31,1.0,2
1990,Banditos 9U Texas,1,1,0,14,17,0.5,3
1990,LC Legends,1,1,0,18,15,0.5,4
1990,Texans,1,1,0,20,20,0.5,5
1990,Katy Bombers 9U,1,1,0,20,16,0.5,6
1990,Marucci Elite Texas - Holden,1,1,0,26,22,0.5,7
1990,Lamar Elite - 9U - Red,0,2,0,24,20,0.0,8
1990,Texas Elite Lobos - Gold,0,2,0,24,16,0.0,9
1991,Banditos 9U Texas,2,0,0,8,15,1.0,1
1991,SOUTH COAST CREAM X.,2,0,0,12,24,1.0,2
1991,Texans,1,1,0,13,15,0.5,3
1991,Marucci Elite Texas - Holden,1,1,0,18,20,0.5,4
1991,Houston Bandits 9u,1,1,0,20,20,0.5,5
1991,Lamar Elite - 9U - Red,1,1,0,20,18,0.5,6
1991,Katy Bombers 9U,1,1,0,20,16,0.5,7
1991,LC Legends,0,2,0,19,10,0.0,8
1991,Texas Elite Lobos - Gold,0,2,0,24,16,0.0,9
1992,Banditos 9U Texas,2,0,0,11,18,1.0,1
1992,SOUTH COAST CREAM X.,2,0,0,12,24,1.0,2
1992,Marucci Elite Texas - Holden,1,0,1,19,22,0.75,3
1992,Houston Bandits 9u,1,1,0,15,14,0.5,4
1992,Texans,1,1,0,17,16,0.5,5
1992,Katy Bombers 9U,1,1,0,20,16,0.5,6
1992,Lamar Elite - 9U - Red,0,1,1,21,19,0.25,7
1992,LC Legends,0,2,0,17,11,0.0,8
1992,Texas Elite Lobos - Gold,0,2,0,24,16,0.0,9
1993,SOUTH COAST CREAM X.,2,0,0,12,24,1.0,1
1993,Marucci Elite Texas - Holden,2,0,0,18,27,1.0,2
1993,Texans,1,1,0,13,18,0.5,3
1993,Banditos 9U Texas,1,1,0,14,11,0.5,4
1993,LC Legends,1,1,0,16,14,0.5,5
1993,Lamar Elite - 9U - Red,1,1,0,18,22,0.5,6
1993,Katy Bombers 9U,1,1,0,20,16,0.5,7
1993,Texas Elite Lobos - Gold,0,2,0,24,16,0.0,8
1993,Houston Bandits 9u,0,2,0,26,13,0.0,9
1994,SOUTH COAST CREAM X.,2,0,0,12,24,1.0,1
1994,Banditos 9U Texas,2,0,0,14,25,1.0,2
1994,Katy Bombers 9U,1,1,0,20,16,0.5,3
1994,Houston Bandits 9u,1,1,0,22,23,0.5,4
1994,Lamar Elite - 9U - Red,1,1,0,22,20,0.5,5
1994,Marucci Elite Texas - Holden,1,1,0,23,24,0.5,6
1994,Texans,1,1,0,27,27,0.5,7
1994,Texas Elite Lobos - Gold,0,2,0,24,16,0.0,8
1994,LC Legends,0,2,0,25,14,0.0,9
1995,Banditos 9U Texas,2,0,0,11,16,1.0,1
1995,SOUTH COAST CREAM X.,2,0,0,12,24,1.0,2
1995,Lamar Elite - 9U - Red,2,0,0,14,21,1.0,3
1995,LC Legends,1,1,0,16,15,0.5,4
1995,Katy Bombers 9U,1,1,0,20,16,0.5,5
1995,Houston Bandits 9u,1,1,0,23,22,0.5,6
1995,Texans,0,2,0,19,15,0.0,7
1995,Marucci Elite Texas - Holden,0,2,0,20,14,0.0,8
1995,Texas Elite Lobos - Gold,0,2,0,24,16,0.0,9
1996,SOUTH COAST CREAM X.,2,0,0,12,24,1.0,1
1996,Houston Bandits 9u,2,0,0,13,21,1.0,2
1996,Banditos 9U Texas,2,0,0,13,18,1.0,3
1996,Lamar Elite - 9U - Red,1,1,0,11,16,0.5,4
1996,LC Legends,1,1,0,15,14,0.5,5
1996,Katy Bombers 9U,1,1,0,20,16,0.5,6
1996,Texans,0,2,0,20,16,0.0,7
1996,Texas Elite Lobos - Gold,0,2,0,24,16,0.0,8
1996,Marucci Elite Texas - Holden,0,2,0,24,11,0.0,9
1997,SOUTH COAST CREAM X.,2,0,0,12,24,1.0,1
1997,Banditos 9U Texas,2,0,0,12,17,1.0,2
1997,Houston Bandits 9u,1,1,0,11,16,0.5,3
1997,Marucci Elite Texas - Holden,1,1,0,12,11,0.5,4
1997,Lamar Elite - 9U - Red,1,1,0,14,10,0.5,5
1997,Texans,1,1,0,15,19,0.5,6
1997,Katy Bombers 9U,1,1,0,20,16,0.5,7
1997,LC Legends,0,2,0,19,10,0.0,8
1997,Texas Elite Lobos - Gold,0,2,0,24,16,0.0,9
1998,SOUTH COAST CREAM X.,2,0,0,12,24,1.0,1
1998,Houston Bandits 9u,2,0,0,13,18,1.0,2
1998,Banditos 9U Texas,1,0,1,14,18,0.75,3
1998,Texans,1,0,1,20,21,0.75,4
1998,Lamar Elite - 9U - Red,1,1,0,11,17,0.5,5
1998,Katy Bombers 9U,1,1,0,20,16,0.5,6
1998,LC Legends,0,2,0,19,14,0.0,7
1998,Marucci Elite Texas - Holden,0,2,0,22,11,0.0,8
1998,Texas Elite Lobos - Gold,0,2,0,24,16,0.0,9
1999,SOUTH COAST CREAM X.,2,0,0,12,24,1.0,1
1999,Houston Bandits 9u,1,0,1,20,23,0.75,2
1999,Texans,1,1,0,17,24,0.5,3
1999,LC Legends,1,1,0,17,14,0.5,4
1999,Banditos 9U Texas,1,1,0,19,15,0.5,5
1999,Marucci Elite Texas - Holden,1,1,0,20,19,0.5,6
1999,Katy Bombers 9U,1,1,0,20,16,0.5,7
1999,Lamar Elite - 9U - Red,0,1,1,27,25,0.25,8
1999,Texas Elite Lobos - Gold,0,2,0,24,16,0.0,9
2000,SOUTH COAST CREAM X.,2,0,0,12,24,1.0,1
2000,Houston Bandits 9u,1,1,0,16,17,0.5,2
2000,Banditos 9U Texas,1,1,0,16,14,0.5,3
2000,Lamar Elite - 9U - Red,1,1,0,17,20,0.5,4
2000,LC Legends,1,1,0,17,17,0.5,5
2000,Texans,1,1,0,19,21,0.5,6
2000,Marucci Elite Texas - Holden,1,1,0,19,15,0.5,7
2000,Katy Bombers 9U,1,1,0,20,16,0.5,8
2000,Texas Elite Lobos - Gold,0,2,0,24,16,0.0,9
